originated_ip,uid,connection.uid,connection.conn_state,connection.duration,connection.orig_bytes,connection.orig_ip_bytes,connection.orig_p,connection.orig_pkts,connection.proto,connection.resp_bytes,connection.resp_ip_bytes,connection.resp_p,connection.resp_pkts,connection.service,connection.ts,responded_ip,dns_count,ssh_count,http_count,ssl_count,files_count,dns_qtype,dns_rcode,ssh_auth_attempts,ssh_host_key,http_method,http_status_code,http_user_agent,ssl_version,ssl_cipher,ssl_curve,ssl_validation_status,files_source,file_md5,dns_dicts,ssh_dicts,http_dicts,ssl_dicts,files_dicts
104.16.85.20,0x49418,CJsJ1p4cDPDHMJ21h7,RSTO,66.435557,533,985,1411,11,tcp,3885,4257,443,9,ssl,2017-07-06T12:30:02.400537Z,192.168.10.9,0,0,0,1,4,[],[],[],[],[],[],[],['TLSv12'],['TLS_ECDHE_ECDSA_WITH_AES_128_GCM_SHA256'],[None],[None],['SSL'],"['c790a56c69cbaf0bf3f30a40d0a2aecc', 'f0e8a6acfac26ae48c8d2496ea590e68', '5e0e419b20ea575477f11b52e2c818e0', '1b1c344969eabd385cd676a5732327ac']",[],[],[],"[{'ssl.version': 'TLSv12', 'ssl.validation_status': None, 'ssl.curve': None, 'ssl.cipher': 'TLS_ECDHE_ECDSA_WITH_AES_128_GCM_SHA256', 'count': 1}]","[{'files.source': 'SSL', 'file.md5s': {'c790a56c69cbaf0bf3f30a40d0a2aecc', 'f0e8a6acfac26ae48c8d2496ea590e68', '5e0e419b20ea575477f11b52e2c818e0', '1b1c344969eabd385cd676a5732327ac'}, 'count': 4}]"
104.16.85.20,0x186a1d,CTfme81C8hgKxYb567,SF,0.237108,526,978,1412,11,tcp,3840,4252,443,10,ssl,2017-07-06T12:30:02.400673Z,192.168.10.9,0,0,0,1,4,[],[],[],[],[],[],[],['TLSv12'],['TLS_ECDHE_ECDSA_WITH_AES_128_GCM_SHA256'],[None],[None],['SSL'],"['c790a56c69cbaf0bf3f30a40d0a2aecc', 'f0e8a6acfac26ae48c8d2496ea590e68', '5e0e419b20ea575477f11b52e2c818e0', '1b1c344969eabd385cd676a5732327ac']",[],[],[],"[{'ssl.version': 'TLSv12', 'ssl.validation_status': None, 'ssl.curve': None, 'ssl.cipher': 'TLS_ECDHE_ECDSA_WITH_AES_128_GCM_SHA256', 'count': 1}]","[{'files.source': 'SSL', 'file.md5s': {'c790a56c69cbaf0bf3f30a40d0a2aecc', 'f0e8a6acfac26ae48c8d2496ea590e68', '5e0e419b20ea575477f11b52e2c818e0', '1b1c344969eabd385cd676a5732327ac'}, 'count': 4}]"
104.16.85.20,0x2625ca,Cx6ZASXecntYwaMy6,SF,0.248711,780,1352,1413,14,tcp,4683,5175,443,12,ssl,2017-07-06T12:30:02.400805Z,192.168.10.9,0,0,0,1,0,[],[],[],[],[],[],[],['TLSv12'],['TLS_ECDHE_ECDSA_WITH_AES_128_GCM_SHA256'],[None],[None],[],[],[],[],[],"[{'ssl.version': 'TLSv12', 'ssl.validation_status': None, 'ssl.curve': None, 'ssl.cipher': 'TLS_ECDHE_ECDSA_WITH_AES_128_GCM_SHA256', 'count': 1}]",[]
104.16.85.20,0x27ac59,C4xlGt4y4dFWCci8rl,SF,0.248888,772,1544,1414,19,tcp,14454,15266,443,20,ssl,2017-07-06T12:30:02.400951Z,192.168.10.9,0,0,0,1,4,[],[],[],[],[],[],[],['TLSv12'],['TLS_ECDHE_ECDSA_WITH_AES_128_GCM_SHA256'],[None],[None],['SSL'],"['c790a56c69cbaf0bf3f30a40d0a2aecc', '1b1c344969eabd385cd676a5732327ac', '5e0e419b20ea575477f11b52e2c818e0', 'f0e8a6acfac26ae48c8d2496ea590e68']",[],[],[],"[{'ssl.version': 'TLSv12', 'ssl.validation_status': None, 'ssl.curve': None, 'ssl.cipher': 'TLS_ECDHE_ECDSA_WITH_AES_128_GCM_SHA256', 'count': 1}]","[{'files.source': 'SSL', 'file.md5s': {'c790a56c69cbaf0bf3f30a40d0a2aecc', '1b1c344969eabd385cd676a5732327ac', '5e0e419b20ea575477f11b52e2c818e0', 'f0e8a6acfac26ae48c8d2496ea590e68'}, 'count': 4}]"
