originated_ip,uid,connection.uid,connection.conn_state,connection.duration,connection.orig_bytes,connection.orig_ip_bytes,connection.orig_p,connection.orig_pkts,connection.proto,connection.resp_bytes,connection.resp_ip_bytes,connection.resp_p,connection.resp_pkts,connection.service,connection.ts,responded_ip,dns_count,ssh_count,http_count,ssl_count,files_count,dns_qtype,dns_rcode,ssh_auth_attempts,ssh_host_key,http_method,http_status_code,http_user_agent,ssl_version,ssl_cipher,ssl_curve,ssl_validation_status,files_source,file_md5,dns_dicts,ssh_dicts,http_dicts,ssl_dicts,files_dicts
104.19.192.102,0xdc51f,Cfe3Ib20WbMdGm9tti,S1,0.098946,916,1376,52398,11,tcp,7561,8053,443,12,ssl,2017-07-06T13:29:59.483506Z,192.168.10.17,0,0,0,1,0,[],[],[],[],[],[],[],['TLSv12'],['TLS_ECDHE_ECDSA_WITH_AES_128_GCM_SHA256'],[None],[None],[],[],[],[],[],"[{'ssl.version': 'TLSv12', 'ssl.validation_status': None, 'ssl.curve': None, 'ssl.cipher': 'TLS_ECDHE_ECDSA_WITH_AES_128_GCM_SHA256', 'count': 1}]",[]
104.19.192.102,0x19f1d2,CXbeef1m1jzktmMHVd,RSTO,0.108637,499,871,49773,9,tcp,3848,4220,443,9,ssl,2017-07-06T12:39:03.147175Z,192.168.10.5,0,0,0,1,4,[],[],[],[],[],[],[],['TLSv12'],['TLS_ECDHE_ECDSA_WITH_AES_128_GCM_SHA256'],[None],[None],['SSL'],"['b09cf9cc426c197d16754e689ba1aaa0', 'c790a56c69cbaf0bf3f30a40d0a2aecc', '5e0e419b20ea575477f11b52e2c818e0', 'dc016cd80a249b277fcd1cb5ac85fca4']",[],[],[],"[{'ssl.version': 'TLSv12', 'ssl.validation_status': None, 'ssl.curve': None, 'ssl.cipher': 'TLS_ECDHE_ECDSA_WITH_AES_128_GCM_SHA256', 'count': 1}]","[{'files.source': 'SSL', 'file.md5s': {'b09cf9cc426c197d16754e689ba1aaa0', 'c790a56c69cbaf0bf3f30a40d0a2aecc', '5e0e419b20ea575477f11b52e2c818e0', 'dc016cd80a249b277fcd1cb5ac85fca4'}, 'count': 4}]"
104.19.192.102,0x2aba73,Cb1T79435t2GgkvNR7,SF,180.507965,944,1836,49772,22,tcp,11497,12429,443,23,ssl,2017-07-06T12:39:03.124171Z,192.168.10.5,0,0,0,1,4,[],[],[],[],[],[],[],['TLSv12'],['TLS_ECDHE_ECDSA_WITH_AES_128_GCM_SHA256'],[None],[None],['SSL'],"['c790a56c69cbaf0bf3f30a40d0a2aecc', '5e0e419b20ea575477f11b52e2c818e0', 'dc016cd80a249b277fcd1cb5ac85fca4', 'b09cf9cc426c197d16754e689ba1aaa0']",[],[],[],"[{'ssl.version': 'TLSv12', 'ssl.validation_status': None, 'ssl.curve': None, 'ssl.cipher': 'TLS_ECDHE_ECDSA_WITH_AES_128_GCM_SHA256', 'count': 1}]","[{'files.source': 'SSL', 'file.md5s': {'c790a56c69cbaf0bf3f30a40d0a2aecc', '5e0e419b20ea575477f11b52e2c818e0', 'dc016cd80a249b277fcd1cb5ac85fca4', 'b09cf9cc426c197d16754e689ba1aaa0'}, 'count': 4}]"
104.19.192.102,0x2aba7d,CX90jO1gl8R1WpQd8b,SF,180.971075,1049,2941,49783,47,tcp,82785,85517,443,68,ssl,2017-07-06T12:39:03.667463Z,192.168.10.5,0,0,0,1,4,[],[],[],[],[],[],[],['TLSv12'],['TLS_ECDHE_ECDSA_WITH_AES_128_GCM_SHA256'],[None],[None],['SSL'],"['b09cf9cc426c197d16754e689ba1aaa0', 'c790a56c69cbaf0bf3f30a40d0a2aecc', '5e0e419b20ea575477f11b52e2c818e0', 'dc016cd80a249b277fcd1cb5ac85fca4']",[],[],[],"[{'ssl.version': 'TLSv12', 'ssl.validation_status': None, 'ssl.curve': None, 'ssl.cipher': 'TLS_ECDHE_ECDSA_WITH_AES_128_GCM_SHA256', 'count': 1}]","[{'files.source': 'SSL', 'file.md5s': {'b09cf9cc426c197d16754e689ba1aaa0', 'c790a56c69cbaf0bf3f30a40d0a2aecc', '5e0e419b20ea575477f11b52e2c818e0', 'dc016cd80a249b277fcd1cb5ac85fca4'}, 'count': 4}]"
