originated_ip,uid,connection.uid,connection.conn_state,connection.duration,connection.orig_bytes,connection.orig_ip_bytes,connection.orig_p,connection.orig_pkts,connection.proto,connection.resp_bytes,connection.resp_ip_bytes,connection.resp_p,connection.resp_pkts,connection.service,connection.ts,responded_ip,dns_count,ssh_count,http_count,ssl_count,files_count,dns_qtype,dns_rcode,ssh_auth_attempts,ssh_host_key,http_method,http_status_code,http_user_agent,ssl_version,ssl_cipher,ssl_curve,ssl_validation_status,files_source,file_md5,dns_dicts,ssh_dicts,http_dicts,ssl_dicts,files_dicts
104.97.122.33,0x92f6f,CPWhKw4PUcUyHRyFaa,RSTR,115.318417,1727,2630,60135,22,tcp,4514,5498,443,21,ssl,2017-07-06T13:09:50.832623Z,192.168.10.14,0,0,0,1,3,[],[],[],[],[],[],[],['TLSv12'],['TLS_ECDHE_RSA_WITH_AES_256_GCM_SHA384'],[None],[None],['SSL'],"['2e7db2a31d0e3da4b25f49b9542a2e1a', '6b776fb099f13a48185df6db2826c5e9', '901103db6490bcba382e65f965386519']",[],[],[],"[{'ssl.version': 'TLSv12', 'ssl.validation_status': None, 'ssl.curve': None, 'ssl.cipher': 'TLS_ECDHE_RSA_WITH_AES_256_GCM_SHA384', 'count': 1}]","[{'files.source': 'SSL', 'file.md5s': {'2e7db2a31d0e3da4b25f49b9542a2e1a', '6b776fb099f13a48185df6db2826c5e9', '901103db6490bcba382e65f965386519'}, 'count': 3}]"
104.97.122.33,0x16eb37,C0lEFa2bfBskEfx7Sc,SF,236.376424,49061,51572,60130,62,tcp,12998,16118,443,72,ssl,2017-07-06T13:09:50.781207Z,192.168.10.14,0,0,0,1,3,[],[],[],[],[],[],[],['TLSv12'],['TLS_ECDHE_RSA_WITH_AES_256_GCM_SHA384'],[None],[None],['SSL'],"['2e7db2a31d0e3da4b25f49b9542a2e1a', '6b776fb099f13a48185df6db2826c5e9', '901103db6490bcba382e65f965386519']",[],[],[],"[{'ssl.version': 'TLSv12', 'ssl.validation_status': None, 'ssl.curve': None, 'ssl.cipher': 'TLS_ECDHE_RSA_WITH_AES_256_GCM_SHA384', 'count': 1}]","[{'files.source': 'SSL', 'file.md5s': {'2e7db2a31d0e3da4b25f49b9542a2e1a', '6b776fb099f13a48185df6db2826c5e9', '901103db6490bcba382e65f965386519'}, 'count': 3}]"
104.97.122.33,0x16eba3,C9Mtiv3ckmnoEsVJC5,RSTR,115.612371,909,2692,60637,44,tcp,72806,75110,443,54,ssl,2017-07-06T13:20:39.227552Z,192.168.10.14,0,0,0,1,0,[],[],[],[],[],[],[],['TLSv12'],['TLS_ECDHE_RSA_WITH_AES_256_GCM_SHA384'],[None],[None],[],[],[],[],[],"[{'ssl.version': 'TLSv12', 'ssl.validation_status': None, 'ssl.curve': None, 'ssl.cipher': 'TLS_ECDHE_RSA_WITH_AES_256_GCM_SHA384', 'count': 1}]",[]
104.97.122.33,0x2199b5,Cwrl6KM6TInfYvYFb,SF,5.346827,348,720,60132,9,tcp,4238,4610,443,9,ssl,2017-07-06T13:09:50.788873Z,192.168.10.14,0,0,0,1,3,[],[],[],[],[],[],[],['TLSv12'],['TLS_ECDHE_RSA_WITH_AES_256_GCM_SHA384'],[None],[None],['SSL'],"['2e7db2a31d0e3da4b25f49b9542a2e1a', '6b776fb099f13a48185df6db2826c5e9', '901103db6490bcba382e65f965386519']",[],[],[],"[{'ssl.version': 'TLSv12', 'ssl.validation_status': None, 'ssl.curve': None, 'ssl.cipher': 'TLS_ECDHE_RSA_WITH_AES_256_GCM_SHA384', 'count': 1}]","[{'files.source': 'SSL', 'file.md5s': {'2e7db2a31d0e3da4b25f49b9542a2e1a', '6b776fb099f13a48185df6db2826c5e9', '901103db6490bcba382e65f965386519'}, 'count': 3}]"
