originated_ip,uid,connection.uid,connection.conn_state,connection.duration,connection.orig_bytes,connection.orig_ip_bytes,connection.orig_p,connection.orig_pkts,connection.proto,connection.resp_bytes,connection.resp_ip_bytes,connection.resp_p,connection.resp_pkts,connection.service,connection.ts,responded_ip,dns_count,ssh_count,http_count,ssl_count,files_count,dns_qtype,dns_rcode,ssh_auth_attempts,ssh_host_key,http_method,http_status_code,http_user_agent,ssl_version,ssl_cipher,ssl_curve,ssl_validation_status,files_source,file_md5,dns_dicts,ssh_dicts,http_dicts,ssl_dicts,files_dicts
157.240.2.7,0xf4ab4,CqYTrU2FZQo4T2Zsmg,RSTO,13.202746,1725,2137,60790,10,tcp,490,822,443,8,ssl,2017-07-06T13:26:03.648941Z,192.168.10.14,0,0,0,1,0,[],[],[],[],[],[],[],['TLSv12'],['TLS_ECDHE_RSA_WITH_AES_128_GCM_SHA256'],[None],[None],[],[],[],[],[],"[{'ssl.version': 'TLSv12', 'ssl.validation_status': None, 'ssl.curve': None, 'ssl.cipher': 'TLS_ECDHE_RSA_WITH_AES_128_GCM_SHA256', 'count': 1}]",[]
157.240.2.7,0x1e8873,Cq0Eb51rryu243avDl,SF,0.255609,524,936,2225,10,tcp,4119,4571,443,11,ssl,2017-07-06T13:01:30.675884Z,192.168.10.9,0,0,0,1,0,[],[],[],[],[],[],[],['TLSv12'],['TLS_ECDHE_RSA_WITH_AES_128_GCM_SHA256'],[None],[None],[],[],[],[],[],"[{'ssl.version': 'TLSv12', 'ssl.validation_status': None, 'ssl.curve': None, 'ssl.cipher': 'TLS_ECDHE_RSA_WITH_AES_128_GCM_SHA256', 'count': 1}]",[]
157.240.2.7,0x2199eb,CA6nCR3KuwCiXCQB72,SF,183.057145,12089,13501,60486,35,tcp,9443,10735,443,32,ssl,2017-07-06T13:19:52.892554Z,192.168.10.14,0,0,0,1,2,[],[],[],[],[],[],[],['TLSv12'],['TLS_ECDHE_RSA_WITH_AES_128_GCM_SHA256'],[None],[None],['SSL'],"['98c9dcca1a2bbd92a1704c58802890aa', 'aaee5cf8b0d8596d2e0cbe67421cf7db']",[],[],[],"[{'ssl.version': 'TLSv12', 'ssl.validation_status': None, 'ssl.curve': None, 'ssl.cipher': 'TLS_ECDHE_RSA_WITH_AES_128_GCM_SHA256', 'count': 1}]","[{'files.source': 'SSL', 'file.md5s': {'98c9dcca1a2bbd92a1704c58802890aa', 'aaee5cf8b0d8596d2e0cbe67421cf7db'}, 'count': 2}]"
157.240.2.7,0x2c43ba,CfFsTj2f9lTkUiw0Kf,SF,180.418648,1168,1976,2226,19,tcp,4749,5779,443,22,ssl,2017-07-06T13:01:30.676261Z,192.168.10.9,0,0,0,1,2,[],[],[],[],[],[],[],['TLSv12'],['TLS_ECDHE_RSA_WITH_AES_128_GCM_SHA256'],[None],[None],['SSL'],"['98c9dcca1a2bbd92a1704c58802890aa', 'aaee5cf8b0d8596d2e0cbe67421cf7db']",[],[],[],"[{'ssl.version': 'TLSv12', 'ssl.validation_status': None, 'ssl.curve': None, 'ssl.cipher': 'TLS_ECDHE_RSA_WITH_AES_128_GCM_SHA256', 'count': 1}]","[{'files.source': 'SSL', 'file.md5s': {'98c9dcca1a2bbd92a1704c58802890aa', 'aaee5cf8b0d8596d2e0cbe67421cf7db'}, 'count': 2}]"
