originated_ip,uid,connection.uid,connection.conn_state,connection.duration,connection.orig_bytes,connection.orig_ip_bytes,connection.orig_p,connection.orig_pkts,connection.proto,connection.resp_bytes,connection.resp_ip_bytes,connection.resp_p,connection.resp_pkts,connection.service,connection.ts,responded_ip,dns_count,ssh_count,http_count,ssl_count,files_count,dns_qtype,dns_rcode,ssh_auth_attempts,ssh_host_key,http_method,http_status_code,http_user_agent,ssl_version,ssl_cipher,ssl_curve,ssl_validation_status,files_source,file_md5,dns_dicts,ssh_dicts,http_dicts,ssl_dicts,files_dicts
104.16.126.228,0x4c8,CxpOgx4df6P1PpwQrc,SF,38.601887,1461,2845,49706,34,tcp,52873,54777,443,47,ssl,2017-07-06T13:00:32.057799Z,192.168.10.25,0,0,0,1,3,[],[],[],[],[],[],[],['TLSv10'],['TLS_RSA_WITH_AES_128_CBC_SHA'],[None],[None],['SSL'],"['1edaf9ae99ce2920667d0e9a8b3f8c9c', '75da74c9b98e657ecf45ccd974a8b81b', 'b3bc2e17c3ac61dd80c0caa437ca9f8e']",[],[],[],"[{'ssl.version': 'TLSv10', 'ssl.validation_status': None, 'ssl.curve': None, 'ssl.cipher': 'TLS_RSA_WITH_AES_128_CBC_SHA', 'count': 1}]","[{'files.source': 'SSL', 'file.md5s': {'1edaf9ae99ce2920667d0e9a8b3f8c9c', '75da74c9b98e657ecf45ccd974a8b81b', 'b3bc2e17c3ac61dd80c0caa437ca9f8e'}, 'count': 3}]"
104.16.126.228,0x30e2f,CK32Ne1oHdLcbACAli,SF,115.39712,1107,1930,52681,20,tcp,724,1628,443,19,ssl,2017-07-06T12:44:51.523678Z,192.168.10.15,0,0,0,1,0,[],[],[],[],[],[],[],['TLSv12'],['TLS_ECDHE_ECDSA_WITH_AES_128_GCM_SHA256'],[None],[None],[],[],[],[],[],"[{'ssl.version': 'TLSv12', 'ssl.validation_status': None, 'ssl.curve': None, 'ssl.cipher': 'TLS_ECDHE_ECDSA_WITH_AES_128_GCM_SHA256', 'count': 1}]",[]
104.16.126.228,0x49564,Cgx81h3QQQjOncMeJg,SF,5.702158,316,688,51961,9,tcp,3741,3993,443,6,ssl,2017-07-06T12:39:20.541162Z,192.168.10.15,0,0,0,1,4,[],[],[],[],[],[],[],['TLSv12'],['TLS_ECDHE_ECDSA_WITH_AES_128_GCM_SHA256'],[None],[None],['SSL'],"['630c596d484c49de5c5dfdc300cb85f7', 'c790a56c69cbaf0bf3f30a40d0a2aecc', '5e0e419b20ea575477f11b52e2c818e0', '3b9b1692bd0b963ca15c165a03ffdaa6']",[],[],[],"[{'ssl.version': 'TLSv12', 'ssl.validation_status': None, 'ssl.curve': None, 'ssl.cipher': 'TLS_ECDHE_ECDSA_WITH_AES_128_GCM_SHA256', 'count': 1}]","[{'files.source': 'SSL', 'file.md5s': {'630c596d484c49de5c5dfdc300cb85f7', 'c790a56c69cbaf0bf3f30a40d0a2aecc', '5e0e419b20ea575477f11b52e2c818e0', '3b9b1692bd0b963ca15c165a03ffdaa6'}, 'count': 4}]"
104.16.126.228,0x61bdb,ChRGBP2s3XpyQs5hef,SF,116.065255,1254,2597,51960,33,tcp,34754,36698,443,45,ssl,2017-07-06T12:39:20.541011Z,192.168.10.15,0,0,0,1,4,[],[],[],[],[],[],[],['TLSv12'],['TLS_ECDHE_ECDSA_WITH_AES_128_GCM_SHA256'],[None],[None],['SSL'],"['630c596d484c49de5c5dfdc300cb85f7', 'c790a56c69cbaf0bf3f30a40d0a2aecc', '5e0e419b20ea575477f11b52e2c818e0', '3b9b1692bd0b963ca15c165a03ffdaa6']",[],[],[],"[{'ssl.version': 'TLSv12', 'ssl.validation_status': None, 'ssl.curve': None, 'ssl.cipher': 'TLS_ECDHE_ECDSA_WITH_AES_128_GCM_SHA256', 'count': 1}]","[{'files.source': 'SSL', 'file.md5s': {'630c596d484c49de5c5dfdc300cb85f7', 'c790a56c69cbaf0bf3f30a40d0a2aecc', '5e0e419b20ea575477f11b52e2c818e0', '3b9b1692bd0b963ca15c165a03ffdaa6'}, 'count': 4}]"
