originated_ip,uid,connection.uid,connection.conn_state,connection.duration,connection.orig_bytes,connection.orig_ip_bytes,connection.orig_p,connection.orig_pkts,connection.proto,connection.resp_bytes,connection.resp_ip_bytes,connection.resp_p,connection.resp_pkts,connection.service,connection.ts,responded_ip,dns_count,ssh_count,http_count,ssl_count,files_count,dns_qtype,dns_rcode,ssh_auth_attempts,ssh_host_key,http_method,http_status_code,http_user_agent,ssl_version,ssl_cipher,ssl_curve,ssl_validation_status,files_source,file_md5,dns_dicts,ssh_dicts,http_dicts,ssl_dicts,files_dicts
129.146.14.100,0xf46cd,CbQ3db3eUPfddgN9Wl,SF,5.416234,350,878,60998,10,tcp,3597,3969,443,7,ssl,2017-07-06T12:55:47.783318Z,192.168.10.12,0,0,0,1,0,[],[],[],[],[],[],[],['TLSv12'],['TLS_ECDHE_RSA_WITH_AES_256_GCM_SHA384'],[None],[None],[],[],[],[],[],"[{'ssl.version': 'TLSv12', 'ssl.validation_status': None, 'ssl.curve': None, 'ssl.cipher': 'TLS_ECDHE_RSA_WITH_AES_256_GCM_SHA384', 'count': 1}]",[]
129.146.14.100,0x231def,C6fzFEeGiPUea1Ovl,SF,65.775646,723,1615,32768,17,tcp,4184,5076,443,17,ssl,2017-07-06T12:55:47.783365Z,192.168.10.12,0,0,0,1,0,[],[],[],[],[],[],[],['TLSv12'],['TLS_ECDHE_RSA_WITH_AES_256_GCM_SHA384'],[None],[None],[],[],[],[],[],"[{'ssl.version': 'TLSv12', 'ssl.validation_status': None, 'ssl.curve': None, 'ssl.cipher': 'TLS_ECDHE_RSA_WITH_AES_256_GCM_SHA384', 'count': 1}]",[]
129.146.14.100,0x2c47c3,CQKlzd2syMsZafJU96,SF,65.29779,773,1391,53156,15,tcp,4183,4907,443,16,ssl,2017-07-06T13:06:53.847287Z,192.168.10.15,0,0,0,1,2,[],[],[],[],[],[],[],['TLSv12'],['TLS_ECDHE_RSA_WITH_AES_256_GCM_SHA384'],[None],[None],['SSL'],"['c8c47b15f496af7b75e47f3ef41c70ba', 'a1f7e27481eca50765970d37d59f943d']",[],[],[],"[{'ssl.version': 'TLSv12', 'ssl.validation_status': None, 'ssl.curve': None, 'ssl.cipher': 'TLS_ECDHE_RSA_WITH_AES_256_GCM_SHA384', 'count': 1}]","[{'files.source': 'SSL', 'file.md5s': {'c8c47b15f496af7b75e47f3ef41c70ba', 'a1f7e27481eca50765970d37d59f943d'}, 'count': 2}]"
129.146.14.100,0x2dcdee,CStoS03D0KUKpuFq5l,SF,5.611866,350,722,53155,9,tcp,3597,3889,443,7,ssl,2017-07-06T13:06:53.847131Z,192.168.10.15,0,0,0,1,2,[],[],[],[],[],[],[],['TLSv12'],['TLS_ECDHE_RSA_WITH_AES_256_GCM_SHA384'],[None],[None],['SSL'],"['c8c47b15f496af7b75e47f3ef41c70ba', 'a1f7e27481eca50765970d37d59f943d']",[],[],[],"[{'ssl.version': 'TLSv12', 'ssl.validation_status': None, 'ssl.curve': None, 'ssl.cipher': 'TLS_ECDHE_RSA_WITH_AES_256_GCM_SHA384', 'count': 1}]","[{'files.source': 'SSL', 'file.md5s': {'c8c47b15f496af7b75e47f3ef41c70ba', 'a1f7e27481eca50765970d37d59f943d'}, 'count': 2}]"
