originated_ip,uid,connection.uid,connection.conn_state,connection.duration,connection.orig_bytes,connection.orig_ip_bytes,connection.orig_p,connection.orig_pkts,connection.proto,connection.resp_bytes,connection.resp_ip_bytes,connection.resp_p,connection.resp_pkts,connection.service,connection.ts,responded_ip,dns_count,ssh_count,http_count,ssl_count,files_count,dns_qtype,dns_rcode,ssh_auth_attempts,ssh_host_key,http_method,http_status_code,http_user_agent,ssl_version,ssl_cipher,ssl_curve,ssl_validation_status,files_source,file_md5,dns_dicts,ssh_dicts,http_dicts,ssl_dicts,files_dicts
148.251.47.75,0xdbbb0,CXLFpB3UkDs08rYhf5,SF,65.507818,1175,1953,49689,19,tcp,8249,9053,443,18,ssl,2017-07-06T12:31:22.638527Z,192.168.10.5,0,0,0,1,3,[],[],[],[],[],[],[],['TLSv12'],['TLS_ECDHE_RSA_WITH_AES_256_GCM_SHA384'],[None],[None],['SSL'],"['1edaf9ae99ce2920667d0e9a8b3f8c9c', '83e10465b722ef33ff0b6f535e8d996b', '99d16c9814601544417eb1e7a7f161f8']",[],[],[],"[{'ssl.version': 'TLSv12', 'ssl.validation_status': None, 'ssl.curve': None, 'ssl.cipher': 'TLS_ECDHE_RSA_WITH_AES_256_GCM_SHA384', 'count': 1}]","[{'files.source': 'SSL', 'file.md5s': {'1edaf9ae99ce2920667d0e9a8b3f8c9c', '83e10465b722ef33ff0b6f535e8d996b', '99d16c9814601544417eb1e7a7f161f8'}, 'count': 3}]"
148.251.47.75,0x155d93,CXTKhj359y8P7gJ8be,SF,5.854664,351,763,49690,10,tcp,6203,6495,443,7,ssl,2017-07-06T12:31:22.638642Z,192.168.10.5,0,0,0,1,0,[],[],[],[],[],[],[],[''],[''],[None],[None],[],[],[],[],[],"[{'ssl.version': '', 'ssl.validation_status': None, 'ssl.curve': None, 'ssl.cipher': '', 'count': 1}]",[]
148.251.47.75,0x249fff,C4tRnA1S2qsc4fLDj8,SF,5.85257,0,172,49725,4,tcp,0,92,80,2,,2017-07-06T12:31:23.641439Z,192.168.10.5,0,0,0,0,0,[],[],[],[],[],[],[],[],[],[],[],[],[],[],[],[],[],[]
148.251.47.75,0x29340c,CVoHWj2tiFUeyuLo5l,SF,65.209186,274,772,49724,12,tcp,286,810,80,11,http,2017-07-06T12:31:23.606973Z,192.168.10.5,0,0,1,0,0,[],[],[],[],['GET'],[200],[None],[],[],[],[],[],[],[],[],"[{'http.user_agent': None, 'http.method': 'GET', 'http.status_code': 200, 'count': 1}]",[],[]
