originated_ip,uid,connection.uid,connection.conn_state,connection.duration,connection.orig_bytes,connection.orig_ip_bytes,connection.orig_p,connection.orig_pkts,connection.proto,connection.resp_bytes,connection.resp_ip_bytes,connection.resp_p,connection.resp_pkts,connection.service,connection.ts,responded_ip,dns_count,ssh_count,http_count,ssl_count,files_count,dns_qtype,dns_rcode,ssh_auth_attempts,ssh_host_key,http_method,http_status_code,http_user_agent,ssl_version,ssl_cipher,ssl_curve,ssl_validation_status,files_source,file_md5,dns_dicts,ssh_dicts,http_dicts,ssl_dicts,files_dicts
104.27.145.213,0x18ecd,CDVtUg4H5SzrjVNM8k,SF,46.063947,961,3621,34994,66,tcp,163129,167861,80,118,http,2017-07-06T13:09:29.511121Z,192.168.10.51,0,0,1,0,2,[],[],[],[],['GET'],[200],[None],[],[],[],[],['HTTP'],[''],[],[],"[{'http.user_agent': None, 'http.method': 'GET', 'http.status_code': 200, 'count': 1}]",[],"[{'files.source': 'HTTP', 'file.md5s': {''}, 'count': 2}]"
104.27.145.213,0xdc3a0,CmimW82LnVgJ0FUHvh,SF,46.056885,958,3658,34993,67,tcp,169256,173428,80,104,http,2017-07-06T13:09:29.511118Z,192.168.10.51,0,0,1,0,2,[],[],[],[],['GET'],[200],[None],[],[],[],[],['HTTP'],[''],[],[],"[{'http.user_agent': None, 'http.method': 'GET', 'http.status_code': 200, 'count': 1}]",[],"[{'files.source': 'HTTP', 'file.md5s': {''}, 'count': 2}]"
104.27.145.213,0x18709e,CfHNtX1eLppsY5dKI6,SF,180.891637,1109,1969,50721,21,tcp,6044,6656,443,15,ssl,2017-07-06T13:09:29.181267Z,192.168.10.51,0,0,0,1,0,[],[],[],[],[],[],[],['TLSv12'],['TLS_ECDHE_ECDSA_WITH_AES_128_GCM_SHA256'],[None],[None],[],[],[],[],[],"[{'ssl.version': 'TLSv12', 'ssl.validation_status': None, 'ssl.curve': None, 'ssl.cipher': 'TLS_ECDHE_ECDSA_WITH_AES_128_GCM_SHA256', 'count': 1}]",[]
104.27.145.213,0x27b3e4,CxlconKS1Rb3W2xlk,SF,46.03378,480,1100,34992,15,tcp,15002,15694,80,17,http,2017-07-06T13:09:29.511097Z,192.168.10.51,0,0,1,0,1,[],[],[],[],['GET'],[200],[None],[],[],[],[],['HTTP'],[''],[],[],"[{'http.user_agent': None, 'http.method': 'GET', 'http.status_code': 200, 'count': 1}]",[],"[{'files.source': 'HTTP', 'file.md5s': {''}, 'count': 1}]"
