originated_ip,uid,connection.uid,connection.conn_state,connection.duration,connection.orig_bytes,connection.orig_ip_bytes,connection.orig_p,connection.orig_pkts,connection.proto,connection.resp_bytes,connection.resp_ip_bytes,connection.resp_p,connection.resp_pkts,connection.service,connection.ts,responded_ip,dns_count,ssh_count,http_count,ssl_count,files_count,dns_qtype,dns_rcode,ssh_auth_attempts,ssh_host_key,http_method,http_status_code,http_user_agent,ssl_version,ssl_cipher,ssl_curve,ssl_validation_status,files_source,file_md5,dns_dicts,ssh_dicts,http_dicts,ssl_dicts,files_dicts
104.88.56.59,0xdbd87,CCLaGk4tSLzTPDy10f,SF,115.709698,916,1819,1557,22,tcp,5654,6678,443,22,ssl,2017-07-06T12:45:45.375689Z,192.168.10.9,0,0,0,1,3,[],[],[],[],[],[],[],['TLSv12'],['TLS_ECDHE_RSA_WITH_AES_256_GCM_SHA384'],[None],[None],['SSL'],"['f91ffee6a36b998841d467dde5f8977a', '23d5858ebc8986107cb7ac1e17f726c5', 'e970ba641cbde69ecf23894f19ea623b']",[],[],[],"[{'ssl.version': 'TLSv12', 'ssl.validation_status': None, 'ssl.curve': None, 'ssl.cipher': 'TLS_ECDHE_RSA_WITH_AES_256_GCM_SHA384', 'count': 1}]","[{'files.source': 'SSL', 'file.md5s': {'f91ffee6a36b998841d467dde5f8977a', '23d5858ebc8986107cb7ac1e17f726c5', 'e970ba641cbde69ecf23894f19ea623b'}, 'count': 3}]"
104.88.56.59,0x16e523,CbfPWf1FSH0lbQsXsc,SF,5.739329,347,759,1556,10,tcp,4812,5184,443,9,ssl,2017-07-06T12:45:45.375559Z,192.168.10.9,0,0,0,1,3,[],[],[],[],[],[],[],['TLSv12'],['TLS_ECDHE_RSA_WITH_AES_256_GCM_SHA384'],[None],[None],['SSL'],"['f91ffee6a36b998841d467dde5f8977a', '23d5858ebc8986107cb7ac1e17f726c5', 'e970ba641cbde69ecf23894f19ea623b']",[],[],[],"[{'ssl.version': 'TLSv12', 'ssl.validation_status': None, 'ssl.curve': None, 'ssl.cipher': 'TLS_ECDHE_RSA_WITH_AES_256_GCM_SHA384', 'count': 1}]","[{'files.source': 'SSL', 'file.md5s': {'f91ffee6a36b998841d467dde5f8977a', '23d5858ebc8986107cb7ac1e17f726c5', 'e970ba641cbde69ecf23894f19ea623b'}, 'count': 3}]"
104.88.56.59,0x19fa70,CCL7eL2yBEXlYUwQf4,SF,5.69741,347,811,2648,11,tcp,4812,5466,443,10,ssl,2017-07-06T13:25:07.800751Z,192.168.10.9,0,0,0,1,3,[],[],[],[],[],[],[],['TLSv12'],['TLS_ECDHE_RSA_WITH_AES_256_GCM_SHA384'],[None],[None],['SSL'],"['f91ffee6a36b998841d467dde5f8977a', '23d5858ebc8986107cb7ac1e17f726c5', 'e970ba641cbde69ecf23894f19ea623b']",[],[],[],"[{'ssl.version': 'TLSv12', 'ssl.validation_status': None, 'ssl.curve': None, 'ssl.cipher': 'TLS_ECDHE_RSA_WITH_AES_256_GCM_SHA384', 'count': 1}]","[{'files.source': 'SSL', 'file.md5s': {'f91ffee6a36b998841d467dde5f8977a', '23d5858ebc8986107cb7ac1e17f726c5', 'e970ba641cbde69ecf23894f19ea623b'}, 'count': 3}]"
104.88.56.59,0x27b563,CEradi2WuyzYNexK23,RSTR,115.875408,1008,1871,2645,21,tcp,5577,6601,443,22,ssl,2017-07-06T13:25:07.702261Z,192.168.10.9,0,0,0,1,3,[],[],[],[],[],[],[],['TLSv12'],['TLS_ECDHE_RSA_WITH_AES_256_GCM_SHA384'],[None],[None],['SSL'],"['f91ffee6a36b998841d467dde5f8977a', '23d5858ebc8986107cb7ac1e17f726c5', 'e970ba641cbde69ecf23894f19ea623b']",[],[],[],"[{'ssl.version': 'TLSv12', 'ssl.validation_status': None, 'ssl.curve': None, 'ssl.cipher': 'TLS_ECDHE_RSA_WITH_AES_256_GCM_SHA384', 'count': 1}]","[{'files.source': 'SSL', 'file.md5s': {'f91ffee6a36b998841d467dde5f8977a', '23d5858ebc8986107cb7ac1e17f726c5', 'e970ba641cbde69ecf23894f19ea623b'}, 'count': 3}]"
