originated_ip,uid,connection.uid,connection.conn_state,connection.duration,connection.orig_bytes,connection.orig_ip_bytes,connection.orig_p,connection.orig_pkts,connection.proto,connection.resp_bytes,connection.resp_ip_bytes,connection.resp_p,connection.resp_pkts,connection.service,connection.ts,responded_ip,dns_count,ssh_count,http_count,ssl_count,files_count,dns_qtype,dns_rcode,ssh_auth_attempts,ssh_host_key,http_method,http_status_code,http_user_agent,ssl_version,ssl_cipher,ssl_curve,ssl_validation_status,files_source,file_md5,dns_dicts,ssh_dicts,http_dicts,ssl_dicts,files_dicts
104.20.120.20,0x125777,CtuHCH3ZESn5VTIaUk,SF,92.139682,1022,1446,49876,10,tcp,8339,8751,80,10,http,2017-07-06T13:18:30.46467Z,192.168.10.25,0,0,1,0,3,[],[],[],[],['GET'],[200],[None],[],[],[],[],['HTTP'],"['', '21db8db616e85152e49f2a143d7d3cc5', 'a733766b3e870c5f82b64d17c89102ab']",[],[],"[{'http.user_agent': None, 'http.method': 'GET', 'http.status_code': 200, 'count': 1}]",[],"[{'files.source': 'HTTP', 'file.md5s': {'', '21db8db616e85152e49f2a143d7d3cc5', 'a733766b3e870c5f82b64d17c89102ab'}, 'count': 3}]"
104.20.120.20,0x1871d5,CYmm4y4y0LvaYStNV1,SF,92.139743,2149,3133,49874,24,tcp,25566,26658,80,27,http,2017-07-06T13:18:30.464375Z,192.168.10.25,0,0,1,0,3,[],[],[],[],['GET'],[0],[None],[],[],[],[],['HTTP'],[''],[],[],"[{'http.user_agent': None, 'http.method': 'GET', 'http.status_code': 0, 'count': 1}]",[],"[{'files.source': 'HTTP', 'file.md5s': {''}, 'count': 3}]"
104.20.120.20,0x24a756,CgyTsA3ei62odZ7HW,SF,92.14004,1357,2021,49873,16,tcp,19564,20176,80,15,http,2017-07-06T13:18:30.464132Z,192.168.10.25,0,0,1,0,4,[],[],[],[],['GET'],[200],[None],[],[],[],[],['HTTP'],"['', '97cc631a3888a091a687191b54087845']",[],[],"[{'http.user_agent': None, 'http.method': 'GET', 'http.status_code': 200, 'count': 1}]",[],"[{'files.source': 'HTTP', 'file.md5s': {'', '97cc631a3888a091a687191b54087845'}, 'count': 4}]"
104.20.120.20,0x262e01,CYMGiD49vljfMRICqi,SF,92.139709,1378,1962,49875,14,tcp,14784,15316,80,13,http,2017-07-06T13:18:30.464537Z,192.168.10.25,0,0,1,0,3,[],[],[],[],['GET'],[0],[None],[],[],[],[],['HTTP'],"['', 'daba7b7bd835012d8a3414096c5e8f4f']",[],[],"[{'http.user_agent': None, 'http.method': 'GET', 'http.status_code': 0, 'count': 1}]",[],"[{'files.source': 'HTTP', 'file.md5s': {'', 'daba7b7bd835012d8a3414096c5e8f4f'}, 'count': 3}]"
