originated_ip,uid,connection.uid,connection.conn_state,connection.duration,connection.orig_bytes,connection.orig_ip_bytes,connection.orig_p,connection.orig_pkts,connection.proto,connection.resp_bytes,connection.resp_ip_bytes,connection.resp_p,connection.resp_pkts,connection.service,connection.ts,responded_ip,dns_count,ssh_count,http_count,ssl_count,files_count,dns_qtype,dns_rcode,ssh_auth_attempts,ssh_host_key,http_method,http_status_code,http_user_agent,ssl_version,ssl_cipher,ssl_curve,ssl_validation_status,files_source,file_md5,dns_dicts,ssh_dicts,http_dicts,ssl_dicts,files_dicts
144.76.203.221,0x93399,Cp6MsX2gFnOshd8bu6,SF,5.933778,0,172,1981,4,tcp,0,92,80,2,,2017-07-06T12:54:44.433471Z,192.168.10.9,0,0,0,0,0,[],[],[],[],[],[],[],[],[],[],[],[],[],[],[],[],[],[]
144.76.203.221,0x1255bd,CxPzWPxt2tgOLRXWf,SF,10.191162,368,660,1980,7,tcp,757,969,80,5,http,2017-07-06T12:54:44.433321Z,192.168.10.9,0,0,1,0,1,[],[],[],[],['GET'],[302],[None],[],[],[],[],['HTTP'],['cfbeaf604823f038b8b46f0ac862b98c'],[],[],"[{'http.user_agent': None, 'http.method': 'GET', 'http.status_code': 302, 'count': 1}]",[],"[{'files.source': 'HTTP', 'file.md5s': {'cfbeaf604823f038b8b46f0ac862b98c'}, 'count': 1}]"
144.76.203.221,0x1e8559,CTW2ng7VeYUcnPaGe,SF,10.175451,441,709,55531,5,tcp,757,1025,80,5,http,2017-07-06T12:32:10.748245Z,192.168.10.17,0,0,1,0,1,[],[],[],[],['GET'],[302],[None],[],[],[],[],['HTTP'],['cfbeaf604823f038b8b46f0ac862b98c'],[],[],"[{'http.user_agent': None, 'http.method': 'GET', 'http.status_code': 302, 'count': 1}]",[],"[{'files.source': 'HTTP', 'file.md5s': {'cfbeaf604823f038b8b46f0ac862b98c'}, 'count': 1}]"
144.76.203.221,0x2dc784,C5q97u47hdynOTUSEh,SF,5.475649,0,216,55532,4,tcp,0,112,80,2,,2017-07-06T12:32:10.74831Z,192.168.10.17,0,0,0,0,0,[],[],[],[],[],[],[],[],[],[],[],[],[],[],[],[],[],[]
