originated_ip,uid,connection.uid,connection.conn_state,connection.duration,connection.orig_bytes,connection.orig_ip_bytes,connection.orig_p,connection.orig_pkts,connection.proto,connection.resp_bytes,connection.resp_ip_bytes,connection.resp_p,connection.resp_pkts,connection.service,connection.ts,responded_ip,dns_count,ssh_count,http_count,ssl_count,files_count,dns_qtype,dns_rcode,ssh_auth_attempts,ssh_host_key,http_method,http_status_code,http_user_agent,ssl_version,ssl_cipher,ssl_curve,ssl_validation_status,files_source,file_md5,dns_dicts,ssh_dicts,http_dicts,ssl_dicts,files_dicts
104.106.251.5,0x1b80fa,C805bQqh6jSWGGLfk,SF,5.342087,0,216,59066,4,tcp,0,112,80,2,,2017-07-06T12:51:28.728517Z,192.168.10.16,0,0,0,0,0,[],[],[],[],[],[],[],[],[],[],[],[],[],[],[],[],[],[]
104.106.251.5,0x200d72,CjOpLj2DXl9g7ywf23,RSTR,115.954969,878,2345,51693,34,tcp,29009,30513,443,34,ssl,2017-07-06T12:37:12.498114Z,192.168.10.15,0,0,0,1,2,[],[],[],[],[],[],[],['TLSv12'],['TLS_ECDHE_RSA_WITH_AES_256_GCM_SHA384'],[None],[None],['SSL'],"['4eb595328c4c046e9e2cd29533b85cc8', '345eff15b7a49add451b65a7f4bdc6ae']",[],[],[],"[{'ssl.version': 'TLSv12', 'ssl.validation_status': None, 'ssl.curve': None, 'ssl.cipher': 'TLS_ECDHE_RSA_WITH_AES_256_GCM_SHA384', 'count': 1}]","[{'files.source': 'SSL', 'file.md5s': {'4eb595328c4c046e9e2cd29533b85cc8', '345eff15b7a49add451b65a7f4bdc6ae'}, 'count': 2}]"
104.106.251.5,0x231e92,ChcoRz1MELvtiHhyFc,SF,115.739375,3891,4939,59064,20,tcp,7377,8425,80,20,http,2017-07-06T12:51:28.728493Z,192.168.10.16,0,0,1,0,1,[],[],[],[],['GET'],[200],[None],[],[],[],[],['HTTP'],[''],[],[],"[{'http.user_agent': None, 'http.method': 'GET', 'http.status_code': 200, 'count': 1}]",[],"[{'files.source': 'HTTP', 'file.md5s': {''}, 'count': 1}]"
104.106.251.5,0x2ab9e1,Cm0gWZ1F6KXAcc6ZEb,SF,5.405221,356,728,51697,9,tcp,3246,3498,443,6,ssl,2017-07-06T12:37:12.499868Z,192.168.10.15,0,0,0,1,0,[],[],[],[],[],[],[],[''],[''],[None],[None],[],[],[],[],[],"[{'ssl.version': '', 'ssl.validation_status': None, 'ssl.curve': None, 'ssl.cipher': '', 'count': 1}]",[]
