originated_ip,uid,connection.uid,connection.conn_state,connection.duration,connection.orig_bytes,connection.orig_ip_bytes,connection.orig_p,connection.orig_pkts,connection.proto,connection.resp_bytes,connection.resp_ip_bytes,connection.resp_p,connection.resp_pkts,connection.service,connection.ts,responded_ip,dns_count,ssh_count,http_count,ssl_count,files_count,dns_qtype,dns_rcode,ssh_auth_attempts,ssh_host_key,http_method,http_status_code,http_user_agent,ssl_version,ssl_cipher,ssl_curve,ssl_validation_status,files_source,file_md5,dns_dicts,ssh_dicts,http_dicts,ssl_dicts,files_dicts
104.16.23.235,0xdc513,Cfjyzb1QFkPv52TtQ3,RSTO,0.074391,524,936,50891,10,tcp,3758,4130,443,9,ssl,2017-07-06T13:29:14.033692Z,192.168.10.5,0,0,0,1,3,[],[],[],[],[],[],[],['TLSv12'],['TLS_ECDHE_RSA_WITH_AES_128_GCM_SHA256'],[None],[None],['SSL'],"['bdc9cd3b154fda4e34da5236544bd6c6', '345eff15b7a49add451b65a7f4bdc6ae', '3d65a89e29eab2f9c8f08b55eb68513d']",[],[],[],"[{'ssl.version': 'TLSv12', 'ssl.validation_status': None, 'ssl.curve': None, 'ssl.cipher': 'TLS_ECDHE_RSA_WITH_AES_128_GCM_SHA256', 'count': 1}]","[{'files.source': 'SSL', 'file.md5s': {'bdc9cd3b154fda4e34da5236544bd6c6', '345eff15b7a49add451b65a7f4bdc6ae', '3d65a89e29eab2f9c8f08b55eb68513d'}, 'count': 3}]"
104.16.23.235,0x156661,CM3wnY3FA3phiUVIfb,RSTO,0.271329,795,1247,50890,11,tcp,4200,4612,443,10,ssl,2017-07-06T13:29:14.033575Z,192.168.10.5,0,0,0,1,3,[],[],[],[],[],[],[],['TLSv12'],['TLS_ECDHE_RSA_WITH_AES_128_GCM_SHA256'],[None],[None],['SSL'],"['bdc9cd3b154fda4e34da5236544bd6c6', '345eff15b7a49add451b65a7f4bdc6ae', '3d65a89e29eab2f9c8f08b55eb68513d']",[],[],[],"[{'ssl.version': 'TLSv12', 'ssl.validation_status': None, 'ssl.curve': None, 'ssl.cipher': 'TLS_ECDHE_RSA_WITH_AES_128_GCM_SHA256', 'count': 1}]","[{'files.source': 'SSL', 'file.md5s': {'bdc9cd3b154fda4e34da5236544bd6c6', '345eff15b7a49add451b65a7f4bdc6ae', '3d65a89e29eab2f9c8f08b55eb68513d'}, 'count': 3}]"
104.16.23.235,0x27ae8d,CA7K9F39LyxrrW5DWg,SF,0.115517,524,976,52071,11,tcp,3758,4170,443,10,ssl,2017-07-06T12:39:24.94174Z,192.168.10.15,0,0,0,1,0,[],[],[],[],[],[],[],['TLSv12'],['TLS_ECDHE_RSA_WITH_AES_128_GCM_SHA256'],[None],[None],[],[],[],[],[],"[{'ssl.version': 'TLSv12', 'ssl.validation_status': None, 'ssl.curve': None, 'ssl.cipher': 'TLS_ECDHE_RSA_WITH_AES_128_GCM_SHA256', 'count': 1}]",[]
104.16.23.235,0x2abb7d,CbWVm34V4Q5ZrCydLd,SF,180.389013,1132,1944,52072,20,tcp,4427,5079,443,16,ssl,2017-07-06T12:39:24.941917Z,192.168.10.15,0,0,0,1,3,[],[],[],[],[],[],[],['TLSv12'],['TLS_ECDHE_RSA_WITH_AES_128_GCM_SHA256'],[None],[None],['SSL'],"['bdc9cd3b154fda4e34da5236544bd6c6', '345eff15b7a49add451b65a7f4bdc6ae', '3d65a89e29eab2f9c8f08b55eb68513d']",[],[],[],"[{'ssl.version': 'TLSv12', 'ssl.validation_status': None, 'ssl.curve': None, 'ssl.cipher': 'TLS_ECDHE_RSA_WITH_AES_128_GCM_SHA256', 'count': 1}]","[{'files.source': 'SSL', 'file.md5s': {'bdc9cd3b154fda4e34da5236544bd6c6', '345eff15b7a49add451b65a7f4bdc6ae', '3d65a89e29eab2f9c8f08b55eb68513d'}, 'count': 3}]"
