originated_ip,uid,connection.uid,connection.conn_state,connection.duration,connection.orig_bytes,connection.orig_ip_bytes,connection.orig_p,connection.orig_pkts,connection.proto,connection.resp_bytes,connection.resp_ip_bytes,connection.resp_p,connection.resp_pkts,connection.service,connection.ts,responded_ip,dns_count,ssh_count,http_count,ssl_count,files_count,dns_qtype,dns_rcode,ssh_auth_attempts,ssh_host_key,http_method,http_status_code,http_user_agent,ssl_version,ssl_cipher,ssl_curve,ssl_validation_status,files_source,file_md5,dns_dicts,ssh_dicts,http_dicts,ssl_dicts,files_dicts
113.200.98.141,0x61ec2,COVrSXGLZQWF2l3fb,SF,182.588152,1846,5478,45078,84,tcp,36151,39763,443,89,ssl,2017-07-06T12:51:53.66944Z,192.168.10.17,0,0,0,1,0,[],[],[],[],[],[],[],['TLSv12'],['TLS_RSA_WITH_AES_256_CBC_SHA'],[None],[None],[],[],[],[],[],"[{'ssl.version': 'TLSv12', 'ssl.validation_status': None, 'ssl.curve': None, 'ssl.cipher': 'TLS_RSA_WITH_AES_256_CBC_SHA', 'count': 1}]",[]
113.200.98.141,0x61fef,CxEVWz32zw3RjEWF72,SF,0.65037,180,760,45079,14,tcp,4229,4811,443,14,ssl,2017-07-06T12:51:53.919828Z,192.168.10.17,0,0,0,1,3,[],[],[],[],[],[],[],['TLSv12'],['TLS_RSA_WITH_AES_256_CBC_SHA'],[None],[None],['SSL'],"['5b9350895ea4ee32cf1085a7e605353d', 'cb17e431673ee209fe455793f30afa1c', '23d5858ebc8986107cb7ac1e17f726c5']",[],[],[],"[{'ssl.version': 'TLSv12', 'ssl.validation_status': None, 'ssl.curve': None, 'ssl.cipher': 'TLS_RSA_WITH_AES_256_CBC_SHA', 'count': 1}]","[{'files.source': 'SSL', 'file.md5s': {'5b9350895ea4ee32cf1085a7e605353d', 'cb17e431673ee209fe455793f30afa1c', '23d5858ebc8986107cb7ac1e17f726c5'}, 'count': 3}]"
113.200.98.141,0x10ce29,Cf8PZiV0XU7WZ6ZDk,SF,0.657521,180,760,45077,14,tcp,4229,4767,443,13,ssl,2017-07-06T12:51:53.341208Z,192.168.10.17,0,0,0,1,3,[],[],[],[],[],[],[],['TLSv12'],['TLS_RSA_WITH_AES_256_CBC_SHA'],[None],[None],['SSL'],"['5b9350895ea4ee32cf1085a7e605353d', 'cb17e431673ee209fe455793f30afa1c', '23d5858ebc8986107cb7ac1e17f726c5']",[],[],[],"[{'ssl.version': 'TLSv12', 'ssl.validation_status': None, 'ssl.curve': None, 'ssl.cipher': 'TLS_RSA_WITH_AES_256_CBC_SHA', 'count': 1}]","[{'files.source': 'SSL', 'file.md5s': {'5b9350895ea4ee32cf1085a7e605353d', 'cb17e431673ee209fe455793f30afa1c', '23d5858ebc8986107cb7ac1e17f726c5'}, 'count': 3}]"
113.200.98.141,0x231dbf,CcWnUe2gvfvlYvq6h6,SF,0.666557,180,720,45076,13,tcp,4229,4767,443,13,ssl,2017-07-06T12:51:53.090309Z,192.168.10.17,0,0,0,1,3,[],[],[],[],[],[],[],['TLSv12'],['TLS_RSA_WITH_AES_256_CBC_SHA'],[None],[None],['SSL'],"['5b9350895ea4ee32cf1085a7e605353d', 'cb17e431673ee209fe455793f30afa1c', '23d5858ebc8986107cb7ac1e17f726c5']",[],[],[],"[{'ssl.version': 'TLSv12', 'ssl.validation_status': None, 'ssl.curve': None, 'ssl.cipher': 'TLS_RSA_WITH_AES_256_CBC_SHA', 'count': 1}]","[{'files.source': 'SSL', 'file.md5s': {'5b9350895ea4ee32cf1085a7e605353d', 'cb17e431673ee209fe455793f30afa1c', '23d5858ebc8986107cb7ac1e17f726c5'}, 'count': 3}]"
