originated_ip,uid,connection.uid,connection.conn_state,connection.duration,connection.orig_bytes,connection.orig_ip_bytes,connection.orig_p,connection.orig_pkts,connection.proto,connection.resp_bytes,connection.resp_ip_bytes,connection.resp_p,connection.resp_pkts,connection.service,connection.ts,responded_ip,dns_count,ssh_count,http_count,ssl_count,files_count,dns_qtype,dns_rcode,ssh_auth_attempts,ssh_host_key,http_method,http_status_code,http_user_agent,ssl_version,ssl_cipher,ssl_curve,ssl_validation_status,files_source,file_md5,dns_dicts,ssh_dicts,http_dicts,ssl_dicts,files_dicts
123.125.46.43,0x10c9f2,Cv5KjI1d50qyMoPvxf,SF,0.625176,180,476,33413,6,tcp,4229,4497,443,5,ssl,2017-07-06T12:40:51.337809Z,192.168.10.17,0,0,0,1,3,[],[],[],[],[],[],[],['TLSv12'],['TLS_RSA_WITH_AES_256_CBC_SHA'],[None],[None],['SSL'],"['5b9350895ea4ee32cf1085a7e605353d', 'cb17e431673ee209fe455793f30afa1c', '23d5858ebc8986107cb7ac1e17f726c5']",[],[],[],"[{'ssl.version': 'TLSv12', 'ssl.validation_status': None, 'ssl.curve': None, 'ssl.cipher': 'TLS_RSA_WITH_AES_256_CBC_SHA', 'count': 1}]","[{'files.source': 'SSL', 'file.md5s': {'5b9350895ea4ee32cf1085a7e605353d', 'cb17e431673ee209fe455793f30afa1c', '23d5858ebc8986107cb7ac1e17f726c5'}, 'count': 3}]"
123.125.46.43,0x16e469,CDEzyfh21vI7LKwP2,SF,0.666035,180,476,33411,6,tcp,4229,4497,443,5,ssl,2017-07-06T12:40:51.08695Z,192.168.10.17,0,0,0,1,3,[],[],[],[],[],[],[],['TLSv12'],['TLS_RSA_WITH_AES_256_CBC_SHA'],[None],[None],['SSL'],"['5b9350895ea4ee32cf1085a7e605353d', 'cb17e431673ee209fe455793f30afa1c', '23d5858ebc8986107cb7ac1e17f726c5']",[],[],[],"[{'ssl.version': 'TLSv12', 'ssl.validation_status': None, 'ssl.curve': None, 'ssl.cipher': 'TLS_RSA_WITH_AES_256_CBC_SHA', 'count': 1}]","[{'files.source': 'SSL', 'file.md5s': {'5b9350895ea4ee32cf1085a7e605353d', 'cb17e431673ee209fe455793f30afa1c', '23d5858ebc8986107cb7ac1e17f726c5'}, 'count': 3}]"
123.125.46.43,0x24a007,Casdk91qht7qCvLJQf,SF,45.684487,3242,9486,33415,115,tcp,228673,237649,443,117,ssl,2017-07-06T12:40:51.650491Z,192.168.10.17,0,0,0,1,3,[],[],[],[],[],[],[],['TLSv12'],['TLS_RSA_WITH_AES_256_CBC_SHA'],[None],[None],['SSL'],"['5b9350895ea4ee32cf1085a7e605353d', 'cb17e431673ee209fe455793f30afa1c', '23d5858ebc8986107cb7ac1e17f726c5']",[],[],[],"[{'ssl.version': 'TLSv12', 'ssl.validation_status': None, 'ssl.curve': None, 'ssl.cipher': 'TLS_RSA_WITH_AES_256_CBC_SHA', 'count': 1}]","[{'files.source': 'SSL', 'file.md5s': {'5b9350895ea4ee32cf1085a7e605353d', 'cb17e431673ee209fe455793f30afa1c', '23d5858ebc8986107cb7ac1e17f726c5'}, 'count': 3}]"
123.125.46.43,0x2c4133,CGFJzT2VwG8bLGOy84,SF,0.624569,180,516,33416,7,tcp,4229,4497,443,5,ssl,2017-07-06T12:40:51.901352Z,192.168.10.17,0,0,0,1,3,[],[],[],[],[],[],[],['TLSv12'],['TLS_RSA_WITH_AES_256_CBC_SHA'],[None],[None],['SSL'],"['5b9350895ea4ee32cf1085a7e605353d', 'cb17e431673ee209fe455793f30afa1c', '23d5858ebc8986107cb7ac1e17f726c5']",[],[],[],"[{'ssl.version': 'TLSv12', 'ssl.validation_status': None, 'ssl.curve': None, 'ssl.cipher': 'TLS_RSA_WITH_AES_256_CBC_SHA', 'count': 1}]","[{'files.source': 'SSL', 'file.md5s': {'5b9350895ea4ee32cf1085a7e605353d', 'cb17e431673ee209fe455793f30afa1c', '23d5858ebc8986107cb7ac1e17f726c5'}, 'count': 3}]"
