originated_ip,uid,connection.uid,connection.conn_state,connection.duration,connection.orig_bytes,connection.orig_ip_bytes,connection.orig_p,connection.orig_pkts,connection.proto,connection.resp_bytes,connection.resp_ip_bytes,connection.resp_p,connection.resp_pkts,connection.service,connection.ts,responded_ip,dns_count,ssh_count,http_count,ssl_count,files_count,dns_qtype,dns_rcode,ssh_auth_attempts,ssh_host_key,http_method,http_status_code,http_user_agent,ssl_version,ssl_cipher,ssl_curve,ssl_validation_status,files_source,file_md5,dns_dicts,ssh_dicts,http_dicts,ssl_dicts,files_dicts
104.17.110.122,0x193d9,Cm1giE2hMiwl6l4eY4,SF,6.012737,0,180,59794,4,tcp,0,92,80,2,,2017-07-06T12:58:44.223445Z,192.168.10.12,0,0,0,0,0,[],[],[],[],[],[],[],[],[],[],[],[],[],[],[],[],[],[]
104.17.110.122,0x186d77,CGT2KK1YHdco6dKKNl,SF,180.977456,944,1844,48260,22,tcp,4614,5226,443,15,ssl,2017-07-06T12:58:43.276595Z,192.168.10.12,0,0,0,1,4,[],[],[],[],[],[],[],['TLSv12'],['TLS_ECDHE_ECDSA_WITH_AES_128_GCM_SHA256'],[None],[None],['SSL'],"['c790a56c69cbaf0bf3f30a40d0a2aecc', 'bea341e5d2b4910ab096d604200a4299', '5e0e419b20ea575477f11b52e2c818e0', '1d46a3501e47ecba065bee629fe67c85']",[],[],[],"[{'ssl.version': 'TLSv12', 'ssl.validation_status': None, 'ssl.curve': None, 'ssl.cipher': 'TLS_ECDHE_ECDSA_WITH_AES_128_GCM_SHA256', 'count': 1}]","[{'files.source': 'SSL', 'file.md5s': {'c790a56c69cbaf0bf3f30a40d0a2aecc', 'bea341e5d2b4910ab096d604200a4299', '5e0e419b20ea575477f11b52e2c818e0', '1d46a3501e47ecba065bee629fe67c85'}, 'count': 4}]"
104.17.110.122,0x24a5e7,CmrZ5E1ChHvQDKO44l,SF,46.047853,491,911,59796,10,tcp,1486,1898,80,10,http,2017-07-06T12:58:44.223468Z,192.168.10.12,0,0,1,0,1,[],[],[],[],['GET'],[200],[None],[],[],[],[],['HTTP'],['5ef36e02b7ea06e344fa57270377db9a'],[],[],"[{'http.user_agent': None, 'http.method': 'GET', 'http.status_code': 200, 'count': 1}]",[],"[{'files.source': 'HTTP', 'file.md5s': {'5ef36e02b7ea06e344fa57270377db9a'}, 'count': 1}]"
104.17.110.122,0x2c46f2,CH1hHP3OVr3SJF9xO,SF,47.095139,908,1728,59748,20,tcp,11118,11930,80,20,http,2017-07-06T12:58:43.372054Z,192.168.10.12,0,0,1,0,1,[],[],[],[],['GET'],[0],[None],[],[],[],[],['HTTP'],[''],[],[],"[{'http.user_agent': None, 'http.method': 'GET', 'http.status_code': 0, 'count': 1}]",[],"[{'files.source': 'HTTP', 'file.md5s': {''}, 'count': 1}]"
