originated_ip,uid,connection.uid,connection.conn_state,connection.duration,connection.orig_bytes,connection.orig_ip_bytes,connection.orig_p,connection.orig_pkts,connection.proto,connection.resp_bytes,connection.resp_ip_bytes,connection.resp_p,connection.resp_pkts,connection.service,connection.ts,responded_ip,dns_count,ssh_count,http_count,ssl_count,files_count,dns_qtype,dns_rcode,ssh_auth_attempts,ssh_host_key,http_method,http_status_code,http_user_agent,ssl_version,ssl_cipher,ssl_curve,ssl_validation_status,files_source,file_md5,dns_dicts,ssh_dicts,http_dicts,ssl_dicts,files_dicts
104.88.12.52,0x15627c,CUoYG49pDLbYb0IKf,SF,5.271883,599,891,50523,7,tcp,183,475,443,7,ssl,2017-07-06T12:57:01.547391Z,192.168.10.5,0,0,0,1,0,[],[],[],[],[],[],[],['TLSv12'],['TLS_ECDHE_RSA_WITH_AES_256_GCM_SHA384'],[None],[None],[],[],[],[],[],"[{'ssl.version': 'TLSv12', 'ssl.validation_status': None, 'ssl.curve': None, 'ssl.cipher': 'TLS_ECDHE_RSA_WITH_AES_256_GCM_SHA384', 'count': 1}]",[]
104.88.12.52,0x293834,C4ns9X20ro8f7rpgo2,SF,0.317688,1213,1505,50502,7,tcp,860,1232,443,9,ssl,2017-07-06T12:57:01.13595Z,192.168.10.5,0,0,0,1,0,[],[],[],[],[],[],[],['TLSv12'],['TLS_ECDHE_RSA_WITH_AES_256_GCM_SHA384'],[None],[None],[],[],[],[],[],"[{'ssl.version': 'TLSv12', 'ssl.validation_status': None, 'ssl.curve': None, 'ssl.cipher': 'TLS_ECDHE_RSA_WITH_AES_256_GCM_SHA384', 'count': 1}]",[]
104.88.12.52,0x2c4455,CU0teA2UudDygXc1Z6,SF,65.515007,1,468,39725,9,tcp,0,416,80,8,,2017-07-06T12:30:00.556414Z,192.168.10.17,0,0,0,0,0,[],[],[],[],[],[],[],[],[],[],[],[],[],[],[],[],[],[]
104.88.12.52,0x2c45d1,CEHpGc4rvbj4D63258,SF,0.426427,838,1210,50480,9,tcp,4507,4879,443,9,ssl,2017-07-06T12:57:00.067892Z,192.168.10.5,0,0,0,1,2,[],[],[],[],[],[],[],['TLSv12'],['TLS_ECDHE_RSA_WITH_AES_256_GCM_SHA384'],[None],[None],['SSL'],"['9cb09dc5f7d787093a2c972b8716dde2', '36a4b6859fd764e787ee42fd3a9305db']",[],[],[],"[{'ssl.version': 'TLSv12', 'ssl.validation_status': None, 'ssl.curve': None, 'ssl.cipher': 'TLS_ECDHE_RSA_WITH_AES_256_GCM_SHA384', 'count': 1}]","[{'files.source': 'SSL', 'file.md5s': {'9cb09dc5f7d787093a2c972b8716dde2', '36a4b6859fd764e787ee42fd3a9305db'}, 'count': 2}]"
