originated_ip,uid,connection.uid,connection.conn_state,connection.duration,connection.orig_bytes,connection.orig_ip_bytes,connection.orig_p,connection.orig_pkts,connection.proto,connection.resp_bytes,connection.resp_ip_bytes,connection.resp_p,connection.resp_pkts,connection.service,connection.ts,responded_ip,dns_count,ssh_count,http_count,ssl_count,files_count,dns_qtype,dns_rcode,ssh_auth_attempts,ssh_host_key,http_method,http_status_code,http_user_agent,ssl_version,ssl_cipher,ssl_curve,ssl_validation_status,files_source,file_md5,dns_dicts,ssh_dicts,http_dicts,ssl_dicts,files_dicts
104.88.16.179,0x316c2,CHE84c1jg5WjcDTP75,SF,5.053911,357,741,2540,9,tcp,4839,5453,443,9,ssl,2017-07-06T13:25:05.414296Z,192.168.10.9,0,0,0,1,3,[],[],[],[],[],[],[],['TLSv12'],['TLS_ECDHE_RSA_WITH_AES_256_GCM_SHA384'],[None],[None],['SSL'],"['f91ffee6a36b998841d467dde5f8977a', '23d5858ebc8986107cb7ac1e17f726c5', '0cbfc5ff4c8d14815dcbab5b1ca1d6c0']",[],[],[],"[{'ssl.version': 'TLSv12', 'ssl.validation_status': None, 'ssl.curve': None, 'ssl.cipher': 'TLS_ECDHE_RSA_WITH_AES_256_GCM_SHA384', 'count': 1}]","[{'files.source': 'SSL', 'file.md5s': {'f91ffee6a36b998841d467dde5f8977a', '23d5858ebc8986107cb7ac1e17f726c5', '0cbfc5ff4c8d14815dcbab5b1ca1d6c0'}, 'count': 3}]"
104.88.16.179,0xab793,CFeESj4Ud8vg9T12Z8,SF,116.129519,1695,3238,2539,38,tcp,53924,55948,443,47,ssl,2017-07-06T13:25:05.414205Z,192.168.10.9,0,0,0,1,3,[],[],[],[],[],[],[],['TLSv12'],['TLS_ECDHE_RSA_WITH_AES_256_GCM_SHA384'],[None],[None],['SSL'],"['f91ffee6a36b998841d467dde5f8977a', '23d5858ebc8986107cb7ac1e17f726c5', '0cbfc5ff4c8d14815dcbab5b1ca1d6c0']",[],[],[],"[{'ssl.version': 'TLSv12', 'ssl.validation_status': None, 'ssl.curve': None, 'ssl.cipher': 'TLS_ECDHE_RSA_WITH_AES_256_GCM_SHA384', 'count': 1}]","[{'files.source': 'SSL', 'file.md5s': {'f91ffee6a36b998841d467dde5f8977a', '23d5858ebc8986107cb7ac1e17f726c5', '0cbfc5ff4c8d14815dcbab5b1ca1d6c0'}, 'count': 3}]"
104.88.16.179,0xc3e59,CD1Mo5DovPnLZTLCk,SF,5.603994,359,783,2565,10,tcp,4855,5565,443,11,ssl,2017-07-06T13:25:05.893428Z,192.168.10.9,0,0,0,1,3,[],[],[],[],[],[],[],['TLSv12'],['TLS_ECDHE_RSA_WITH_AES_256_GCM_SHA384'],[None],[None],['SSL'],"['f91ffee6a36b998841d467dde5f8977a', '23d5858ebc8986107cb7ac1e17f726c5', '0cbfc5ff4c8d14815dcbab5b1ca1d6c0']",[],[],[],"[{'ssl.version': 'TLSv12', 'ssl.validation_status': None, 'ssl.curve': None, 'ssl.cipher': 'TLS_ECDHE_RSA_WITH_AES_256_GCM_SHA384', 'count': 1}]","[{'files.source': 'SSL', 'file.md5s': {'f91ffee6a36b998841d467dde5f8977a', '23d5858ebc8986107cb7ac1e17f726c5', '0cbfc5ff4c8d14815dcbab5b1ca1d6c0'}, 'count': 3}]"
104.88.16.179,0x262f67,CU9u094oNUyaGP1D01,RSTR,115.650475,1060,2003,2564,23,tcp,6621,7685,443,23,ssl,2017-07-06T13:25:05.893247Z,192.168.10.9,0,0,0,1,3,[],[],[],[],[],[],[],['TLSv12'],['TLS_ECDHE_RSA_WITH_AES_256_GCM_SHA384'],[None],[None],['SSL'],"['f91ffee6a36b998841d467dde5f8977a', '23d5858ebc8986107cb7ac1e17f726c5', '0cbfc5ff4c8d14815dcbab5b1ca1d6c0']",[],[],[],"[{'ssl.version': 'TLSv12', 'ssl.validation_status': None, 'ssl.curve': None, 'ssl.cipher': 'TLS_ECDHE_RSA_WITH_AES_256_GCM_SHA384', 'count': 1}]","[{'files.source': 'SSL', 'file.md5s': {'f91ffee6a36b998841d467dde5f8977a', '23d5858ebc8986107cb7ac1e17f726c5', '0cbfc5ff4c8d14815dcbab5b1ca1d6c0'}, 'count': 3}]"
