originated_ip,uid,connection.uid,connection.conn_state,connection.duration,connection.orig_bytes,connection.orig_ip_bytes,connection.orig_p,connection.orig_pkts,connection.proto,connection.resp_bytes,connection.resp_ip_bytes,connection.resp_p,connection.resp_pkts,connection.service,connection.ts,responded_ip,dns_count,ssh_count,http_count,ssl_count,files_count,dns_qtype,dns_rcode,ssh_auth_attempts,ssh_host_key,http_method,http_status_code,http_user_agent,ssl_version,ssl_cipher,ssl_curve,ssl_validation_status,files_source,file_md5,dns_dicts,ssh_dicts,http_dicts,ssl_dicts,files_dicts
104.244.46.135,0x124fd5,CjKzgFCekEPR1Bew1,RSTO,69.718562,765,1297,49733,13,tcp,6750,7162,443,10,ssl,2017-07-06T12:31:23.971984Z,192.168.10.5,0,0,0,1,3,[],[],[],[],[],[],[],['TLSv12'],['TLS_ECDHE_RSA_WITH_AES_128_GCM_SHA256'],[None],[None],['SSL'],"['9f73c850d4eab152df58cf2f375e1dd0', 'aaee5cf8b0d8596d2e0cbe67421cf7db', 'f8dbdfd2c9210e651abe9c49abb6a140']",[],[],[],"[{'ssl.version': 'TLSv12', 'ssl.validation_status': None, 'ssl.curve': None, 'ssl.cipher': 'TLS_ECDHE_RSA_WITH_AES_128_GCM_SHA256', 'count': 1}]","[{'files.source': 'SSL', 'file.md5s': {'9f73c850d4eab152df58cf2f375e1dd0', 'aaee5cf8b0d8596d2e0cbe67421cf7db', 'f8dbdfd2c9210e651abe9c49abb6a140'}, 'count': 3}]"
104.244.46.135,0x1b77ad,Ce6twn48dO75Qxudcc,SF,0.094051,525,897,49736,9,tcp,4375,4747,443,9,ssl,2017-07-06T12:31:23.972385Z,192.168.10.5,0,0,0,1,3,[],[],[],[],[],[],[],['TLSv12'],['TLS_ECDHE_RSA_WITH_AES_128_GCM_SHA256'],[None],[None],['SSL'],"['9f73c850d4eab152df58cf2f375e1dd0', 'aaee5cf8b0d8596d2e0cbe67421cf7db', 'f8dbdfd2c9210e651abe9c49abb6a140']",[],[],[],"[{'ssl.version': 'TLSv12', 'ssl.validation_status': None, 'ssl.curve': None, 'ssl.cipher': 'TLS_ECDHE_RSA_WITH_AES_128_GCM_SHA256', 'count': 1}]","[{'files.source': 'SSL', 'file.md5s': {'9f73c850d4eab152df58cf2f375e1dd0', 'aaee5cf8b0d8596d2e0cbe67421cf7db', 'f8dbdfd2c9210e651abe9c49abb6a140'}, 'count': 3}]"
104.244.46.135,0x2626d2,CcILsw4jzhsWiJnyv7,SF,0.094101,525,897,49734,9,tcp,4375,4747,443,9,ssl,2017-07-06T12:31:23.972152Z,192.168.10.5,0,0,0,1,0,[],[],[],[],[],[],[],['TLSv12'],['TLS_ECDHE_RSA_WITH_AES_128_GCM_SHA256'],[None],[None],[],[],[],[],[],"[{'ssl.version': 'TLSv12', 'ssl.validation_status': None, 'ssl.curve': None, 'ssl.cipher': 'TLS_ECDHE_RSA_WITH_AES_128_GCM_SHA256', 'count': 1}]",[]
104.244.46.135,0x27aca3,CavZTa1Px5oCq0neV7,SF,0.167753,781,2193,49735,35,tcp,78424,80316,443,47,ssl,2017-07-06T12:31:23.972305Z,192.168.10.5,0,0,0,1,3,[],[],[],[],[],[],[],['TLSv12'],['TLS_ECDHE_RSA_WITH_AES_128_GCM_SHA256'],[None],[None],['SSL'],"['9f73c850d4eab152df58cf2f375e1dd0', 'aaee5cf8b0d8596d2e0cbe67421cf7db', 'f8dbdfd2c9210e651abe9c49abb6a140']",[],[],[],"[{'ssl.version': 'TLSv12', 'ssl.validation_status': None, 'ssl.curve': None, 'ssl.cipher': 'TLS_ECDHE_RSA_WITH_AES_128_GCM_SHA256', 'count': 1}]","[{'files.source': 'SSL', 'file.md5s': {'9f73c850d4eab152df58cf2f375e1dd0', 'aaee5cf8b0d8596d2e0cbe67421cf7db', 'f8dbdfd2c9210e651abe9c49abb6a140'}, 'count': 3}]"
