originated_ip,uid,connection.uid,connection.conn_state,connection.duration,connection.orig_bytes,connection.orig_ip_bytes,connection.orig_p,connection.orig_pkts,connection.proto,connection.resp_bytes,connection.resp_ip_bytes,connection.resp_p,connection.resp_pkts,connection.service,connection.ts,responded_ip,dns_count,ssh_count,http_count,ssl_count,files_count,dns_qtype,dns_rcode,ssh_auth_attempts,ssh_host_key,http_method,http_status_code,http_user_agent,ssl_version,ssl_cipher,ssl_curve,ssl_validation_status,files_source,file_md5,dns_dicts,ssh_dicts,http_dicts,ssl_dicts,files_dicts
151.101.20.200,0x187bd,CHTEPF2mmfiVQVHzla,SF,118.870037,2991,5019,41749,37,tcp,32730,34558,80,35,http,2017-07-06T12:37:38.719798Z,192.168.10.19,0,0,1,0,3,[],[],[],[],['GET'],[200],[None],[],[],[],[],['HTTP'],"['', '0b4a829513b52986277448ca9a0bf703', '3236337d7b402c99e600b70cff6083e1']",[],[],"[{'http.user_agent': None, 'http.method': 'GET', 'http.status_code': 200, 'count': 1}]",[],"[{'files.source': 'HTTP', 'file.md5s': {'', '0b4a829513b52986277448ca9a0bf703', '3236337d7b402c99e600b70cff6083e1'}, 'count': 3}]"
151.101.20.200,0x1b78a8,CAERua4Lk6liFprIgj,SF,115.934757,1310,2202,41817,17,tcp,613,1401,80,15,http,2017-07-06T12:37:41.654845Z,192.168.10.19,0,0,1,0,1,[],[],[],[],['GET'],[200],[None],[],[],[],[],['HTTP'],['11edcb2a9b43d69dbd65af52f741053e'],[],[],"[{'http.user_agent': None, 'http.method': 'GET', 'http.status_code': 200, 'count': 1}]",[],"[{'files.source': 'HTTP', 'file.md5s': {'11edcb2a9b43d69dbd65af52f741053e'}, 'count': 1}]"
151.101.20.200,0x249f84,CbXpnv4tpSVg6aO8Ga,SF,0.101436,646,1070,59158,8,tcp,5096,5572,443,9,ssl,2017-07-06T12:37:38.617202Z,192.168.10.19,0,0,0,1,0,[],[],[],[],[],[],[],['TLSv12'],['TLS_ECDHE_RSA_WITH_AES_128_GCM_SHA256'],[None],[None],[],[],[],[],[],"[{'ssl.version': 'TLSv12', 'ssl.validation_status': None, 'ssl.curve': None, 'ssl.cipher': 'TLS_ECDHE_RSA_WITH_AES_128_GCM_SHA256', 'count': 1}]",[]
151.101.20.200,0x24a510,CMPdG51laYJ5fyxb8j,SF,5.352283,0,216,41818,4,tcp,0,112,80,2,,2017-07-06T12:37:41.654893Z,192.168.10.19,0,0,0,0,0,[],[],[],[],[],[],[],[],[],[],[],[],[],[],[],[],[],[]
