originated_ip,uid,connection.uid,connection.conn_state,connection.duration,connection.orig_bytes,connection.orig_ip_bytes,connection.orig_p,connection.orig_pkts,connection.proto,connection.resp_bytes,connection.resp_ip_bytes,connection.resp_p,connection.resp_pkts,connection.service,connection.ts,responded_ip,dns_count,ssh_count,http_count,ssl_count,files_count,dns_qtype,dns_rcode,ssh_auth_attempts,ssh_host_key,http_method,http_status_code,http_user_agent,ssl_version,ssl_cipher,ssl_curve,ssl_validation_status,files_source,file_md5,dns_dicts,ssh_dicts,http_dicts,ssl_dicts,files_dicts
151.101.20.249,0x187bf,Cp5j5o1V1aRd8e0Ple,RSTO,3.446408,388,600,51580,5,tcp,252,384,80,3,http,2017-07-06T12:35:39.02295Z,192.168.10.15,0,0,1,0,0,[],[],[],[],['GET'],[304],[None],[],[],[],[],[],[],[],[],"[{'http.user_agent': None, 'http.method': 'GET', 'http.status_code': 304, 'count': 1}]",[],[]
151.101.20.249,0x1563a0,CWOh3w2utP8WHooUEh,SF,118.61659,600,1960,57711,26,tcp,19989,21349,80,26,http,2017-07-06T12:55:14.577277Z,192.168.10.17,0,0,1,0,2,[],[],[],[],['GET'],[200],[None],[],[],[],[],['HTTP'],[''],[],[],"[{'http.user_agent': None, 'http.method': 'GET', 'http.status_code': 200, 'count': 1}]",[],"[{'files.source': 'HTTP', 'file.md5s': {''}, 'count': 2}]"
151.101.20.249,0x231d2f,C9ZG37yzIQYUbNVoi,SF,32.28205,821,1745,49649,18,tcp,18075,18915,443,16,ssl,2017-07-06T12:56:02.274862Z,192.168.10.25,0,0,0,1,2,[],[],[],[],[],[],[],['TLSv10'],['TLS_RSA_WITH_AES_128_CBC_SHA'],[None],[None],['SSL'],"['aaee5cf8b0d8596d2e0cbe67421cf7db', '8fcd10e6956e7abdbadb08c0a600a1dc']",[],[],[],"[{'ssl.version': 'TLSv10', 'ssl.validation_status': None, 'ssl.curve': None, 'ssl.cipher': 'TLS_RSA_WITH_AES_128_CBC_SHA', 'count': 1}]","[{'files.source': 'SSL', 'file.md5s': {'aaee5cf8b0d8596d2e0cbe67421cf7db', '8fcd10e6956e7abdbadb08c0a600a1dc'}, 'count': 2}]"
151.101.20.249,0x27b0c5,CJi3i42JVG1p7eJJmj,SF,118.3174,1212,2195,50267,24,tcp,6048,7032,443,21,ssl,2017-07-06T12:56:49.199487Z,192.168.10.5,0,0,0,1,3,[],[],[],[],[],[],[],['TLSv12'],['TLS_ECDHE_RSA_WITH_AES_128_GCM_SHA256'],[None],[None],['SSL'],"['aaee5cf8b0d8596d2e0cbe67421cf7db', '8fcd10e6956e7abdbadb08c0a600a1dc', '239d7f44cb1daf88b57e4c38997011b7']",[],[],[],"[{'ssl.version': 'TLSv12', 'ssl.validation_status': None, 'ssl.curve': None, 'ssl.cipher': 'TLS_ECDHE_RSA_WITH_AES_128_GCM_SHA256', 'count': 1}]","[{'files.source': 'SSL', 'file.md5s': {'aaee5cf8b0d8596d2e0cbe67421cf7db', '8fcd10e6956e7abdbadb08c0a600a1dc', '239d7f44cb1daf88b57e4c38997011b7'}, 'count': 3}]"
