originated_ip,uid,connection.uid,connection.conn_state,connection.duration,connection.orig_bytes,connection.orig_ip_bytes,connection.orig_p,connection.orig_pkts,connection.proto,connection.resp_bytes,connection.resp_ip_bytes,connection.resp_p,connection.resp_pkts,connection.service,connection.ts,responded_ip,dns_count,ssh_count,http_count,ssl_count,files_count,dns_qtype,dns_rcode,ssh_auth_attempts,ssh_host_key,http_method,http_status_code,http_user_agent,ssl_version,ssl_cipher,ssl_curve,ssl_validation_status,files_source,file_md5,dns_dicts,ssh_dicts,http_dicts,ssl_dicts,files_dicts
151.101.0.84,0x924,ChwToG4yP6PG7OPg9b,SF,115.2158,1102,2282,58275,23,tcp,4733,5729,443,19,ssl,2017-07-06T13:27:53.579402Z,192.168.10.19,0,0,0,1,0,[],[],[],[],[],[],[],['TLSv12'],['TLS_ECDHE_RSA_WITH_AES_128_GCM_SHA256'],[None],[None],[],[],[],[],[],"[{'ssl.version': 'TLSv12', 'ssl.validation_status': None, 'ssl.curve': None, 'ssl.cipher': 'TLS_ECDHE_RSA_WITH_AES_128_GCM_SHA256', 'count': 1}]",[]
151.101.0.84,0x930e8,CHtidp34asRGRamqf2,SF,116.21407,1072,2252,58108,23,tcp,4733,5729,443,19,ssl,2017-07-06T13:22:24.82689Z,192.168.10.19,0,0,0,1,0,[],[],[],[],[],[],[],[''],[''],[None],[None],[],[],[],[],[],"[{'ssl.version': '', 'ssl.validation_status': None, 'ssl.curve': None, 'ssl.cipher': '', 'count': 1}]",[]
151.101.0.84,0xf4675,CDfEuA4E7JuVo67Ek4,RSTO,18.569669,794,1167,2043,9,tcp,4737,5041,443,7,ssl,2017-07-06T12:59:10.129926Z,192.168.10.9,0,0,0,1,3,[],[],[],[],[],[],[],['TLSv12'],['TLS_ECDHE_RSA_WITH_AES_128_GCM_SHA256'],[None],[None],['SSL'],"['c1f54c37855ccb52b17b9b48b441a7b6', 'aaee5cf8b0d8596d2e0cbe67421cf7db', '9ec49809631345384e6e56d896356537']",[],[],[],"[{'ssl.version': 'TLSv12', 'ssl.validation_status': None, 'ssl.curve': None, 'ssl.cipher': 'TLS_ECDHE_RSA_WITH_AES_128_GCM_SHA256', 'count': 1}]","[{'files.source': 'SSL', 'file.md5s': {'c1f54c37855ccb52b17b9b48b441a7b6', 'aaee5cf8b0d8596d2e0cbe67421cf7db', '9ec49809631345384e6e56d896356537'}, 'count': 3}]"
151.101.0.84,0x2dca96,CrfL9E3UcG6767fPK5,SF,5.923342,350,722,2044,9,tcp,4393,4645,443,6,ssl,2017-07-06T12:59:10.130234Z,192.168.10.9,0,0,0,1,3,[],[],[],[],[],[],[],['TLSv12'],['TLS_ECDHE_RSA_WITH_AES_128_GCM_SHA256'],[None],[None],['SSL'],"['c1f54c37855ccb52b17b9b48b441a7b6', 'aaee5cf8b0d8596d2e0cbe67421cf7db', '9ec49809631345384e6e56d896356537']",[],[],[],"[{'ssl.version': 'TLSv12', 'ssl.validation_status': None, 'ssl.curve': None, 'ssl.cipher': 'TLS_ECDHE_RSA_WITH_AES_128_GCM_SHA256', 'count': 1}]","[{'files.source': 'SSL', 'file.md5s': {'c1f54c37855ccb52b17b9b48b441a7b6', 'aaee5cf8b0d8596d2e0cbe67421cf7db', '9ec49809631345384e6e56d896356537'}, 'count': 3}]"
