originated_ip,uid,connection.uid,connection.conn_state,connection.duration,connection.orig_bytes,connection.orig_ip_bytes,connection.orig_p,connection.orig_pkts,connection.proto,connection.resp_bytes,connection.resp_ip_bytes,connection.resp_p,connection.resp_pkts,connection.service,connection.ts,responded_ip,dns_count,ssh_count,http_count,ssl_count,files_count,dns_qtype,dns_rcode,ssh_auth_attempts,ssh_host_key,http_method,http_status_code,http_user_agent,ssl_version,ssl_cipher,ssl_curve,ssl_validation_status,files_source,file_md5,dns_dicts,ssh_dicts,http_dicts,ssl_dicts,files_dicts
151.101.208.207,0x10cd4d,CPcsuU3Lk395ggakc,SF,5.307586,599,1051,40874,9,tcp,191,511,443,6,ssl,2017-07-06T12:55:47.830864Z,192.168.10.12,0,0,0,1,0,[],[],[],[],[],[],[],['TLSv12'],['TLS_ECDHE_RSA_WITH_AES_128_GCM_SHA256'],[None],[None],[],[],[],[],[],"[{'ssl.version': 'TLSv12', 'ssl.validation_status': None, 'ssl.curve': None, 'ssl.cipher': 'TLS_ECDHE_RSA_WITH_AES_128_GCM_SHA256', 'count': 1}]",[]
151.101.208.207,0x16e933,CYA5fr2yKGm2EHLP64,SF,115.346953,801,2085,40854,25,tcp,6984,8084,443,21,ssl,2017-07-06T12:55:47.67054Z,192.168.10.12,0,0,0,1,0,[],[],[],[],[],[],[],['TLSv12'],['TLS_ECDHE_RSA_WITH_AES_128_GCM_SHA256'],[None],[None],[],[],[],[],[],"[{'ssl.version': 'TLSv12', 'ssl.validation_status': None, 'ssl.curve': None, 'ssl.cipher': 'TLS_ECDHE_RSA_WITH_AES_128_GCM_SHA256', 'count': 1}]",[]
151.101.208.207,0x1b7cdd,Ccxgks22VfkLldG0X8,SF,115.999149,672,2060,48417,27,tcp,16181,17541,443,26,ssl,2017-07-06T12:55:17.194715Z,192.168.10.17,0,0,0,1,0,[],[],[],[],[],[],[],['TLSv12'],['TLS_ECDHE_RSA_WITH_AES_128_GCM_SHA256'],[None],[None],[],[],[],[],[],"[{'ssl.version': 'TLSv12', 'ssl.validation_status': None, 'ssl.curve': None, 'ssl.cipher': 'TLS_ECDHE_RSA_WITH_AES_128_GCM_SHA256', 'count': 1}]",[]
151.101.208.207,0x2934a4,CuqokA3aagLXqZXjEe,SF,39.30816,838,1842,49435,20,tcp,17176,18120,443,18,ssl,2017-07-06T12:33:33.501699Z,192.168.10.25,0,0,0,1,2,[],[],[],[],[],[],[],['TLSv10'],['TLS_RSA_WITH_AES_128_CBC_SHA'],[None],[None],['SSL'],"['05455f0519c501564001543781fd2fe2', 'd3e8706d8292ace4ddebf7a8bbbd566b']",[],[],[],"[{'ssl.version': 'TLSv10', 'ssl.validation_status': None, 'ssl.curve': None, 'ssl.cipher': 'TLS_RSA_WITH_AES_128_CBC_SHA', 'count': 1}]","[{'files.source': 'SSL', 'file.md5s': {'05455f0519c501564001543781fd2fe2', 'd3e8706d8292ace4ddebf7a8bbbd566b'}, 'count': 2}]"
