originated_ip,uid,connection.uid,connection.conn_state,connection.duration,connection.orig_bytes,connection.orig_ip_bytes,connection.orig_p,connection.orig_pkts,connection.proto,connection.resp_bytes,connection.resp_ip_bytes,connection.resp_p,connection.resp_pkts,connection.service,connection.ts,responded_ip,dns_count,ssh_count,http_count,ssl_count,files_count,dns_qtype,dns_rcode,ssh_auth_attempts,ssh_host_key,http_method,http_status_code,http_user_agent,ssl_version,ssl_cipher,ssl_curve,ssl_validation_status,files_source,file_md5,dns_dicts,ssh_dicts,http_dicts,ssl_dicts,files_dicts
159.127.41.169,0x49baf,CnRtOSE1NI1ytsENi,SF,5.378106,359,731,53165,9,tcp,3190,3438,443,6,ssl,2017-07-06T13:06:54.083563Z,192.168.10.15,0,0,0,1,2,[],[],[],[],[],[],[],['TLSv12'],['TLS_ECDHE_RSA_WITH_AES_256_GCM_SHA384'],[None],[None],['SSL'],"['484b2cf9e7d5f6743cf50a446d76d6fd', 'd3e8706d8292ace4ddebf7a8bbbd566b']",[],[],[],"[{'ssl.version': 'TLSv12', 'ssl.validation_status': None, 'ssl.curve': None, 'ssl.cipher': 'TLS_ECDHE_RSA_WITH_AES_256_GCM_SHA384', 'count': 1}]","[{'files.source': 'SSL', 'file.md5s': {'484b2cf9e7d5f6743cf50a446d76d6fd', 'd3e8706d8292ace4ddebf7a8bbbd566b'}, 'count': 2}]"
159.127.41.169,0xf43e9,C4BSh12sJOYMY3TyS,SF,10.369573,1068,1480,52016,10,tcp,4190,4598,443,10,ssl,2017-07-06T12:39:23.181817Z,192.168.10.15,0,0,0,1,2,[],[],[],[],[],[],[],['TLSv12'],['TLS_ECDHE_RSA_WITH_AES_256_GCM_SHA384'],[None],[None],['SSL'],"['484b2cf9e7d5f6743cf50a446d76d6fd', 'd3e8706d8292ace4ddebf7a8bbbd566b']",[],[],[],"[{'ssl.version': 'TLSv12', 'ssl.validation_status': None, 'ssl.curve': None, 'ssl.cipher': 'TLS_ECDHE_RSA_WITH_AES_256_GCM_SHA384', 'count': 1}]","[{'files.source': 'SSL', 'file.md5s': {'484b2cf9e7d5f6743cf50a446d76d6fd', 'd3e8706d8292ace4ddebf7a8bbbd566b'}, 'count': 2}]"
159.127.41.169,0x19f86e,CGxLJOAzyCQSEV9Na,SF,0.419389,945,1277,53166,8,tcp,3582,3910,443,8,ssl,2017-07-06T13:06:54.083688Z,192.168.10.15,0,0,0,1,2,[],[],[],[],[],[],[],['TLSv12'],['TLS_ECDHE_RSA_WITH_AES_256_GCM_SHA384'],[None],[None],['SSL'],"['484b2cf9e7d5f6743cf50a446d76d6fd', 'd3e8706d8292ace4ddebf7a8bbbd566b']",[],[],[],"[{'ssl.version': 'TLSv12', 'ssl.validation_status': None, 'ssl.curve': None, 'ssl.cipher': 'TLS_ECDHE_RSA_WITH_AES_256_GCM_SHA384', 'count': 1}]","[{'files.source': 'SSL', 'file.md5s': {'484b2cf9e7d5f6743cf50a446d76d6fd', 'd3e8706d8292ace4ddebf7a8bbbd566b'}, 'count': 2}]"
159.127.41.169,0x27add2,CbjmRh3hp2O9ds5Ij2,SF,10.521943,1302,1714,52017,10,tcp,4308,4676,443,9,ssl,2017-07-06T12:39:23.181975Z,192.168.10.15,0,0,0,1,2,[],[],[],[],[],[],[],['TLSv12'],['TLS_ECDHE_RSA_WITH_AES_256_GCM_SHA384'],[None],[None],['SSL'],"['484b2cf9e7d5f6743cf50a446d76d6fd', 'd3e8706d8292ace4ddebf7a8bbbd566b']",[],[],[],"[{'ssl.version': 'TLSv12', 'ssl.validation_status': None, 'ssl.curve': None, 'ssl.cipher': 'TLS_ECDHE_RSA_WITH_AES_256_GCM_SHA384', 'count': 1}]","[{'files.source': 'SSL', 'file.md5s': {'484b2cf9e7d5f6743cf50a446d76d6fd', 'd3e8706d8292ace4ddebf7a8bbbd566b'}, 'count': 2}]"
