originated_ip,uid,connection.uid,connection.conn_state,connection.duration,connection.orig_bytes,connection.orig_ip_bytes,connection.orig_p,connection.orig_pkts,connection.proto,connection.resp_bytes,connection.resp_ip_bytes,connection.resp_p,connection.resp_pkts,connection.service,connection.ts,responded_ip,dns_count,ssh_count,http_count,ssl_count,files_count,dns_qtype,dns_rcode,ssh_auth_attempts,ssh_host_key,http_method,http_status_code,http_user_agent,ssl_version,ssl_cipher,ssl_curve,ssl_validation_status,files_source,file_md5,dns_dicts,ssh_dicts,http_dicts,ssl_dicts,files_dicts
104.20.21.239,0x49cfe,CPWm823SpoMn68D3Jg,SF,46.032861,280,740,45890,11,tcp,3753,4245,80,12,http,2017-07-06T13:25:24.007178Z,192.168.10.12,0,0,1,0,1,[],[],[],[],['GET'],[200],[None],[],[],[],[],['HTTP'],[''],[],[],"[{'http.user_agent': None, 'http.method': 'GET', 'http.status_code': 200, 'count': 1}]",[],"[{'files.source': 'HTTP', 'file.md5s': {''}, 'count': 1}]"
104.20.21.239,0x219ad1,CSjbzq1B23YViWhf92,SF,46.167749,647,1067,45902,10,tcp,275,687,80,10,http,2017-07-06T13:25:30.245019Z,192.168.10.12,0,0,1,0,1,[],[],[],[],['GET'],[200],[None],[],[],[],[],['HTTP'],['07fff40b5dd495aca2ac4e1c3fbc60aa'],[],[],"[{'http.user_agent': None, 'http.method': 'GET', 'http.status_code': 200, 'count': 1}]",[],"[{'files.source': 'HTTP', 'file.md5s': {'07fff40b5dd495aca2ac4e1c3fbc60aa'}, 'count': 1}]"
104.20.21.239,0x2c4fd7,CIq6zd4KB7oT0zgSMc,SF,5.093707,0,180,45888,4,tcp,0,92,80,2,,2017-07-06T13:25:24.00715Z,192.168.10.12,0,0,0,0,0,[],[],[],[],[],[],[],[],[],[],[],[],[],[],[],[],[],[]
104.20.21.239,0x2c4fda,CF0NRL1gBeTY1d7Frk,SF,5.98842,0,180,45904,4,tcp,0,92,80,2,,2017-07-06T13:25:30.245052Z,192.168.10.12,0,0,0,0,0,[],[],[],[],[],[],[],[],[],[],[],[],[],[],[],[],[],[]
