originated_ip,uid,connection.uid,connection.conn_state,connection.duration,connection.orig_bytes,connection.orig_ip_bytes,connection.orig_p,connection.orig_pkts,connection.proto,connection.resp_bytes,connection.resp_ip_bytes,connection.resp_p,connection.resp_pkts,connection.service,connection.ts,responded_ip,dns_count,ssh_count,http_count,ssl_count,files_count,dns_qtype,dns_rcode,ssh_auth_attempts,ssh_host_key,http_method,http_status_code,http_user_agent,ssl_version,ssl_cipher,ssl_curve,ssl_validation_status,files_source,file_md5,dns_dicts,ssh_dicts,http_dicts,ssl_dicts,files_dicts
151.80.231.118,0xc37fa,CgeX9j1qrFIde1x7q,SF,16.644703,1309,1842,49989,13,tcp,4340,4744,443,10,ssl,2017-07-06T12:46:50.274581Z,192.168.10.5,0,0,0,1,2,[],[],[],[],[],[],[],['TLSv12'],['TLS_ECDHE_RSA_WITH_AES_128_GCM_SHA256'],[None],[None],['SSL'],"['037aa4889f6ce33280c9f8ad76001ce1', 'b15409274f54ad8f023d3b85a5ecec5d']",[],[],[],"[{'ssl.version': 'TLSv12', 'ssl.validation_status': None, 'ssl.curve': None, 'ssl.cipher': 'TLS_ECDHE_RSA_WITH_AES_128_GCM_SHA256', 'count': 1}]","[{'files.source': 'SSL', 'file.md5s': {'037aa4889f6ce33280c9f8ad76001ce1', 'b15409274f54ad8f023d3b85a5ecec5d'}, 'count': 2}]"
151.80.231.118,0x19f83a,CKtqLu3ZQdqHLXglFi,SF,15.574518,831,1284,53112,11,tcp,3689,4053,443,9,ssl,2017-07-06T13:06:52.95369Z,192.168.10.15,0,0,0,1,2,[],[],[],[],[],[],[],['TLSv12'],['TLS_ECDHE_RSA_WITH_AES_128_GCM_SHA256'],[None],[None],['SSL'],"['037aa4889f6ce33280c9f8ad76001ce1', 'b15409274f54ad8f023d3b85a5ecec5d']",[],[],[],"[{'ssl.version': 'TLSv12', 'ssl.validation_status': None, 'ssl.curve': None, 'ssl.cipher': 'TLS_ECDHE_RSA_WITH_AES_128_GCM_SHA256', 'count': 1}]","[{'files.source': 'SSL', 'file.md5s': {'037aa4889f6ce33280c9f8ad76001ce1', 'b15409274f54ad8f023d3b85a5ecec5d'}, 'count': 2}]"
151.80.231.118,0x1d0343,Co3ZZh7oDgkVurac5,SF,17.084681,1683,2419,37175,14,tcp,4250,4830,443,11,ssl,2017-07-06T12:53:12.886251Z,192.168.10.19,0,0,0,1,2,[],[],[],[],[],[],[],['TLSv12'],['TLS_ECDHE_RSA_WITH_AES_128_GCM_SHA256'],[None],[None],['SSL'],"['037aa4889f6ce33280c9f8ad76001ce1', 'b15409274f54ad8f023d3b85a5ecec5d']",[],[],[],"[{'ssl.version': 'TLSv12', 'ssl.validation_status': None, 'ssl.curve': None, 'ssl.cipher': 'TLS_ECDHE_RSA_WITH_AES_128_GCM_SHA256', 'count': 1}]","[{'files.source': 'SSL', 'file.md5s': {'037aa4889f6ce33280c9f8ad76001ce1', 'b15409274f54ad8f023d3b85a5ecec5d'}, 'count': 2}]"
151.80.231.118,0x200bd8,CQGKix3RymSgAxr9R5,SF,15.886648,895,1591,54276,13,tcp,3634,4162,443,10,ssl,2017-07-06T12:40:47.703221Z,192.168.10.12,0,0,0,1,2,[],[],[],[],[],[],[],['TLSv12'],['TLS_ECDHE_RSA_WITH_AES_128_GCM_SHA256'],[None],[None],['SSL'],"['037aa4889f6ce33280c9f8ad76001ce1', 'b15409274f54ad8f023d3b85a5ecec5d']",[],[],[],"[{'ssl.version': 'TLSv12', 'ssl.validation_status': None, 'ssl.curve': None, 'ssl.cipher': 'TLS_ECDHE_RSA_WITH_AES_128_GCM_SHA256', 'count': 1}]","[{'files.source': 'SSL', 'file.md5s': {'037aa4889f6ce33280c9f8ad76001ce1', 'b15409274f54ad8f023d3b85a5ecec5d'}, 'count': 2}]"
