originated_ip,uid,connection.uid,connection.conn_state,connection.duration,connection.orig_bytes,connection.orig_ip_bytes,connection.orig_p,connection.orig_pkts,connection.proto,connection.resp_bytes,connection.resp_ip_bytes,connection.resp_p,connection.resp_pkts,connection.service,connection.ts,responded_ip,dns_count,ssh_count,http_count,ssl_count,files_count,dns_qtype,dns_rcode,ssh_auth_attempts,ssh_host_key,http_method,http_status_code,http_user_agent,ssl_version,ssl_cipher,ssl_curve,ssl_validation_status,files_source,file_md5,dns_dicts,ssh_dicts,http_dicts,ssl_dicts,files_dicts
104.88.86.240,0x186fb9,CaVJzl4hpfAHFVbDyi,SF,5.628135,356,728,2129,9,tcp,3963,4295,443,8,ssl,2017-07-06T13:01:26.68066Z,192.168.10.9,0,0,0,1,2,[],[],[],[],[],[],[],['TLSv12'],['TLS_ECDHE_RSA_WITH_AES_256_GCM_SHA384'],[None],[None],['SSL'],"['b53f46c614f4e9a2f0e513c5866e0780', '36a4b6859fd764e787ee42fd3a9305db']",[],[],[],"[{'ssl.version': 'TLSv12', 'ssl.validation_status': None, 'ssl.curve': None, 'ssl.cipher': 'TLS_ECDHE_RSA_WITH_AES_256_GCM_SHA384', 'count': 1}]","[{'files.source': 'SSL', 'file.md5s': {'b53f46c614f4e9a2f0e513c5866e0780', '36a4b6859fd764e787ee42fd3a9305db'}, 'count': 2}]"
104.88.86.240,0x1e8abc,CWEb9ykE1J9xC0NNh,RSTR,116.071599,993,1856,2196,21,tcp,5089,6113,443,22,ssl,2017-07-06T13:01:29.649104Z,192.168.10.9,0,0,0,1,2,[],[],[],[],[],[],[],['TLSv12'],['TLS_ECDHE_RSA_WITH_AES_256_GCM_SHA384'],[None],[None],['SSL'],"['b53f46c614f4e9a2f0e513c5866e0780', '36a4b6859fd764e787ee42fd3a9305db']",[],[],[],"[{'ssl.version': 'TLSv12', 'ssl.validation_status': None, 'ssl.curve': None, 'ssl.cipher': 'TLS_ECDHE_RSA_WITH_AES_256_GCM_SHA384', 'count': 1}]","[{'files.source': 'SSL', 'file.md5s': {'b53f46c614f4e9a2f0e513c5866e0780', '36a4b6859fd764e787ee42fd3a9305db'}, 'count': 2}]"
104.88.86.240,0x2197c8,CFg3kX2MDRr4hF7VNa,SF,116.113315,3270,4213,2128,23,tcp,7255,8359,443,24,ssl,2017-07-06T13:01:26.584508Z,192.168.10.9,0,0,0,1,2,[],[],[],[],[],[],[],['TLSv12'],['TLS_ECDHE_RSA_WITH_AES_256_GCM_SHA384'],[None],[None],['SSL'],"['b53f46c614f4e9a2f0e513c5866e0780', '36a4b6859fd764e787ee42fd3a9305db']",[],[],[],"[{'ssl.version': 'TLSv12', 'ssl.validation_status': None, 'ssl.curve': None, 'ssl.cipher': 'TLS_ECDHE_RSA_WITH_AES_256_GCM_SHA384', 'count': 1}]","[{'files.source': 'SSL', 'file.md5s': {'b53f46c614f4e9a2f0e513c5866e0780', '36a4b6859fd764e787ee42fd3a9305db'}, 'count': 2}]"
104.88.86.240,0x27b1b5,CBt878IUGgsxLOIVd,RSTR,115.74401,669,1532,2096,21,tcp,8296,9360,443,23,ssl,2017-07-06T13:01:25.941262Z,192.168.10.9,0,0,0,1,2,[],[],[],[],[],[],[],['TLSv12'],['TLS_ECDHE_RSA_WITH_AES_256_GCM_SHA384'],[None],[None],['SSL'],"['b53f46c614f4e9a2f0e513c5866e0780', '36a4b6859fd764e787ee42fd3a9305db']",[],[],[],"[{'ssl.version': 'TLSv12', 'ssl.validation_status': None, 'ssl.curve': None, 'ssl.cipher': 'TLS_ECDHE_RSA_WITH_AES_256_GCM_SHA384', 'count': 1}]","[{'files.source': 'SSL', 'file.md5s': {'b53f46c614f4e9a2f0e513c5866e0780', '36a4b6859fd764e787ee42fd3a9305db'}, 'count': 2}]"
