originated_ip,uid,connection.uid,connection.conn_state,connection.duration,connection.orig_bytes,connection.orig_ip_bytes,connection.orig_p,connection.orig_pkts,connection.proto,connection.resp_bytes,connection.resp_ip_bytes,connection.resp_p,connection.resp_pkts,connection.service,connection.ts,responded_ip,dns_count,ssh_count,http_count,ssl_count,files_count,dns_qtype,dns_rcode,ssh_auth_attempts,ssh_host_key,http_method,http_status_code,http_user_agent,ssl_version,ssl_cipher,ssl_curve,ssl_validation_status,files_source,file_md5,dns_dicts,ssh_dicts,http_dicts,ssl_dicts,files_dicts
151.101.44.129,0x317d3,CBFCP42Z3NnLZEmkr4,SF,5.083292,0,172,1598,4,tcp,0,92,80,2,,2017-07-06T12:50:09.225035Z,192.168.10.9,0,0,0,0,0,[],[],[],[],[],[],[],[],[],[],[],[],[],[],[],[],[],[]
151.101.44.129,0xdc541,Caafen2K2WBuYzDCBj,SF,5.715421,0,172,52577,4,tcp,0,92,80,2,,2017-07-06T12:42:01.589026Z,192.168.10.15,0,0,0,0,0,[],[],[],[],[],[],[],[],[],[],[],[],[],[],[],[],[],[]
151.101.44.129,0x187070,CztqylvCvk3E6Qmu2,SF,115.615319,291,1234,1597,23,tcp,20888,22112,80,27,http,2017-07-06T12:50:09.224964Z,192.168.10.9,0,0,1,0,1,[],[],[],[],['GET'],[200],[None],[],[],[],[],['HTTP'],[''],[],[],"[{'http.user_agent': None, 'http.method': 'GET', 'http.status_code': 200, 'count': 1}]",[],"[{'files.source': 'HTTP', 'file.md5s': {''}, 'count': 1}]"
151.101.44.129,0x200f8e,Cd5NPS3iln0iSE2nf,SF,115.891254,388,1371,52576,24,tcp,20740,21964,80,27,http,2017-07-06T12:42:01.588648Z,192.168.10.15,0,0,1,0,1,[],[],[],[],['GET'],[200],[None],[],[],[],[],['HTTP'],[''],[],[],"[{'http.user_agent': None, 'http.method': 'GET', 'http.status_code': 200, 'count': 1}]",[],"[{'files.source': 'HTTP', 'file.md5s': {''}, 'count': 1}]"
