originated_ip,uid,connection.uid,connection.conn_state,connection.duration,connection.orig_bytes,connection.orig_ip_bytes,connection.orig_p,connection.orig_pkts,connection.proto,connection.resp_bytes,connection.resp_ip_bytes,connection.resp_p,connection.resp_pkts,connection.service,connection.ts,responded_ip,dns_count,ssh_count,http_count,ssl_count,files_count,dns_qtype,dns_rcode,ssh_auth_attempts,ssh_host_key,http_method,http_status_code,http_user_agent,ssl_version,ssl_cipher,ssl_curve,ssl_validation_status,files_source,file_md5,dns_dicts,ssh_dicts,http_dicts,ssl_dicts,files_dicts
121.40.44.206,0x61e0e,CymiZM1gknH9NYYDwg,REJ,0.261778,0,60,39892,1,tcp,0,40,443,1,,2017-07-06T12:34:43.990218Z,192.168.10.12,0,0,0,0,0,,,,,,,,,,,,,,,,,,
121.40.44.206,0x219532,CjdK5b2K51Spp5vZOa,REJ,0.278629,0,60,39888,1,tcp,0,40,443,1,,2017-07-06T12:34:43.479102Z,192.168.10.12,0,0,0,0,0,,,,,,,,,,,,,,,,,,
121.40.44.206,0x262900,Cg21Mn33aJU0EkJQsk,REJ,0.259845,0,60,39890,1,tcp,0,40,443,1,,2017-07-06T12:34:43.730056Z,192.168.10.12,0,0,0,0,0,,,,,,,,,,,,,,,,,,
121.40.44.206,0x27b19f,CJQv941xSa8rzdBv59,REJ,0.255169,0,60,39886,1,tcp,0,40,443,1,,2017-07-06T12:34:43.223453Z,192.168.10.12,0,0,0,0,0,,,,,,,,,,,,,,,,,,
