originated_ip,uid,connection.uid,connection.conn_state,connection.duration,connection.orig_bytes,connection.orig_ip_bytes,connection.orig_p,connection.orig_pkts,connection.proto,connection.resp_bytes,connection.resp_ip_bytes,connection.resp_p,connection.resp_pkts,connection.service,connection.ts,responded_ip,dns_count,ssh_count,http_count,ssl_count,files_count,dns_qtype,dns_rcode,ssh_auth_attempts,ssh_host_key,http_method,http_status_code,http_user_agent,ssl_version,ssl_cipher,ssl_curve,ssl_validation_status,files_source,file_md5,dns_dicts,ssh_dicts,http_dicts,ssl_dicts,files_dicts
104.16.53.4,0xdc1d2,CZ3K4o1SuVQ1T8lKHh,SF,5.762851,599,891,53234,7,tcp,162,414,443,6,ssl,2017-07-06T13:11:49.421518Z,192.168.10.15,0,0,0,1,0,[],[],[],[],[],[],[],['TLSv12'],['TLS_ECDHE_RSA_WITH_AES_128_GCM_SHA256'],[None],[None],[],[],[],[],[],"[{'ssl.version': 'TLSv12', 'ssl.validation_status': None, 'ssl.curve': None, 'ssl.cipher': 'TLS_ECDHE_RSA_WITH_AES_128_GCM_SHA256', 'count': 1}]",[]
104.16.53.4,0x1255b3,COtaRV3pYzNaZLaiYf,SF,116.028024,1018,1841,53232,20,tcp,3566,4550,443,21,ssl,2017-07-06T13:11:49.405675Z,192.168.10.15,0,0,0,1,0,[],[],[],[],[],[],[],['TLSv12'],['TLS_ECDHE_RSA_WITH_AES_128_GCM_SHA256'],[None],[None],[],[],[],[],[],"[{'ssl.version': 'TLSv12', 'ssl.validation_status': None, 'ssl.curve': None, 'ssl.cipher': 'TLS_ECDHE_RSA_WITH_AES_128_GCM_SHA256', 'count': 1}]",[]
104.16.53.4,0x19f712,Cr69G6lWWIez4EaVe,SF,116.115291,1233,2176,53231,23,tcp,9995,11179,443,26,ssl,2017-07-06T13:11:49.31656Z,192.168.10.15,0,0,0,1,4,[],[],[],[],[],[],[],['TLSv12'],['TLS_ECDHE_RSA_WITH_AES_128_GCM_SHA256'],[None],[None],['SSL'],"['7210f0efd0b92b7909d880821599dae2', '81528b89e165204a75ad85e8c388cd68', '6b6daaf69d904bad9d6897131cdbdcf9', '96c25031bc0dc35cfba723731e1b4140']",[],[],[],"[{'ssl.version': 'TLSv12', 'ssl.validation_status': None, 'ssl.curve': None, 'ssl.cipher': 'TLS_ECDHE_RSA_WITH_AES_128_GCM_SHA256', 'count': 1}]","[{'files.source': 'SSL', 'file.md5s': {'7210f0efd0b92b7909d880821599dae2', '81528b89e165204a75ad85e8c388cd68', '6b6daaf69d904bad9d6897131cdbdcf9', '96c25031bc0dc35cfba723731e1b4140'}, 'count': 4}]"
104.16.53.4,0x1b7d58,CAC3rK1bdjv3tjD0xj,SF,116.026565,1021,2004,53233,24,tcp,12617,13881,443,28,ssl,2017-07-06T13:11:49.405844Z,192.168.10.15,0,0,0,1,0,[],[],[],[],[],[],[],['TLSv12'],['TLS_ECDHE_RSA_WITH_AES_128_GCM_SHA256'],[None],[None],[],[],[],[],[],"[{'ssl.version': 'TLSv12', 'ssl.validation_status': None, 'ssl.curve': None, 'ssl.cipher': 'TLS_ECDHE_RSA_WITH_AES_128_GCM_SHA256', 'count': 1}]",[]
