originated_ip,uid,connection.uid,connection.conn_state,connection.duration,connection.orig_bytes,connection.orig_ip_bytes,connection.orig_p,connection.orig_pkts,connection.proto,connection.resp_bytes,connection.resp_ip_bytes,connection.resp_p,connection.resp_pkts,connection.service,connection.ts,responded_ip,dns_count,ssh_count,http_count,ssl_count,files_count,dns_qtype,dns_rcode,ssh_auth_attempts,ssh_host_key,http_method,http_status_code,http_user_agent,ssl_version,ssl_cipher,ssl_curve,ssl_validation_status,files_source,file_md5,dns_dicts,ssh_dicts,http_dicts,ssl_dicts,files_dicts
104.97.83.186,0x19f22d,CLki6a1y7qmw8N3kYj,SF,5.729131,362,774,51971,10,tcp,4975,5347,443,9,ssl,2017-07-06T12:39:21.616379Z,192.168.10.15,0,0,0,1,3,[],[],[],[],[],[],[],['TLSv12'],['TLS_ECDHE_RSA_WITH_AES_256_GCM_SHA384'],[None],[None],['SSL'],"['a96bc3bee125336afd4b508e9c3028f7', 'f91ffee6a36b998841d467dde5f8977a', '23d5858ebc8986107cb7ac1e17f726c5']",[],[],[],"[{'ssl.version': 'TLSv12', 'ssl.validation_status': None, 'ssl.curve': None, 'ssl.cipher': 'TLS_ECDHE_RSA_WITH_AES_256_GCM_SHA384', 'count': 1}]","[{'files.source': 'SSL', 'file.md5s': {'a96bc3bee125336afd4b508e9c3028f7', 'f91ffee6a36b998841d467dde5f8977a', '23d5858ebc8986107cb7ac1e17f726c5'}, 'count': 3}]"
104.97.83.186,0x19f381,CBxbF73iwKShb72bTl,SF,5.729641,362,774,51970,10,tcp,4975,5307,443,8,ssl,2017-07-06T12:39:21.615906Z,192.168.10.15,0,0,0,1,0,[],[],[],[],[],[],[],['TLSv12'],['TLS_ECDHE_RSA_WITH_AES_256_GCM_SHA384'],[None],[None],[],[],[],[],[],"[{'ssl.version': 'TLSv12', 'ssl.validation_status': None, 'ssl.curve': None, 'ssl.cipher': 'TLS_ECDHE_RSA_WITH_AES_256_GCM_SHA384', 'count': 1}]",[]
104.97.83.186,0x26271e,CrwUVa2KzsEKRmkBL8,RSTR,116.014082,924,1867,51968,23,tcp,8877,9981,443,24,ssl,2017-07-06T12:39:21.615142Z,192.168.10.15,0,0,0,1,3,[],[],[],[],[],[],[],['TLSv12'],['TLS_ECDHE_RSA_WITH_AES_256_GCM_SHA384'],[None],[None],['SSL'],"['a96bc3bee125336afd4b508e9c3028f7', 'f91ffee6a36b998841d467dde5f8977a', '23d5858ebc8986107cb7ac1e17f726c5']",[],[],[],"[{'ssl.version': 'TLSv12', 'ssl.validation_status': None, 'ssl.curve': None, 'ssl.cipher': 'TLS_ECDHE_RSA_WITH_AES_256_GCM_SHA384', 'count': 1}]","[{'files.source': 'SSL', 'file.md5s': {'a96bc3bee125336afd4b508e9c3028f7', 'f91ffee6a36b998841d467dde5f8977a', '23d5858ebc8986107cb7ac1e17f726c5'}, 'count': 3}]"
104.97.83.186,0x2dc7f6,CCSZz91WsKRz4r8eQk,RSTR,116.013609,949,1892,51969,23,tcp,8877,9941,443,23,ssl,2017-07-06T12:39:21.615583Z,192.168.10.15,0,0,0,1,3,[],[],[],[],[],[],[],['TLSv12'],['TLS_ECDHE_RSA_WITH_AES_256_GCM_SHA384'],[None],[None],['SSL'],"['a96bc3bee125336afd4b508e9c3028f7', 'f91ffee6a36b998841d467dde5f8977a', '23d5858ebc8986107cb7ac1e17f726c5']",[],[],[],"[{'ssl.version': 'TLSv12', 'ssl.validation_status': None, 'ssl.curve': None, 'ssl.cipher': 'TLS_ECDHE_RSA_WITH_AES_256_GCM_SHA384', 'count': 1}]","[{'files.source': 'SSL', 'file.md5s': {'a96bc3bee125336afd4b508e9c3028f7', 'f91ffee6a36b998841d467dde5f8977a', '23d5858ebc8986107cb7ac1e17f726c5'}, 'count': 3}]"
