originated_ip,uid,connection.uid,connection.conn_state,connection.duration,connection.orig_bytes,connection.orig_ip_bytes,connection.orig_p,connection.orig_pkts,connection.proto,connection.resp_bytes,connection.resp_ip_bytes,connection.resp_p,connection.resp_pkts,connection.service,connection.ts,responded_ip,dns_count,ssh_count,http_count,ssl_count,files_count,dns_qtype,dns_rcode,ssh_auth_attempts,ssh_host_key,http_method,http_status_code,http_user_agent,ssl_version,ssl_cipher,ssl_curve,ssl_validation_status,files_source,file_md5,dns_dicts,ssh_dicts,http_dicts,ssl_dicts,files_dicts
158.69.26.71,0x855,CnB1Fa19T4ksYEXtve,SF,116.051977,286,1438,51505,22,tcp,11724,12720,80,19,http,2017-07-06T13:16:58.723803Z,192.168.10.19,0,0,1,0,0,[],[],[],[],['GET'],[0],[None],[],[],[],[],[],[],[],[],"[{'http.user_agent': None, 'http.method': 'GET', 'http.status_code': 0, 'count': 1}]",[],[]
158.69.26.71,0x49db3,CxPXDh1IUZQkqjbh8,SF,116.095606,269,1265,51497,19,tcp,5645,6589,80,18,http,2017-07-06T13:16:58.68017Z,192.168.10.19,0,0,1,0,1,[],[],[],[],['GET'],[200],[None],[],[],[],[],['HTTP'],[''],[],[],"[{'http.user_agent': None, 'http.method': 'GET', 'http.status_code': 200, 'count': 1}]",[],"[{'files.source': 'HTTP', 'file.md5s': {''}, 'count': 1}]"
158.69.26.71,0x7aaca,CnY0O63ZDhBdkRC1v9,SF,116.051641,299,1555,51504,24,tcp,17069,18325,80,24,http,2017-07-06T13:16:58.723741Z,192.168.10.19,0,0,1,0,1,[],[],[],[],['GET'],[200],[None],[],[],[],[],['HTTP'],[''],[],[],"[{'http.user_agent': None, 'http.method': 'GET', 'http.status_code': 200, 'count': 1}]",[],"[{'files.source': 'HTTP', 'file.md5s': {''}, 'count': 1}]"
158.69.26.71,0xf4c4a,CxaqyK1d1HhEaYvNu5,SF,116.05159,299,1607,51506,25,tcp,18252,19560,80,25,http,2017-07-06T13:16:58.723807Z,192.168.10.19,0,0,1,0,1,[],[],[],[],['GET'],[200],[None],[],[],[],[],['HTTP'],[''],[],[],"[{'http.user_agent': None, 'http.method': 'GET', 'http.status_code': 200, 'count': 1}]",[],"[{'files.source': 'HTTP', 'file.md5s': {''}, 'count': 1}]"
