originated_ip,uid,connection.uid,connection.conn_state,connection.duration,connection.orig_bytes,connection.orig_ip_bytes,connection.orig_p,connection.orig_pkts,connection.proto,connection.resp_bytes,connection.resp_ip_bytes,connection.resp_p,connection.resp_pkts,connection.service,connection.ts,responded_ip,dns_count,ssh_count,http_count,ssl_count,files_count,dns_qtype,dns_rcode,ssh_auth_attempts,ssh_host_key,http_method,http_status_code,http_user_agent,ssl_version,ssl_cipher,ssl_curve,ssl_validation_status,files_source,file_md5,dns_dicts,ssh_dicts,http_dicts,ssl_dicts,files_dicts
162.244.66.114,0x49e88,Cjrx0gYeNywIBNzuc,RSTR,6.05277,0,164,46286,3,tcp,0,100,80,2,,2017-07-06T12:51:31.10656Z,192.168.10.16,0,0,0,0,0,[],[],[],[],[],[],[],[],[],[],[],[],[],[],[],[],[],[]
162.244.66.114,0x92dd6,Ccw3bG3loD6liqwmNh,SF,121.751854,879,2967,46062,40,tcp,39108,41040,80,37,http,2017-07-06T12:51:24.754666Z,192.168.10.16,0,0,1,0,3,[],[],[],[],['GET'],[200],[None],[],[],[],[],['HTTP'],"['', 'f5f957ee74780044ca5df873fd601413', '029f716b522a27d11acd74583744d9a1']",[],[],"[{'http.user_agent': None, 'http.method': 'GET', 'http.status_code': 200, 'count': 1}]",[],"[{'files.source': 'HTTP', 'file.md5s': {'', 'f5f957ee74780044ca5df873fd601413', '029f716b522a27d11acd74583744d9a1'}, 'count': 3}]"
162.244.66.114,0x13d94e,C6VCQP2pqtal2qRLgd,OTH,58.971235,1,286,1270,7,tcp,0,312,80,6,,2017-07-06T12:30:09.864276Z,192.168.10.9,0,0,0,0,0,[],[],[],[],[],[],[],[],[],[],[],[],[],[],[],[],[],[]
162.244.66.114,0x186cff,CSDen0393OLVVjLGF8,OTH,68.785414,0,326,1269,8,tcp,2373,2765,80,8,,2017-07-06T12:30:00.049978Z,192.168.10.9,0,0,0,0,0,[],[],[],[],[],[],[],[],[],[],[],[],[],[],[],[],[],[]
