originated_ip,uid,connection.uid,connection.conn_state,connection.duration,connection.orig_bytes,connection.orig_ip_bytes,connection.orig_p,connection.orig_pkts,connection.proto,connection.resp_bytes,connection.resp_ip_bytes,connection.resp_p,connection.resp_pkts,connection.service,connection.ts,responded_ip,dns_count,ssh_count,http_count,ssl_count,files_count,dns_qtype,dns_rcode,ssh_auth_attempts,ssh_host_key,http_method,http_status_code,http_user_agent,ssl_version,ssl_cipher,ssl_curve,ssl_validation_status,files_source,file_md5,dns_dicts,ssh_dicts,http_dicts,ssl_dicts,files_dicts
109.201.130.57,0x13e47e,CrYokMAKXopGXcBec,S0,0.0,0,60,59904,1,tcp,0,0,443,0,,2017-07-06T13:15:13.826312Z,192.168.10.12,0,0,0,0,0,,,,,,,,,,,,,,,,,,
109.201.130.57,0x201911,CkfsPn2YTjwIUybXY7,S0,0.0,0,60,59902,1,tcp,0,0,443,0,,2017-07-06T13:15:13.780987Z,192.168.10.12,0,0,0,0,0,,,,,,,,,,,,,,,,,,
109.201.130.57,0x2633f7,Co6pUS1haRItDHqPkd,S0,0.0,0,60,59896,1,tcp,0,0,443,0,,2017-07-06T13:15:13.474113Z,192.168.10.12,0,0,0,0,0,,,,,,,,,,,,,,,,,,
109.201.130.57,0x2ac781,CqFX5K2rGzpoCZtMZ4,S0,0.0,0,60,59910,1,tcp,0,0,443,0,,2017-07-06T13:15:14.134127Z,192.168.10.12,0,0,0,0,0,,,,,,,,,,,,,,,,,,
