originated_ip,uid,connection.uid,connection.conn_state,connection.duration,connection.orig_bytes,connection.orig_ip_bytes,connection.orig_p,connection.orig_pkts,connection.proto,connection.resp_bytes,connection.resp_ip_bytes,connection.resp_p,connection.resp_pkts,connection.service,connection.ts,responded_ip,dns_count,ssh_count,http_count,ssl_count,files_count,dns_qtype,dns_rcode,ssh_auth_attempts,ssh_host_key,http_method,http_status_code,http_user_agent,ssl_version,ssl_cipher,ssl_curve,ssl_validation_status,files_source,file_md5,dns_dicts,ssh_dicts,http_dicts,ssl_dicts,files_dicts
156.154.200.36,0x1251f2,CV9gjD2Jc0nKGH40Sf,SF,0.179857,1132,1544,51642,10,tcp,4945,5473,443,13,ssl,2017-07-06T12:35:42.232303Z,192.168.10.15,0,0,0,1,4,[],[],[],[],[],[],[],['TLSv12'],['TLS_RSA_WITH_AES_128_CBC_SHA'],[None],[None],['SSL'],"['67cb9dc013248a829bb2171ed11becd4', '2e7db2a31d0e3da4b25f49b9542a2e1a', '901103db6490bcba382e65f965386519', '16e9474315220fb82beebb90b1a4c300']",[],[],[],"[{'ssl.version': 'TLSv12', 'ssl.validation_status': None, 'ssl.curve': None, 'ssl.cipher': 'TLS_RSA_WITH_AES_128_CBC_SHA', 'count': 1}]","[{'files.source': 'SSL', 'file.md5s': {'67cb9dc013248a829bb2171ed11becd4', '2e7db2a31d0e3da4b25f49b9542a2e1a', '901103db6490bcba382e65f965386519', '16e9474315220fb82beebb90b1a4c300'}, 'count': 4}]"
156.154.200.36,0x16e7fd,C7dUB84pMxqAlFpSU8,SF,0.191354,956,1368,1769,10,tcp,4897,5385,443,12,ssl,2017-07-06T12:50:13.506612Z,192.168.10.9,0,0,0,1,4,[],[],[],[],[],[],[],['TLSv12'],['TLS_RSA_WITH_AES_128_CBC_SHA'],[None],[None],['SSL'],"['67cb9dc013248a829bb2171ed11becd4', '2e7db2a31d0e3da4b25f49b9542a2e1a', '901103db6490bcba382e65f965386519', '16e9474315220fb82beebb90b1a4c300']",[],[],[],"[{'ssl.version': 'TLSv12', 'ssl.validation_status': None, 'ssl.curve': None, 'ssl.cipher': 'TLS_RSA_WITH_AES_128_CBC_SHA', 'count': 1}]","[{'files.source': 'SSL', 'file.md5s': {'67cb9dc013248a829bb2171ed11becd4', '2e7db2a31d0e3da4b25f49b9542a2e1a', '901103db6490bcba382e65f965386519', '16e9474315220fb82beebb90b1a4c300'}, 'count': 4}]"
156.154.200.36,0x2198b7,CFosnb2wstjn8g0zwc,SF,0.070858,327,539,1770,5,tcp,345,553,80,5,http,2017-07-06T12:50:13.507061Z,192.168.10.9,0,0,1,0,0,[],[],[],[],['GET'],[302],[None],[],[],[],[],[],[],[],[],"[{'http.user_agent': None, 'http.method': 'GET', 'http.status_code': 302, 'count': 1}]",[],[]
156.154.200.36,0x262812,Cp7BnSQcPdOluIOj2,RSTO,0.430889,562,894,51641,8,tcp,4508,4836,443,8,ssl,2017-07-06T12:35:42.137055Z,192.168.10.15,0,0,0,1,0,[],[],[],[],[],[],[],['TLSv12'],['TLS_RSA_WITH_AES_128_CBC_SHA'],[None],[None],[],[],[],[],[],"[{'ssl.version': 'TLSv12', 'ssl.validation_status': None, 'ssl.curve': None, 'ssl.cipher': 'TLS_RSA_WITH_AES_128_CBC_SHA', 'count': 1}]",[]
