originated_ip,uid,connection.uid,connection.conn_state,connection.duration,connection.orig_bytes,connection.orig_ip_bytes,connection.orig_p,connection.orig_pkts,connection.proto,connection.resp_bytes,connection.resp_ip_bytes,connection.resp_p,connection.resp_pkts,connection.service,connection.ts,responded_ip,dns_count,ssh_count,http_count,ssl_count,files_count,dns_qtype,dns_rcode,ssh_auth_attempts,ssh_host_key,http_method,http_status_code,http_user_agent,ssl_version,ssl_cipher,ssl_curve,ssl_validation_status,files_source,file_md5,dns_dicts,ssh_dicts,http_dicts,ssl_dicts,files_dicts
107.178.254.65,0x567,CEhGjqNjm4EvZ1zji,RSTO,0.538508,520,1012,50600,12,tcp,5154,5606,443,11,ssl,2017-07-06T12:57:05.254604Z,192.168.10.5,0,0,0,1,0,[],[],[],[],[],[],[],['TLSv12'],['TLS_ECDHE_RSA_WITH_AES_128_GCM_SHA256'],[None],[None],[],[],[],[],[],"[{'ssl.version': 'TLSv12', 'ssl.validation_status': None, 'ssl.curve': None, 'ssl.cipher': 'TLS_ECDHE_RSA_WITH_AES_128_GCM_SHA256', 'count': 1}]",[]
107.178.254.65,0x10cea4,CE1MyMabgfXPFOYne,SF,181.566351,1279,2251,50602,24,tcp,6122,7054,443,23,ssl,2017-07-06T12:57:05.254986Z,192.168.10.5,0,0,0,1,3,[],[],[],[],[],[],[],['TLSv12'],['TLS_ECDHE_RSA_WITH_AES_128_GCM_SHA256'],[None],[None],['SSL'],"['1edaf9ae99ce2920667d0e9a8b3f8c9c', 'e6e2276b9172d4502c83defb3532b5b4', '83e10465b722ef33ff0b6f535e8d996b']",[],[],[],"[{'ssl.version': 'TLSv12', 'ssl.validation_status': None, 'ssl.curve': None, 'ssl.cipher': 'TLS_ECDHE_RSA_WITH_AES_128_GCM_SHA256', 'count': 1}]","[{'files.source': 'SSL', 'file.md5s': {'1edaf9ae99ce2920667d0e9a8b3f8c9c', 'e6e2276b9172d4502c83defb3532b5b4', '83e10465b722ef33ff0b6f535e8d996b'}, 'count': 3}]"
107.178.254.65,0x19f35a,CnV7x32f1vBOtt52L1,SF,0.494118,311,683,52226,9,tcp,5116,5488,443,9,ssl,2017-07-06T12:39:30.476347Z,192.168.10.15,0,0,0,1,3,[],[],[],[],[],[],[],['TLSv12'],['TLS_ECDHE_RSA_WITH_AES_128_GCM_SHA256'],[None],[None],['SSL'],"['1edaf9ae99ce2920667d0e9a8b3f8c9c', 'e6e2276b9172d4502c83defb3532b5b4', '83e10465b722ef33ff0b6f535e8d996b']",[],[],[],"[{'ssl.version': 'TLSv12', 'ssl.validation_status': None, 'ssl.curve': None, 'ssl.cipher': 'TLS_ECDHE_RSA_WITH_AES_128_GCM_SHA256', 'count': 1}]","[{'files.source': 'SSL', 'file.md5s': {'1edaf9ae99ce2920667d0e9a8b3f8c9c', 'e6e2276b9172d4502c83defb3532b5b4', '83e10465b722ef33ff0b6f535e8d996b'}, 'count': 3}]"
107.178.254.65,0x24a1b0,CbDNXI1Mwwsf2HEHUh,SF,180.878613,1166,2138,52227,24,tcp,6100,7032,443,23,ssl,2017-07-06T12:39:30.476629Z,192.168.10.15,0,0,0,1,3,[],[],[],[],[],[],[],['TLSv12'],['TLS_ECDHE_RSA_WITH_AES_128_GCM_SHA256'],[None],[None],['SSL'],"['1edaf9ae99ce2920667d0e9a8b3f8c9c', 'e6e2276b9172d4502c83defb3532b5b4', '83e10465b722ef33ff0b6f535e8d996b']",[],[],[],"[{'ssl.version': 'TLSv12', 'ssl.validation_status': None, 'ssl.curve': None, 'ssl.cipher': 'TLS_ECDHE_RSA_WITH_AES_128_GCM_SHA256', 'count': 1}]","[{'files.source': 'SSL', 'file.md5s': {'1edaf9ae99ce2920667d0e9a8b3f8c9c', 'e6e2276b9172d4502c83defb3532b5b4', '83e10465b722ef33ff0b6f535e8d996b'}, 'count': 3}]"
