originated_ip,uid,connection.uid,connection.conn_state,connection.duration,connection.orig_bytes,connection.orig_ip_bytes,connection.orig_p,connection.orig_pkts,connection.proto,connection.resp_bytes,connection.resp_ip_bytes,connection.resp_p,connection.resp_pkts,connection.service,connection.ts,responded_ip,dns_count,ssh_count,http_count,ssl_count,files_count,dns_qtype,dns_rcode,ssh_auth_attempts,ssh_host_key,http_method,http_status_code,http_user_agent,ssl_version,ssl_cipher,ssl_curve,ssl_validation_status,files_source,file_md5,dns_dicts,ssh_dicts,http_dicts,ssl_dicts,files_dicts
156.154.202.36,0xc3620,CuU0i13WYZwDD9JIUf,SF,0.314997,913,1245,51290,8,tcp,538,946,443,10,ssl,2017-07-06T12:31:31.32811Z,192.168.10.15,0,0,0,1,0,[],[],[],[],[],[],[],['TLSv12'],['TLS_DHE_RSA_WITH_AES_256_CBC_SHA'],[None],[None],[],[],[],[],[],"[{'ssl.version': 'TLSv12', 'ssl.validation_status': None, 'ssl.curve': None, 'ssl.cipher': 'TLS_DHE_RSA_WITH_AES_256_CBC_SHA', 'count': 1}]",[]
156.154.202.36,0x155dff,CE3Y6eygEfRccPtN4,SF,1.718375,865,1197,51274,8,tcp,490,898,443,10,ssl,2017-07-06T12:31:28.384538Z,192.168.10.15,0,0,0,1,0,[],[],[],[],[],[],[],['TLSv12'],['TLS_DHE_RSA_WITH_AES_256_CBC_SHA'],[None],[None],[],[],[],[],[],"[{'ssl.version': 'TLSv12', 'ssl.validation_status': None, 'ssl.curve': None, 'ssl.cipher': 'TLS_DHE_RSA_WITH_AES_256_CBC_SHA', 'count': 1}]",[]
156.154.202.36,0x200ce7,CGBzue1PbxY4qQlqz9,SF,0.189819,865,1197,51394,8,tcp,490,898,443,10,ssl,2017-07-06T12:33:36.272213Z,192.168.10.15,0,0,0,1,0,[],[],[],[],[],[],[],['TLSv12'],['TLS_DHE_RSA_WITH_AES_256_CBC_SHA'],[None],[None],[],[],[],[],[],"[{'ssl.version': 'TLSv12', 'ssl.validation_status': None, 'ssl.curve': None, 'ssl.cipher': 'TLS_DHE_RSA_WITH_AES_256_CBC_SHA', 'count': 1}]",[]
156.154.202.36,0x231a5e,CCWF6s3Xr8fakfl6Oi,SF,5.657693,348,640,51395,7,tcp,165,493,443,8,ssl,2017-07-06T12:33:36.272378Z,192.168.10.15,0,0,0,1,0,[],[],[],[],[],[],[],['TLSv12'],['TLS_DHE_RSA_WITH_AES_256_CBC_SHA'],[None],[None],[],[],[],[],[],"[{'ssl.version': 'TLSv12', 'ssl.validation_status': None, 'ssl.curve': None, 'ssl.cipher': 'TLS_DHE_RSA_WITH_AES_256_CBC_SHA', 'count': 1}]",[]
