originated_ip,uid,connection.uid,connection.conn_state,connection.duration,connection.orig_bytes,connection.orig_ip_bytes,connection.orig_p,connection.orig_pkts,connection.proto,connection.resp_bytes,connection.resp_ip_bytes,connection.resp_p,connection.resp_pkts,connection.service,connection.ts,responded_ip,dns_count,ssh_count,http_count,ssl_count,files_count,dns_qtype,dns_rcode,ssh_auth_attempts,ssh_host_key,http_method,http_status_code,http_user_agent,ssl_version,ssl_cipher,ssl_curve,ssl_validation_status,files_source,file_md5,dns_dicts,ssh_dicts,http_dicts,ssl_dicts,files_dicts
104.97.73.172,0x495d1,CbI3AX2N0dPCWIITJ8,RSTR,115.147702,743,1935,53681,23,tcp,5972,7072,443,21,ssl,2017-07-06T12:43:48.63916Z,192.168.10.17,0,0,0,1,0,[],[],[],[],[],[],[],['TLSv12'],['TLS_ECDHE_RSA_WITH_AES_128_GCM_SHA256'],[None],[None],[],[],[],[],[],"[{'ssl.version': 'TLSv12', 'ssl.validation_status': None, 'ssl.curve': None, 'ssl.cipher': 'TLS_ECDHE_RSA_WITH_AES_128_GCM_SHA256', 'count': 1}]",[]
104.97.73.172,0xdbf2e,CG4VM343gRnaC1fwi,SF,5.991275,347,759,50150,10,tcp,5211,5543,443,8,ssl,2017-07-06T12:46:54.309734Z,192.168.10.5,0,0,0,1,3,[],[],[],[],[],[],[],['TLSv12'],['TLS_ECDHE_RSA_WITH_AES_256_GCM_SHA384'],[None],[None],['SSL'],"['f91ffee6a36b998841d467dde5f8977a', '23d5858ebc8986107cb7ac1e17f726c5', '700c5cc7afeeec001b2c8217b35a2ed7']",[],[],[],"[{'ssl.version': 'TLSv12', 'ssl.validation_status': None, 'ssl.curve': None, 'ssl.cipher': 'TLS_ECDHE_RSA_WITH_AES_256_GCM_SHA384', 'count': 1}]","[{'files.source': 'SSL', 'file.md5s': {'f91ffee6a36b998841d467dde5f8977a', '23d5858ebc8986107cb7ac1e17f726c5', '700c5cc7afeeec001b2c8217b35a2ed7'}, 'count': 3}]"
104.97.73.172,0x19f42b,CuOvSl4hD4xBXxW2e2,RSTR,117.180719,1084,2107,50151,25,tcp,6283,7347,443,23,ssl,2017-07-06T12:46:54.309903Z,192.168.10.5,0,0,0,1,3,[],[],[],[],[],[],[],['TLSv12'],['TLS_ECDHE_RSA_WITH_AES_256_GCM_SHA384'],[None],[None],['SSL'],"['f91ffee6a36b998841d467dde5f8977a', '23d5858ebc8986107cb7ac1e17f726c5', '700c5cc7afeeec001b2c8217b35a2ed7']",[],[],[],"[{'ssl.version': 'TLSv12', 'ssl.validation_status': None, 'ssl.curve': None, 'ssl.cipher': 'TLS_ECDHE_RSA_WITH_AES_256_GCM_SHA384', 'count': 1}]","[{'files.source': 'SSL', 'file.md5s': {'f91ffee6a36b998841d467dde5f8977a', '23d5858ebc8986107cb7ac1e17f726c5', '700c5cc7afeeec001b2c8217b35a2ed7'}, 'count': 3}]"
104.97.73.172,0x2f4da2,CMCRZO1yXPxLDFuUS3,RSTR,115.375564,1402,2594,53664,23,tcp,6338,7542,443,23,ssl,2017-07-06T12:43:48.412046Z,192.168.10.17,0,0,0,1,3,[],[],[],[],[],[],[],['TLSv12'],['TLS_ECDHE_RSA_WITH_AES_128_GCM_SHA256'],[None],[None],['SSL'],"['f91ffee6a36b998841d467dde5f8977a', '23d5858ebc8986107cb7ac1e17f726c5', '700c5cc7afeeec001b2c8217b35a2ed7']",[],[],[],"[{'ssl.version': 'TLSv12', 'ssl.validation_status': None, 'ssl.curve': None, 'ssl.cipher': 'TLS_ECDHE_RSA_WITH_AES_128_GCM_SHA256', 'count': 1}]","[{'files.source': 'SSL', 'file.md5s': {'f91ffee6a36b998841d467dde5f8977a', '23d5858ebc8986107cb7ac1e17f726c5', '700c5cc7afeeec001b2c8217b35a2ed7'}, 'count': 3}]"
