originated_ip,uid,connection.uid,connection.conn_state,connection.duration,connection.orig_bytes,connection.orig_ip_bytes,connection.orig_p,connection.orig_pkts,connection.proto,connection.resp_bytes,connection.resp_ip_bytes,connection.resp_p,connection.resp_pkts,connection.service,connection.ts,responded_ip,dns_count,ssh_count,http_count,ssl_count,files_count,dns_qtype,dns_rcode,ssh_auth_attempts,ssh_host_key,http_method,http_status_code,http_user_agent,ssl_version,ssl_cipher,ssl_curve,ssl_validation_status,files_source,file_md5,dns_dicts,ssh_dicts,http_dicts,ssl_dicts,files_dicts
104.196.62.72,0xab18d,CftHqn4LYBaZaYWLq1,SF,0.368003,599,891,50044,7,tcp,137,389,443,6,ssl,2017-07-06T12:46:51.602561Z,192.168.10.5,0,0,0,1,0,[],[],[],[],[],[],[],['TLSv12'],['TLS_ECDHE_RSA_WITH_AES_128_GCM_SHA256'],[None],[None],[],[],[],[],[],"[{'ssl.version': 'TLSv12', 'ssl.validation_status': None, 'ssl.curve': None, 'ssl.cipher': 'TLS_ECDHE_RSA_WITH_AES_128_GCM_SHA256', 'count': 1}]",[]
104.196.62.72,0x219b84,CqUBJr4blIE3WBHOIb,SF,0.202521,0,172,50120,4,tcp,0,92,443,2,,2017-07-06T12:46:53.455614Z,192.168.10.5,0,0,0,0,0,[],[],[],[],[],[],[],[],[],[],[],[],[],[],[],[],[],[]
104.196.62.72,0x231bcf,Crahfk0M9ZBQh8gjd,SF,10.914479,1113,1485,50173,9,tcp,580,952,443,9,ssl,2017-07-06T12:46:55.594876Z,192.168.10.5,0,0,0,1,0,[],[],[],[],[],[],[],['TLSv12'],['TLS_ECDHE_RSA_WITH_AES_128_GCM_SHA256'],[None],[None],[],[],[],[],[],"[{'ssl.version': 'TLSv12', 'ssl.validation_status': None, 'ssl.curve': None, 'ssl.cipher': 'TLS_ECDHE_RSA_WITH_AES_128_GCM_SHA256', 'count': 1}]",[]
104.196.62.72,0x27aef5,Cy94xn1kJim0Wemcnj,SF,15.895779,5604,6856,49987,31,tcp,11780,12712,443,23,ssl,2017-07-06T12:46:50.274305Z,192.168.10.5,0,0,0,1,4,[],[],[],[],[],[],[],['TLSv12'],['TLS_ECDHE_RSA_WITH_AES_128_GCM_SHA256'],[None],[None],['SSL'],"['1d3554048578b03f42424dbf20730a3f', '2950cf4114fd97bef59ae5577622ccc0', '1edaf9ae99ce2920667d0e9a8b3f8c9c', '83e10465b722ef33ff0b6f535e8d996b']",[],[],[],"[{'ssl.version': 'TLSv12', 'ssl.validation_status': None, 'ssl.curve': None, 'ssl.cipher': 'TLS_ECDHE_RSA_WITH_AES_128_GCM_SHA256', 'count': 1}]","[{'files.source': 'SSL', 'file.md5s': {'1d3554048578b03f42424dbf20730a3f', '2950cf4114fd97bef59ae5577622ccc0', '1edaf9ae99ce2920667d0e9a8b3f8c9c', '83e10465b722ef33ff0b6f535e8d996b'}, 'count': 4}]"
