originated_ip,uid,connection.uid,connection.conn_state,connection.duration,connection.orig_bytes,connection.orig_ip_bytes,connection.orig_p,connection.orig_pkts,connection.proto,connection.resp_bytes,connection.resp_ip_bytes,connection.resp_p,connection.resp_pkts,connection.service,connection.ts,responded_ip,dns_count,ssh_count,http_count,ssl_count,files_count,dns_qtype,dns_rcode,ssh_auth_attempts,ssh_host_key,http_method,http_status_code,http_user_agent,ssl_version,ssl_cipher,ssl_curve,ssl_validation_status,files_source,file_md5,dns_dicts,ssh_dicts,http_dicts,ssl_dicts,files_dicts
104.20.93.15,0x18ed1,CQAiIz3DKifwOLpxzd,SF,92.120049,7062,14686,49877,190,tcp,549972,562304,80,308,http,2017-07-06T13:18:30.483689Z,192.168.10.25,0,0,1,0,20,[],[],[],[],['GET'],[200],[None],[],[],[],[],['HTTP'],"['', 'e57c9b4925add5f4284676f292510900']",[],[],"[{'http.user_agent': None, 'http.method': 'GET', 'http.status_code': 200, 'count': 1}]",[],"[{'files.source': 'HTTP', 'file.md5s': {'', 'e57c9b4925add5f4284676f292510900'}, 'count': 20}]"
104.20.93.15,0xc3d21,CV1JMYM70tijd9OC6,SF,92.119926,5649,13913,49878,206,tcp,537649,551501,80,346,http,2017-07-06T13:18:30.483856Z,192.168.10.25,0,0,1,0,16,[],[],[],[],['GET'],[200],[None],[],[],[],[],['HTTP'],"['', '2034b07a09cd7a730d892e1b56af8e93', 'd1d4d9890cadc98c10c242e913fee0ce', 'd4e0a0d1933b5038929b4cbc1116c93a', '6f53d6f96287948eb42a913aedc3c739', 'b91a57c0fef604b0e304ef7b0675b4e4']",[],[],"[{'http.user_agent': None, 'http.method': 'GET', 'http.status_code': 200, 'count': 1}]",[],"[{'files.source': 'HTTP', 'file.md5s': {'', '2034b07a09cd7a730d892e1b56af8e93', 'd1d4d9890cadc98c10c242e913fee0ce', 'd4e0a0d1933b5038929b4cbc1116c93a', '6f53d6f96287948eb42a913aedc3c739', 'b91a57c0fef604b0e304ef7b0675b4e4'}, 'count': 16}]"
104.20.93.15,0x19f8f7,CFnsim4gViMM7O3xi9,SF,92.119896,7059,13283,49879,155,tcp,417187,427719,80,263,http,2017-07-06T13:18:30.484032Z,192.168.10.25,0,0,1,0,20,[],[],[],[],['GET'],[200],[None],[],[],[],[],['HTTP'],"['', '94752bf4363391d57b82f0c28a9e67cd', 'f8d3920c17c976a2cb6589ca69c4bddf', '4e6867cbd11f0e4202ac320b1cc95b4e', '4ad97791aa21bc2b2f90ece8b5352be3', 'a57ea61aa4112b23679663190b8bc108']",[],[],"[{'http.user_agent': None, 'http.method': 'GET', 'http.status_code': 200, 'count': 1}]",[],"[{'files.source': 'HTTP', 'file.md5s': {'', '94752bf4363391d57b82f0c28a9e67cd', 'f8d3920c17c976a2cb6589ca69c4bddf', '4e6867cbd11f0e4202ac320b1cc95b4e', '4ad97791aa21bc2b2f90ece8b5352be3', 'a57ea61aa4112b23679663190b8bc108'}, 'count': 20}]"
104.20.93.15,0x262e03,C3lzF42ncWzdrarUWe,SF,92.119708,9178,16322,49880,178,tcp,495888,507780,80,297,http,2017-07-06T13:18:30.484179Z,192.168.10.25,0,0,1,0,26,[],[],[],[],['GET'],[200],[None],[],[],[],[],['HTTP'],"['', '99e602c64ae5730e0456e87e80c516ea', '3b79a9007b7a1badacd435d2ba2157c6', 'd97ecb59083afb1a56348b476becd90c', 'fa7ce17a918de03f1ade187f2faa173e']",[],[],"[{'http.user_agent': None, 'http.method': 'GET', 'http.status_code': 200, 'count': 1}]",[],"[{'files.source': 'HTTP', 'file.md5s': {'', '99e602c64ae5730e0456e87e80c516ea', '3b79a9007b7a1badacd435d2ba2157c6', 'd97ecb59083afb1a56348b476becd90c', 'fa7ce17a918de03f1ade187f2faa173e'}, 'count': 26}]"
