originated_ip,uid,connection.uid,connection.conn_state,connection.duration,connection.orig_bytes,connection.orig_ip_bytes,connection.orig_p,connection.orig_pkts,connection.proto,connection.resp_bytes,connection.resp_ip_bytes,connection.resp_p,connection.resp_pkts,connection.service,connection.ts,responded_ip,dns_count,ssh_count,http_count,ssl_count,files_count,dns_qtype,dns_rcode,ssh_auth_attempts,ssh_host_key,http_method,http_status_code,http_user_agent,ssl_version,ssl_cipher,ssl_curve,ssl_validation_status,files_source,file_md5,dns_dicts,ssh_dicts,http_dicts,ssl_dicts,files_dicts
152.195.32.39,0x3ca,CE9uuo4sF1v9J4Tdqi,SF,115.194038,448,1151,49591,17,tcp,1967,2751,80,16,http,2017-07-06T12:39:25.19319Z,192.168.10.8,0,0,1,0,2,[],[],[],[],['POST'],[200],[None],[],[],[],[],['HTTP'],"['1083fbcffec9c65c6616016cf2528295', '3228b77c5a1553e49bd27342afd948dd']",[],[],"[{'http.user_agent': None, 'http.method': 'POST', 'http.status_code': 200, 'count': 1}]",[],"[{'files.source': 'HTTP', 'file.md5s': {'1083fbcffec9c65c6616016cf2528295', '3228b77c5a1553e49bd27342afd948dd'}, 'count': 2}]"
152.195.32.39,0x49c1f,CX31iEpwML45bJzDf,SF,5.729324,0,172,49589,4,tcp,0,92,80,2,,2017-07-06T12:39:25.193065Z,192.168.10.8,0,0,0,0,0,[],[],[],[],[],[],[],[],[],[],[],[],[],[],[],[],[],[]
152.195.32.39,0x1e887e,C2dQnu1m5HNzGd0SU,SF,115.19415,448,1151,49590,17,tcp,1967,2711,80,15,http,2017-07-06T12:39:25.193086Z,192.168.10.8,0,0,1,0,2,[],[],[],[],['POST'],[200],[None],[],[],[],[],['HTTP'],"['1083fbcffec9c65c6616016cf2528295', '3228b77c5a1553e49bd27342afd948dd']",[],[],"[{'http.user_agent': None, 'http.method': 'POST', 'http.status_code': 200, 'count': 1}]",[],"[{'files.source': 'HTTP', 'file.md5s': {'1083fbcffec9c65c6616016cf2528295', '3228b77c5a1553e49bd27342afd948dd'}, 'count': 2}]"
152.195.32.39,0x24a74a,CJSXXF46bPKbinGr0d,SF,5.729404,0,172,49592,4,tcp,0,92,80,2,,2017-07-06T12:39:25.193251Z,192.168.10.8,0,0,0,0,0,[],[],[],[],[],[],[],[],[],[],[],[],[],[],[],[],[],[]
