responded_ip,connection.uid,connection.conn_state,connection.duration,connection.orig_bytes,connection.orig_ip_bytes,connection.orig_p,connection.orig_pkts,connection.proto,connection.resp_bytes,connection.resp_ip_bytes,connection.resp_p,connection.resp_pkts,connection.service,connection.ts,originated_ip
109.123.210.73,CaHn3R2zDzFMtPug78,SF,0.040541,1785,2077,56568,7,tcp,869,1161,443,7,ssl,2019-03-20T10:31:20.065838Z,10.4.4.47
109.123.210.73,Cb49nt2n5tVgoFEufc,SF,0.074207,1495,1787,56567,7,tcp,2409,2741,443,8,ssl,2019-03-20T10:31:19.466531Z,10.4.4.47
109.123.210.73,CKJSJb1lPwwGpVkLpc,SF,0.155105,1214,1650,56442,10,tcp,7985,11197,443,11,ssl,2019-03-20T10:29:35.682881Z,10.4.4.47
109.123.210.73,C6PYUL3MW8BLmMLR8a,SF,0.036792,1372,1107,56445,6,tcp,867,1159,443,7,,2019-03-20T10:29:36.273966Z,10.4.4.47
