responded_ip,connection.uid,connection.conn_state,connection.duration,connection.orig_bytes,connection.orig_ip_bytes,connection.orig_p,connection.orig_pkts,connection.proto,connection.resp_bytes,connection.resp_ip_bytes,connection.resp_p,connection.resp_pkts,connection.service,connection.ts,originated_ip
10.1.2.25,CCyM094NC3Sr8Kh7K6,S0,0.0,0,76,123,1,udp,0,0,123,0,ntp,2019-03-20T14:06:22.818449Z,89.221.212.46
10.1.2.25,CPn6hg3stPFlmc25vb,S0,0.0,0,76,123,1,udp,0,0,123,0,ntp,2019-03-20T14:20:53.813409Z,195.113.144.201
10.1.2.25,CGMaeJ2Xm6yqd9koJ8,S0,0.0,0,76,123,1,udp,0,0,123,0,ntp,2019-03-20T08:28:16.121417Z,147.251.48.140
10.1.2.25,CBCM0w0GhqivTczdk,S0,0.0,0,76,123,1,udp,0,0,123,0,ntp,2019-03-20T13:50:02.817801Z,89.221.214.130
