responded_ip,connection.uid,connection.conn_state,connection.duration,connection.orig_bytes,connection.orig_ip_bytes,connection.orig_p,connection.orig_pkts,connection.proto,connection.resp_bytes,connection.resp_ip_bytes,connection.resp_p,connection.resp_pkts,connection.service,connection.ts,originated_ip
10.6.4.45,C7VIuS1TmSa6RXNGu7,S0,0.0,0,76,123,1,udp,0,0,123,0,ntp,2019-03-20T11:51:39.871248Z,83.167.252.118
10.6.4.45,C7vfRC4FTDw4Ud4lP9,S0,0.0,0,76,123,1,udp,0,0,123,0,ntp,2019-03-20T07:48:43.875654Z,80.79.25.111
10.6.4.45,CGHX6wdsoxrVmqK4d,S0,0.0,0,76,123,1,udp,0,0,123,0,ntp,2019-03-20T07:17:45.892555Z,91.189.89.199
10.6.4.45,CyKPXu4ILkDKkF51f,S0,0.0,0,76,123,1,udp,0,0,123,0,ntp,2019-03-20T10:10:59.892911Z,91.189.89.198
