responded_ip,connection.uid,connection.conn_state,connection.duration,connection.orig_bytes,connection.orig_ip_bytes,connection.orig_p,connection.orig_pkts,connection.proto,connection.resp_bytes,connection.resp_ip_bytes,connection.resp_p,connection.resp_pkts,connection.service,connection.ts,originated_ip
104.103.94.148,CGPDFz4mu51jP6W4ca,RSTO,28.405634,1290,3494,58212,50,tcp,46120,56352,443,14,ssl,2019-03-20T11:50:22.004964Z,10.5.2.22
104.103.94.148,CwRIES1ATsxshV5TE8,SF,26.551399,469,801,58221,8,tcp,151,443,443,7,ssl,2019-03-20T11:50:23.820893Z,10.5.2.22
104.103.94.148,Cf7dgz2xfj11tWUjTi,RSTO,26.592382,1332,2952,58220,36,tcp,35311,38523,443,11,ssl,2019-03-20T11:50:23.81924Z,10.5.2.22
104.103.94.148,C6FXyBKyhjkOcGW56,RSTO,28.405628,1289,2605,58213,29,tcp,34251,37623,443,15,ssl,2019-03-20T11:50:22.004987Z,10.5.2.22
