responded_ip,connection.uid,connection.conn_state,connection.duration,connection.orig_bytes,connection.orig_ip_bytes,connection.orig_p,connection.orig_pkts,connection.proto,connection.resp_bytes,connection.resp_ip_bytes,connection.resp_p,connection.resp_pkts,connection.service,connection.ts,originated_ip
13.32.118.16,Cd9jJf2RsRqSPfOnf,S3,240.072783,1075,1647,60850,14,tcp,6951,7563,443,15,ssl,2019-03-20T14:00:04.83739Z,10.4.4.47
13.32.118.16,CyAdS24GPIy6Lcisu4,RSTO,2.653096,1000,1532,53171,13,tcp,1796,2248,443,11,ssl,2019-03-20T07:10:14.164229Z,10.1.4.47
13.32.118.16,CAQsmE3HwmsZoJ7gH3,S3,240.734941,883,1415,59700,13,tcp,6952,7604,443,16,ssl,2019-03-20T09:43:24.686072Z,10.2.4.42
13.32.118.16,C8jfXQ2S27DGO2ELm8,SF,91.275391,468,920,53141,11,tcp,5270,5602,443,8,ssl,2019-03-20T07:08:42.893834Z,10.1.4.47
