responded_ip,connection.uid,connection.conn_state,connection.duration,connection.orig_bytes,connection.orig_ip_bytes,connection.orig_p,connection.orig_pkts,connection.proto,connection.resp_bytes,connection.resp_ip_bytes,connection.resp_p,connection.resp_pkts,connection.service,connection.ts,originated_ip
13.107.5.80,C1Rst62v3uYv4c94A4,RSTO,6.763654,1749,2369,49777,14,tcp,7737,8109,443,9,ssl,2019-03-20T07:43:57.851428Z,10.5.3.33
13.107.5.80,CGqPns3NukHh8ibxph,RSTO,6.641418,7064,8180,49776,27,tcp,13409,14341,443,23,ssl,2019-03-20T07:43:57.851405Z,10.5.3.33
13.107.5.80,CV31d81cVsT0HhZpC,RSTO,0.132437,1184,1660,49789,11,tcp,6916,7168,443,6,ssl,2019-03-20T07:44:04.621634Z,10.5.3.33
13.107.5.80,Cwsmq92PSHyP3MN2ka,RSTR,95.75071,379,671,49788,7,tcp,6916,7208,443,7,ssl,2019-03-20T07:44:04.621663Z,10.5.3.33
