responded_ip,connection.uid,connection.conn_state,connection.duration,connection.orig_bytes,connection.orig_ip_bytes,connection.orig_p,connection.orig_pkts,connection.proto,connection.resp_bytes,connection.resp_ip_bytes,connection.resp_p,connection.resp_pkts,connection.service,connection.ts,originated_ip
142.93.164.163,CJ8YNk4F76izOYZeK7,SF,5.93642,641,203,50579,4,tcp,156,408,443,6,,2019-03-20T11:09:33.493277Z,10.5.4.42
142.93.164.163,CndC7v3dVPSUqOmks4,SF,5.834381,641,1053,50420,10,tcp,6725,7017,443,7,ssl,2019-03-20T11:09:01.902803Z,10.5.4.42
142.93.164.163,CBOVaPBT13VDmUQil,SF,5.173748,641,933,50772,7,tcp,156,408,443,6,ssl,2019-03-20T11:13:07.261967Z,10.5.4.42
142.93.164.163,Cf9W5l1q8XYpPEGYQ1,SF,5.814493,641,933,50678,7,tcp,156,408,443,6,ssl,2019-03-20T11:10:47.799273Z,10.5.4.42
