responded_ip,connection.uid,connection.conn_state,connection.duration,connection.orig_bytes,connection.orig_ip_bytes,connection.orig_p,connection.orig_pkts,connection.proto,connection.resp_bytes,connection.resp_ip_bytes,connection.resp_p,connection.resp_pkts,connection.service,connection.ts,originated_ip
10.0.3.34,CPBDPo15SBIDbZfAxl,OTH,0.0,0,40,23,1,tcp,0,0,33074,0,,2019-03-20T12:14:04.522961Z,9.66.1.1
10.0.3.34,Ch7eIu2VzWGNal0sAh,OTH,3.038274,0,120,23,3,tcp,0,0,33074,0,,2019-03-20T12:13:57.294785Z,9.66.1.1
10.0.3.34,C03QA22GR8oTZ4dF3f,OTH,0.0,0,40,23,1,tcp,0,0,33074,0,,2019-03-20T12:14:12.715167Z,9.66.1.1
10.0.3.34,COVAp138InfdcARLEl,OTH,0.0,0,40,23,1,tcp,0,0,33074,0,,2019-03-20T12:14:28.846435Z,9.66.1.1
