responded_ip,connection.uid,connection.conn_state,connection.duration,connection.orig_bytes,connection.orig_ip_bytes,connection.orig_p,connection.orig_pkts,connection.proto,connection.resp_bytes,connection.resp_ip_bytes,connection.resp_p,connection.resp_pkts,connection.service,connection.ts,originated_ip
128.0.35.67,CoeBlM18jLGf9RgEAl,SF,0.089967,0,216,37422,4,tcp,0,164,80,3,,2019-03-20T10:51:40.179741Z,9.66.55.13
128.0.35.67,CuPTB51ft2KQyKqYJ1,SF,0.089202,0,216,36304,4,tcp,0,164,80,3,,2019-03-20T09:49:45.76008Z,9.66.44.12
128.0.35.67,C5pV3n3sO0xeBeCi79,SF,0.089486,0,216,53832,4,tcp,0,164,80,3,,2019-03-20T11:08:37.262729Z,9.66.55.12
128.0.35.67,CcrYue2cXnHrogjCCe,SF,0.088192,0,216,42456,4,tcp,0,164,80,3,,2019-03-20T09:47:36.353805Z,9.66.44.13
