responded_ip,connection.uid,connection.conn_state,connection.duration,connection.orig_bytes,connection.orig_ip_bytes,connection.orig_p,connection.orig_pkts,connection.proto,connection.resp_bytes,connection.resp_ip_bytes,connection.resp_p,connection.resp_pkts,connection.service,connection.ts,originated_ip
108.59.165.1,CCCrFp3uWc5kAIIzO1,SF,0.173073,47,75,61897,1,udp,464,492,53,1,dns,2019-03-20T10:53:25.970943Z,10.4.2.22
108.59.165.1,C4hf0t1PnKGyNAmeS8,SF,0.16746,47,75,62434,1,udp,464,492,53,1,dns,2019-03-20T10:49:18.542582Z,10.4.2.22
108.59.165.1,C4XWTPjEgSkmHKb71,SF,0.174481,47,75,62082,1,udp,464,492,53,1,dns,2019-03-20T10:49:22.143157Z,10.4.2.22
108.59.165.1,CVVTKd3mDaHZzHcpYh,SF,0.171469,47,75,60901,1,udp,464,492,53,1,dns,2019-03-20T10:49:22.14278Z,10.4.2.22
