responded_ip,connection.uid,connection.conn_state,connection.duration,connection.orig_bytes,connection.orig_ip_bytes,connection.orig_p,connection.orig_pkts,connection.proto,connection.resp_bytes,connection.resp_ip_bytes,connection.resp_p,connection.resp_pkts,connection.service,connection.ts,originated_ip
104.127.56.124,Crno6U1O58xcGiYUJ1,RSTO,2.378753,361,773,50030,10,tcp,6591,6843,443,6,ssl,2019-03-20T12:12:40.277081Z,10.3.3.33
104.127.56.124,CZ8L1xHAnVQNAfUr,RSTO,29.416793,782,1510,58208,17,tcp,13810,6965,443,6,ssl,2019-03-20T11:50:20.993119Z,10.5.2.22
104.127.56.124,CIIvX9329NqMRRxoq,RSTO,2.380075,782,1274,50031,12,tcp,13732,14024,443,7,ssl,2019-03-20T12:12:40.277104Z,10.3.3.33
104.127.56.124,C31HZX2Wern3XLb0H1,RSTO,29.417325,342,858,58209,12,tcp,6744,7076,443,8,ssl,2019-03-20T11:50:20.993147Z,10.5.2.22
