responded_ip,connection.uid,connection.conn_state,connection.duration,connection.orig_bytes,connection.orig_ip_bytes,connection.orig_p,connection.orig_pkts,connection.proto,connection.resp_bytes,connection.resp_ip_bytes,connection.resp_p,connection.resp_pkts,connection.service,connection.ts,originated_ip
151.139.236.246,C5ofm247fq2NL799Ig,SF,4.104774,476,756,50899,7,tcp,3759,2107,80,6,http,2019-03-20T07:33:05.050983Z,10.2.4.46
151.139.236.246,C3sL4hJPDmgvTggB9,SF,4.435325,476,808,56370,8,tcp,3759,4051,80,7,http,2019-03-20T07:15:50.477355Z,10.2.4.42
151.139.236.246,CMBTPS2ArySKk5Mfj5,SF,0.841292,464,716,49942,6,tcp,1741,2033,80,7,http,2019-03-20T11:01:16.523425Z,10.5.4.42
151.139.236.246,CcPDLV2Sk9z5n6odv8,SF,4.046128,452,704,50538,6,tcp,1730,1982,80,6,http,2019-03-20T11:09:12.249649Z,10.5.4.42
