responded_ip,connection.uid,connection.conn_state,connection.duration,connection.orig_bytes,connection.orig_ip_bytes,connection.orig_p,connection.orig_pkts,connection.proto,connection.resp_bytes,connection.resp_ip_bytes,connection.resp_p,connection.resp_pkts,connection.service,connection.ts,originated_ip
10.0.2.28,CfNtid2Xy2PnvBHX1h,S0,1.825318,0,104,50015,2,tcp,0,0,80,0,,2019-03-20T13:33:46.640755Z,10.4.3.33
10.0.2.28,CjhKXu43PcEYXDE8G9,S0,0.0,0,48,50015,1,tcp,0,0,80,0,,2019-03-20T13:33:54.497484Z,10.4.3.33
10.0.2.28,CThNaKxxb6iW1TMx,S0,0.0,0,60,49910,1,tcp,0,0,80,0,,2019-03-20T13:33:43.938508Z,10.4.4.44
10.0.2.28,C1Ktcv1sbOaUqonrF4,S0,0.0,0,48,49828,1,tcp,0,0,80,0,,2019-03-20T13:33:46.639877Z,10.4.3.32
