responded_ip,connection.uid,connection.conn_state,connection.duration,connection.orig_bytes,connection.orig_ip_bytes,connection.orig_p,connection.orig_pkts,connection.proto,connection.resp_bytes,connection.resp_ip_bytes,connection.resp_p,connection.resp_pkts,connection.service,connection.ts,originated_ip
13.83.148.218,C8RcyM1L0lY4UA35Dg,SF,109.018492,130421,138353,52870,60,tcp,9648,12826,443,75,ssl,2019-03-20T08:02:59.489509Z,10.6.2.23
13.83.148.218,CU67hW2ypHxhuyCD0g,RSTO,0.784224,2188,2520,61625,8,tcp,5263,5515,443,6,ssl,2019-03-20T07:04:57.683178Z,10.3.3.32
13.83.148.218,CZrpO31Vn6ItmH2Uuh,RSTR,129.306444,25362,27110,61623,113,tcp,505050,510682,443,106,,2019-03-20T07:04:27.264223Z,10.3.3.32
13.83.148.218,CJ5clm2VQYtMt253Nc,SF,1.142256,1821,2233,52880,10,tcp,7116,7368,443,6,ssl,2019-03-20T08:07:23.348809Z,10.6.2.23
