responded_ip,connection.uid,connection.conn_state,connection.duration,connection.orig_bytes,connection.orig_ip_bytes,connection.orig_p,connection.orig_pkts,connection.proto,connection.resp_bytes,connection.resp_ip_bytes,connection.resp_p,connection.resp_pkts,connection.service,connection.ts,originated_ip
159.253.128.188,CatmAq489vT8leMbK,SF,170.705103,1433,2137,60507,17,tcp,4197,5448,443,13,ssl,2019-03-20T10:11:29.09593Z,10.2.4.42
159.253.128.188,CQF5Ar1IoO1dMwIDLl,SF,180.080915,1375,2041,56649,16,tcp,5002,5690,443,16,ssl,2019-03-20T10:31:25.703291Z,10.4.4.47
159.253.128.188,CUkCBXEHCjhWIM3Og,SF,170.174883,1462,2258,59128,19,tcp,4198,4810,443,15,ssl,2019-03-20T09:47:52.966936Z,10.4.4.43
159.253.128.188,Ctt6dkeRB3QJcZ72i,SF,104.072832,882,1374,51005,12,tcp,4077,4449,443,9,ssl,2019-03-20T13:33:04.76644Z,10.1.4.43
