responded_ip,connection.uid,connection.conn_state,connection.duration,connection.orig_bytes,connection.orig_ip_bytes,connection.orig_p,connection.orig_pkts,connection.proto,connection.resp_bytes,connection.resp_ip_bytes,connection.resp_p,connection.resp_pkts,connection.service,connection.ts,originated_ip
13.107.3.1,Cwjepdb7o8ardcQfl,SF,0.025366,48,76,52635,1,udp,64,92,53,1,dns,2019-03-20T08:25:05.408078Z,10.2.2.22
13.107.3.1,C6JOtYAKnyQzWKOC7,SF,0.01268,48,76,52137,1,udp,64,92,53,1,dns,2019-03-20T09:03:31.032963Z,10.2.2.22
13.107.3.1,Cq8hRK1U8aWk6Ikjma,SF,0.013964,48,76,52959,1,udp,64,92,53,1,dns,2019-03-20T08:43:00.299143Z,10.2.2.22
13.107.3.1,Cdg0Nh1MzBcKD4kkD3,SF,0.01349,48,76,51684,1,udp,64,92,53,1,dns,2019-03-20T08:36:38.751804Z,10.2.2.22
