responded_ip,connection.uid,connection.conn_state,connection.duration,connection.orig_bytes,connection.orig_ip_bytes,connection.orig_p,connection.orig_pkts,connection.proto,connection.resp_bytes,connection.resp_ip_bytes,connection.resp_p,connection.resp_pkts,connection.service,connection.ts,originated_ip
142.0.160.13,CgZ3il4dzo9CDAj2a4,SF,76.682548,338,802,58772,11,tcp,3258,3586,443,8,ssl,2019-03-20T07:18:36.598483Z,10.4.4.46
142.0.160.13,ClCg7c2mJGBoSKMVmc,SF,76.682358,1076,1500,58773,10,tcp,3660,4068,443,10,ssl,2019-03-20T07:18:36.598504Z,10.4.4.46
142.0.160.13,CjjTbx4HAHL4A9pR17,SF,76.666977,1164,1628,58777,11,tcp,3987,4395,443,10,ssl,2019-03-20T07:18:36.602498Z,10.4.4.46
142.0.160.13,CsVfBwtrLQijthIW4,SF,0.593269,1079,1451,58776,9,tcp,4677,4874,443,6,ssl,2019-03-20T07:18:36.602304Z,10.4.4.46
