responded_ip,connection.uid,connection.conn_state,connection.duration,connection.orig_bytes,connection.orig_ip_bytes,connection.orig_p,connection.orig_pkts,connection.proto,connection.resp_bytes,connection.resp_ip_bytes,connection.resp_p,connection.resp_pkts,connection.service,connection.ts,originated_ip
13.32.121.41,C9RXtC14jc7ukvELtb,SF,123.626558,463,582,58414,8,tcp,7369,7649,443,7,ssl,2019-03-20T07:08:57.263893Z,10.4.4.46
13.32.121.41,C6QMTge732ky6SNL7,SF,123.627559,805,1257,58415,11,tcp,12566,12926,443,9,ssl,2019-03-20T07:08:57.26387Z,10.4.4.46
13.32.121.41,CJTn3p3FTyEgfGKmqi,RSTO,34.013929,564,976,58550,10,tcp,221,473,443,6,ssl,2019-03-20T07:13:01.503102Z,10.4.4.46
13.32.121.41,CPBwyw4vZB9zmh7Deb,SF,170.934097,1366,2260,59581,22,tcp,12685,15931,443,13,ssl,2019-03-20T07:44:59.671941Z,10.4.4.46
