responded_ip,connection.uid,connection.conn_state,connection.duration,connection.orig_bytes,connection.orig_ip_bytes,connection.orig_p,connection.orig_pkts,connection.proto,connection.resp_bytes,connection.resp_ip_bytes,connection.resp_p,connection.resp_pkts,connection.service,connection.ts,originated_ip
150.214.40.67,CldZVP19ncJ6fOKcud,SF,0.118063,0,216,48334,4,tcp,0,112,80,2,,2019-03-20T11:08:37.334889Z,9.66.55.12
150.214.40.67,CjNVMI2CXePqKGYMV,SF,0.118036,0,216,60884,4,tcp,0,112,80,2,,2019-03-20T09:47:36.372814Z,9.66.44.13
150.214.40.67,C6Stbh2RGSh4LxMgmd,SF,0.120613,0,216,57278,4,tcp,0,112,80,2,,2019-03-20T10:51:40.18889Z,9.66.55.13
150.214.40.67,CgtQlx1zk8GPNPN0d7,SF,0.117775,0,216,58158,4,tcp,0,112,80,2,,2019-03-20T09:49:45.797945Z,9.66.44.12
