responded_ip,connection.uid,connection.conn_state,connection.duration,connection.orig_bytes,connection.orig_ip_bytes,connection.orig_p,connection.orig_pkts,connection.proto,connection.resp_bytes,connection.resp_ip_bytes,connection.resp_p,connection.resp_pkts,connection.service,connection.ts,originated_ip
109.74.12.226,CAgFjq4lPjKbKx2htd,SF,0.10406,0,216,41456,4,tcp,0,164,80,3,,2019-03-20T11:08:37.266545Z,9.66.55.12
109.74.12.226,Cd3vOF2teseDnWkn2l,SF,0.100068,0,216,54424,4,tcp,0,112,80,2,,2019-03-20T09:49:45.78335Z,9.66.44.12
109.74.12.226,C01QZP31IvqIIEEk0a,SF,0.092228,0,216,58778,4,tcp,0,112,80,2,,2019-03-20T09:47:36.460383Z,9.66.44.13
109.74.12.226,CzesTN30cwjCU8RJg8,SF,0.095137,0,216,39272,4,tcp,0,164,80,3,,2019-03-20T10:51:40.19541Z,9.66.55.13
