responded_ip,connection.uid,connection.conn_state,connection.duration,connection.orig_bytes,connection.orig_ip_bytes,connection.orig_p,connection.orig_pkts,connection.proto,connection.resp_bytes,connection.resp_ip_bytes,connection.resp_p,connection.resp_pkts,connection.service,connection.ts,originated_ip
13.32.118.114,CNjCp44jy3dlPfNF3d,SF,153.852971,220,472,60223,6,tcp,2422,2634,80,5,http,2019-03-20T09:59:37.012263Z,10.2.4.42
13.32.118.114,CpPku74v01Fh49tUs1,SF,108.781213,220,472,62345,6,tcp,2422,2634,80,5,http,2019-03-20T10:37:49.890082Z,10.3.4.46
13.32.118.114,Cd9BNm2qidWsRI9XQd,SF,102.466573,220,472,55518,6,tcp,2422,2634,80,5,http,2019-03-20T08:54:27.58246Z,10.4.4.47
13.32.118.114,CiwlBw9lPmkhItUq4,SF,154.390967,220,472,60214,6,tcp,2422,2634,80,5,http,2019-03-20T09:59:36.474524Z,10.2.4.42
