responded_ip,connection.uid,connection.conn_state,connection.duration,connection.orig_bytes,connection.orig_ip_bytes,connection.orig_p,connection.orig_pkts,connection.proto,connection.resp_bytes,connection.resp_ip_bytes,connection.resp_p,connection.resp_pkts,connection.service,connection.ts,originated_ip
142.93.164.216,Cqpaal3lNQDwgV4r17,SF,5.39282,641,933,54820,7,tcp,156,408,443,6,ssl,2019-03-20T13:08:18.862374Z,10.5.4.42
142.93.164.216,CbEUxN2f6NSlIKp7Dd,SF,5.134511,641,933,55003,7,tcp,156,408,443,6,ssl,2019-03-20T13:10:09.826983Z,10.5.4.42
142.93.164.216,CvJX8v4XGZW83zGf22,SF,5.843772,641,933,54911,7,tcp,156,408,443,6,ssl,2019-03-20T13:08:43.666971Z,10.5.4.42
142.93.164.216,C19PcD1w3c2YFwO7Y4,SF,5.446586,641,1013,54716,9,tcp,6725,6977,443,6,ssl,2019-03-20T13:08:04.830496Z,10.5.4.42
