responded_ip,connection.uid,connection.conn_state,connection.duration,connection.orig_bytes,connection.orig_ip_bytes,connection.orig_p,connection.orig_pkts,connection.proto,connection.resp_bytes,connection.resp_ip_bytes,connection.resp_p,connection.resp_pkts,connection.service,connection.ts,originated_ip
157.56.110.11,CSmi2X3fzTqer7wy0h,SF,0.103396,54,82,52604,1,udp,93,121,53,1,dns,2019-03-20T08:50:31.657763Z,10.2.2.22
157.56.110.11,CTVWvT285BO4dNeC05,SF,0.104329,43,71,55680,1,udp,83,111,53,1,dns,2019-03-20T09:01:27.796179Z,10.2.2.22
157.56.110.11,Cmfn1Tm42lWesONE4,SF,0.106662,39,67,51852,1,udp,72,100,53,1,dns,2019-03-20T08:25:35.314342Z,10.2.2.22
157.56.110.11,C2LsJo18IEe2goYPjc,SF,0.105376,43,71,52969,1,udp,78,106,53,1,dns,2019-03-20T08:23:38.423484Z,10.2.2.22
