responded_ip,connection.uid,connection.conn_state,connection.duration,connection.orig_bytes,connection.orig_ip_bytes,connection.orig_p,connection.orig_pkts,connection.proto,connection.resp_bytes,connection.resp_ip_bytes,connection.resp_p,connection.resp_pkts,connection.service,connection.ts,originated_ip
13.32.121.228,CwEne940F6SQVOQjZj,SF,115.510181,1002,1865,63623,21,tcp,10222,11126,443,19,ssl,2019-03-20T08:35:31.820787Z,10.3.3.33
13.32.121.228,CsMaZHTUexC5SGWn4,S2,121.201604,3565,5571,62834,46,tcp,39280,47909,443,39,ssl,2019-03-20T08:20:41.462942Z,10.5.4.42
13.32.121.228,CiKduC4v2kBYSXrd2i,SF,120.53748,3565,4868,59114,32,tcp,39274,40377,443,35,ssl,2019-03-20T07:38:59.073505Z,10.3.4.42
13.32.121.228,Cu74n7d1DeGqpIgti,SF,115.834254,1858,2364,63544,25,tcp,27769,28941,443,26,,2019-03-20T08:32:07.317164Z,10.3.3.33
