responded_ip,connection.uid,connection.conn_state,connection.duration,connection.orig_bytes,connection.orig_ip_bytes,connection.orig_p,connection.orig_pkts,connection.proto,connection.resp_bytes,connection.resp_ip_bytes,connection.resp_p,connection.resp_pkts,connection.service,connection.ts,originated_ip
10.5.4.48,C0IJBl4X0LKCa0szZk,SF,24.469744,56697,62941,5501,41,tcp,3914,6495,53166,48,,2019-03-20T12:27:41.635454Z,89.177.240.23
10.5.4.48,CxBrJR5tPX2CBdSuh,SH,24.461722,333333,350665,5501,149,tcp,5610,16124,53162,192,,2019-03-20T12:27:41.630156Z,89.177.240.23
10.5.4.48,CIGwMk4b6ZTVbZ18Pk,SF,24.475127,199251,173359,5501,87,tcp,6288,13308,53164,126,,2019-03-20T12:27:41.630103Z,89.177.240.23
10.5.4.48,CqNq4z4uJgiEjb7g0b,SF,24.478416,58949,68189,5501,46,tcp,3917,6857,53160,52,,2019-03-20T12:27:41.626903Z,89.177.240.23
