responded_ip,connection.uid,connection.conn_state,connection.duration,connection.orig_bytes,connection.orig_ip_bytes,connection.orig_p,connection.orig_pkts,connection.proto,connection.resp_bytes,connection.resp_ip_bytes,connection.resp_p,connection.resp_pkts,connection.service,connection.ts,originated_ip
129.69.8.112,CP8Lo8GfgOLIaipdf,S2,0.050119,0,216,42070,4,tcp,1,60,80,1,,2019-03-20T10:51:40.212293Z,9.66.55.13
129.69.8.112,C88MI84e3aeqN0rnP9,SF,0.050679,0,216,43544,4,tcp,0,112,80,2,,2019-03-20T11:08:37.264748Z,9.66.55.12
129.69.8.112,CFCyx11frub0NV6nsl,SF,0.047777,0,216,54200,4,tcp,0,164,80,3,,2019-03-20T09:47:36.361507Z,9.66.44.13
129.69.8.112,CYIrhF2EHwBSuyDlz7,SF,0.050851,0,216,55938,4,tcp,0,112,80,2,,2019-03-20T09:49:45.765881Z,9.66.44.12
