responded_ip,connection.uid,connection.conn_state,connection.duration,connection.orig_bytes,connection.orig_ip_bytes,connection.orig_p,connection.orig_pkts,connection.proto,connection.resp_bytes,connection.resp_ip_bytes,connection.resp_p,connection.resp_pkts,connection.service,connection.ts,originated_ip
147.75.102.200,Cqk4Bq29OO08kr6Q3i,RSTR,10.260415,0,92,56597,2,tcp,0,92,443,2,,2019-03-20T10:31:22.053452Z,10.4.4.47
147.75.102.200,COc9svdycEigRH176,RSTR,45.213825,1122,1679,56594,13,tcp,5919,9131,443,11,ssl,2019-03-20T10:31:22.047293Z,10.4.4.47
147.75.102.200,CrFqrzvFfeWGXIkh,RSTR,60.344487,1715,2327,50502,15,tcp,8998,9272,443,13,ssl,2019-03-20T11:09:11.309295Z,10.5.4.42
147.75.102.200,C74iWe1LrsviRvpnS5,SF,0.113324,868,1332,50546,11,tcp,5560,5892,443,8,ssl,2019-03-20T11:09:13.475506Z,10.5.4.42
