responded_ip,connection.uid,connection.conn_state,connection.duration,connection.orig_bytes,connection.orig_ip_bytes,connection.orig_p,connection.orig_pkts,connection.proto,connection.resp_bytes,connection.resp_ip_bytes,connection.resp_p,connection.resp_pkts,connection.service,connection.ts,originated_ip
104.103.88.32,CsiPp73iqSVw65WWrg,SF,77.623497,1970,5122,58702,71,tcp,116378,128410,443,59,ssl,2019-03-20T07:18:26.678275Z,10.4.4.46
104.103.88.32,C7Gya8LNyWhsqOCT9,SF,70.081378,453,1049,58905,14,tcp,5960,6412,443,11,ssl,2019-03-20T07:19:30.848303Z,10.4.4.46
104.103.88.32,C36pa94Jtx3KMcmu1,SF,70.842582,453,1037,58701,14,tcp,5960,6412,443,11,ssl,2019-03-20T07:18:26.676855Z,10.4.4.46
104.103.88.32,CMQiig1e9roPWJF9r2,SF,75.281438,5506,27598,58906,475,tcp,1031893,1049527,443,288,ssl,2019-03-20T07:19:30.848328Z,10.4.4.46
