responded_ip,connection.uid,connection.conn_state,connection.duration,connection.orig_bytes,connection.orig_ip_bytes,connection.orig_p,connection.orig_pkts,connection.proto,connection.resp_bytes,connection.resp_ip_bytes,connection.resp_p,connection.resp_pkts,connection.service,connection.ts,originated_ip
13.86.124.184,CRlAty2LISrrhxFGzi,SF,47.56706,134486,96978,57479,28,tcp,11908,13760,443,46,ssl,2019-03-20T07:10:47.173861Z,10.4.2.23
13.86.124.184,C0itwm8qqR1YQzbod,SF,14.729007,132093,119865,53684,39,tcp,6459,9463,443,65,ssl,2019-03-20T07:11:36.907677Z,10.4.2.23
13.86.124.184,CJFvay4BchlRYgw1L3,RSTR,239.746256,86766,94922,54961,65,tcp,25326,29539,443,64,ssl,2019-03-20T07:09:20.774989Z,10.2.3.32
13.86.124.184,C6qZAo4c3LAQP6dlV2,S2,90.327717,141625,147365,50690,91,tcp,12213,15940,443,81,ssl,2019-03-20T12:30:30.546066Z,9.66.33.14
