responded_ip,connection.uid,connection.conn_state,connection.duration,connection.orig_bytes,connection.orig_ip_bytes,connection.orig_p,connection.orig_pkts,connection.proto,connection.resp_bytes,connection.resp_ip_bytes,connection.resp_p,connection.resp_pkts,connection.service,connection.ts,originated_ip
104.17.120.107,C3s42W1x3mLaLZU0Fg,SF,115.748094,1188,2103,59136,22,tcp,5022,6184,443,19,ssl,2019-03-20T09:47:53.278152Z,10.4.4.43
104.17.120.107,C1nV8U3yG414i0jarf,SF,115.230446,1187,2154,54091,23,tcp,5022,5886,443,18,ssl,2019-03-20T11:58:52.546699Z,10.5.3.33
104.17.120.107,CTAvGKXdtiHu7Qne5,SF,116.051139,858,1862,54412,24,tcp,5033,5725,443,17,ssl,2019-03-20T13:37:43.909339Z,10.5.4.48
104.17.120.107,CuwIKS3KTDc6mcNFEg,SF,352.905375,1237,1896,57901,16,tcp,5022,5678,443,14,ssl,2019-03-20T10:11:20.213917Z,10.1.4.46
