responded_ip,connection.uid,connection.conn_state,connection.duration,connection.orig_bytes,connection.orig_ip_bytes,connection.orig_p,connection.orig_pkts,connection.proto,connection.resp_bytes,connection.resp_ip_bytes,connection.resp_p,connection.resp_pkts,connection.service,connection.ts,originated_ip
13.32.118.212,C2RZSn38Z6rA0kLmV5,RSTO,22.325827,220,432,56415,5,tcp,2422,2594,80,4,http,2019-03-20T07:15:57.616734Z,10.2.4.42
13.32.118.212,CGWrse2mzxNUeOFOK3,SF,73.444984,914,1366,58816,11,tcp,5794,6086,443,7,ssl,2019-03-20T07:18:39.722746Z,10.4.4.46
13.32.118.212,CwOzuTOeMtPu2ah0e,SF,107.606501,220,472,50967,6,tcp,2422,2634,80,5,http,2019-03-20T07:33:12.438465Z,10.2.4.46
13.32.118.212,CxHvdE1yvzD4Ef4ZP2,SF,73.437661,344,860,58817,12,tcp,5229,8321,443,8,ssl,2019-03-20T07:18:39.722776Z,10.4.4.46
