responded_ip,connection.uid,connection.conn_state,connection.duration,connection.orig_bytes,connection.orig_ip_bytes,connection.orig_p,connection.orig_pkts,connection.proto,connection.resp_bytes,connection.resp_ip_bytes,connection.resp_p,connection.resp_pkts,connection.service,connection.ts,originated_ip
104.16.206.165,Chduso3hBpkjiuS2ac,SF,93.492063,424,928,55567,12,tcp,4089,4461,443,9,ssl,2019-03-20T08:54:36.110224Z,10.4.4.47
104.16.206.165,CriVIE2emJyidFHqCd,SF,93.497739,730,1406,55566,16,tcp,19020,20112,443,27,ssl,2019-03-20T08:54:36.110199Z,10.4.4.47
104.16.206.165,CCjxCW3BvSQb3xoS11,SF,104.11721,420,924,55446,12,tcp,4089,4421,443,8,ssl,2019-03-20T08:54:25.516129Z,10.4.4.47
104.16.206.165,CfkGam3Az2PcTLcRqd,SF,104.117242,708,1332,55447,15,tcp,6311,6803,443,12,ssl,2019-03-20T08:54:25.516153Z,10.4.4.47
