originated_ip,uid,connection.uid,connection.conn_state,connection.duration,connection.orig_bytes,connection.orig_ip_bytes,connection.orig_p,connection.orig_pkts,connection.proto,connection.resp_bytes,connection.resp_ip_bytes,connection.resp_p,connection.resp_pkts,connection.service,connection.ts,responded_ip,dns_count,ssh_count,http_count,ssl_count,files_count,dns_qtype,dns_rcode,ssh_auth_attempts,ssh_host_key,http_method,http_status_code,http_user_agent,ssl_version,ssl_cipher,ssl_curve,ssl_validation_status,files_source,file_md5,dns_dicts,ssh_dicts,http_dicts,ssl_dicts,files_dicts
106.11.93.16,0x18781,C4M7Zm3c4a3WAwB5hc,SF,0.877182,530,902,54667,9,tcp,3814,4186,443,9,ssl,2017-07-07T16:35:39.891336Z,192.168.10.15,0,0,0,1,2,[],[],[],[],[],[],[],['TLSv12'],['TLS_ECDHE_ECDSA_WITH_AES_128_GCM_SHA256'],[None],[None],['SSL'],"['d3e8706d8292ace4ddebf7a8bbbd566b', 'afcee444c1245ac6b59a23f52735c0d0']",[],[],[],"[{'ssl.version': 'TLSv12', 'ssl.cipher': 'TLS_ECDHE_ECDSA_WITH_AES_128_GCM_SHA256', 'ssl.curve': None, 'ssl.validation_status': None, 'count': 1}]","[{'file.md5s': {'d3e8706d8292ace4ddebf7a8bbbd566b', 'afcee444c1245ac6b59a23f52735c0d0'}, 'files.source': 'SSL', 'count': 2}]"
106.11.93.16,0xaaf4a,CQyPqG3JwanCbDUPTf,SF,1.871625,530,1137,54668,10,tcp,3813,4185,443,9,ssl,2017-07-07T16:35:39.89147Z,192.168.10.15,0,0,0,1,2,[],[],[],[],[],[],[],['TLSv12'],['TLS_ECDHE_ECDSA_WITH_AES_128_GCM_SHA256'],[None],[None],['SSL'],"['d3e8706d8292ace4ddebf7a8bbbd566b', 'afcee444c1245ac6b59a23f52735c0d0']",[],[],[],"[{'ssl.version': 'TLSv12', 'ssl.cipher': 'TLS_ECDHE_ECDSA_WITH_AES_128_GCM_SHA256', 'ssl.curve': None, 'ssl.validation_status': None, 'count': 1}]","[{'file.md5s': {'d3e8706d8292ace4ddebf7a8bbbd566b', 'afcee444c1245ac6b59a23f52735c0d0'}, 'files.source': 'SSL', 'count': 2}]"
106.11.93.16,0xdbc78,CnAEVp49G4lr8rA6p3,SF,182.134329,1026,1838,54664,20,tcp,4491,5143,443,16,ssl,2017-07-07T16:35:39.636133Z,192.168.10.15,0,0,0,1,2,[],[],[],[],[],[],[],['TLSv12'],['TLS_ECDHE_ECDSA_WITH_AES_128_GCM_SHA256'],[None],[None],['SSL'],"['d3e8706d8292ace4ddebf7a8bbbd566b', 'afcee444c1245ac6b59a23f52735c0d0']",[],[],[],"[{'ssl.version': 'TLSv12', 'ssl.cipher': 'TLS_ECDHE_ECDSA_WITH_AES_128_GCM_SHA256', 'ssl.curve': None, 'ssl.validation_status': None, 'count': 1}]","[{'file.md5s': {'d3e8706d8292ace4ddebf7a8bbbd566b', 'afcee444c1245ac6b59a23f52735c0d0'}, 'files.source': 'SSL', 'count': 2}]"
106.11.93.16,0x249fd5,CndH281lN1kq38I6md,SF,2.117018,888,1577,54665,15,tcp,4352,4908,443,13,ssl,2017-07-07T16:35:39.636384Z,192.168.10.15,0,0,0,1,2,[],[],[],[],[],[],[],['TLSv12'],['TLS_ECDHE_ECDSA_WITH_AES_128_GCM_SHA256'],[None],[None],['SSL'],"['d3e8706d8292ace4ddebf7a8bbbd566b', 'afcee444c1245ac6b59a23f52735c0d0']",[],[],[],"[{'ssl.version': 'TLSv12', 'ssl.cipher': 'TLS_ECDHE_ECDSA_WITH_AES_128_GCM_SHA256', 'ssl.curve': None, 'ssl.validation_status': None, 'count': 1}]","[{'file.md5s': {'d3e8706d8292ace4ddebf7a8bbbd566b', 'afcee444c1245ac6b59a23f52735c0d0'}, 'files.source': 'SSL', 'count': 2}]"
