originated_ip,uid,connection.uid,connection.conn_state,connection.duration,connection.orig_bytes,connection.orig_ip_bytes,connection.orig_p,connection.orig_pkts,connection.proto,connection.resp_bytes,connection.resp_ip_bytes,connection.resp_p,connection.resp_pkts,connection.service,connection.ts,responded_ip,dns_count,ssh_count,http_count,ssl_count,files_count,dns_qtype,dns_rcode,ssh_auth_attempts,ssh_host_key,http_method,http_status_code,http_user_agent,ssl_version,ssl_cipher,ssl_curve,ssl_validation_status,files_source,file_md5,dns_dicts,ssh_dicts,http_dicts,ssl_dicts,files_dicts
104.97.74.19,0x7a127,CaqWeh22bwX8ZBMChf,SF,5.650869,349,721,54165,9,tcp,4685,5057,443,9,ssl,2017-07-07T16:35:07.579835Z,192.168.10.14,0,0,0,1,2,[],[],[],[],[],[],[],['TLSv12'],['TLS_ECDHE_RSA_WITH_AES_256_GCM_SHA384'],[None],[None],['SSL'],"['92547f98ecb977be92e9bc5a8d7ffe3d', '36a4b6859fd764e787ee42fd3a9305db']",[],[],[],"[{'ssl.version': 'TLSv12', 'ssl.cipher': 'TLS_ECDHE_RSA_WITH_AES_256_GCM_SHA384', 'ssl.curve': None, 'ssl.validation_status': None, 'count': 1}]","[{'file.md5s': {'92547f98ecb977be92e9bc5a8d7ffe3d', '36a4b6859fd764e787ee42fd3a9305db'}, 'files.source': 'SSL', 'count': 2}]"
104.97.74.19,0xdbbab,C67WRr4RexiDfFb1x7,SF,5.482557,599,891,54168,7,tcp,183,475,443,7,ssl,2017-07-07T16:35:07.741759Z,192.168.10.14,0,0,0,1,0,[],[],[],[],[],[],[],['TLSv12'],['TLS_ECDHE_RSA_WITH_AES_256_GCM_SHA384'],[None],[None],[],[],[],[],[],"[{'ssl.version': 'TLSv12', 'ssl.cipher': 'TLS_ECDHE_RSA_WITH_AES_256_GCM_SHA384', 'ssl.curve': None, 'ssl.validation_status': None, 'count': 1}]",[]
104.97.74.19,0x155cc6,ClLlc52zY4gt6lhz74,SF,120.937725,588,1691,54090,27,tcp,25667,26891,80,27,http,2017-07-07T16:35:00.331757Z,192.168.10.14,0,0,1,0,2,[],[],[],[],['GET'],[200],[None],[],[],[],[],['HTTP'],"['', '124eca84abce0cccb0208c5ef285e6fd']",[],[],"[{'http.method': 'GET', 'http.status_code': 200, 'http.user_agent': None, 'count': 1}]",[],"[{'file.md5s': {'', '124eca84abce0cccb0208c5ef285e6fd'}, 'files.source': 'HTTP', 'count': 2}]"
104.97.74.19,0x1cfe40,CAfs1e4xxtE4m3wyl3,SF,5.787681,0,172,54091,4,tcp,0,92,80,2,,2017-07-07T16:35:00.331856Z,192.168.10.14,0,0,0,0,0,[],[],[],[],[],[],[],[],[],[],[],[],[],[],[],[],[],[]
