originated_ip,uid,connection.uid,connection.conn_state,connection.duration,connection.orig_bytes,connection.orig_ip_bytes,connection.orig_p,connection.orig_pkts,connection.proto,connection.resp_bytes,connection.resp_ip_bytes,connection.resp_p,connection.resp_pkts,connection.service,connection.ts,responded_ip,dns_count,ssh_count,http_count,ssl_count,files_count,dns_qtype,dns_rcode,ssh_auth_attempts,ssh_host_key,http_method,http_status_code,http_user_agent,ssl_version,ssl_cipher,ssl_curve,ssl_validation_status,files_source,file_md5,dns_dicts,ssh_dicts,http_dicts,ssl_dicts,files_dicts
104.16.18.29,0x30f29,C85BPo34fg9Bs41Wvj,SF,0.015105,37,197,52525,4,tcp,0,80,443,2,,2017-07-07T16:35:59.655979Z,192.168.10.25,0,0,0,0,0,,,,,,,,,,,,,,,,,,
104.16.18.29,0xc36fc,CAkLEZT1PLKxVvPw3,SF,0.015174,37,157,52519,3,tcp,0,40,443,1,,2017-07-07T16:35:59.655349Z,192.168.10.25,0,0,0,0,0,,,,,,,,,,,,,,,,,,
104.16.18.29,0xdbd93,C1AFJG2VTnJyHqXQx3,SF,0.015288,37,157,52524,3,tcp,0,40,443,1,,2017-07-07T16:35:59.655823Z,192.168.10.25,0,0,0,0,0,,,,,,,,,,,,,,,,,,
104.16.18.29,0x2934b8,CeGdT04qHd3tr2Gd8j,SF,0.015304,37,157,52523,3,tcp,0,40,443,1,,2017-07-07T16:35:59.655581Z,192.168.10.25,0,0,0,0,0,,,,,,,,,,,,,,,,,,
