originated_ip,uid,connection.uid,connection.conn_state,connection.duration,connection.orig_bytes,connection.orig_ip_bytes,connection.orig_p,connection.orig_pkts,connection.proto,connection.resp_bytes,connection.resp_ip_bytes,connection.resp_p,connection.resp_pkts,connection.service,connection.ts,responded_ip,dns_count,ssh_count,http_count,ssl_count,files_count,dns_qtype,dns_rcode,ssh_auth_attempts,ssh_host_key,http_method,http_status_code,http_user_agent,ssl_version,ssl_cipher,ssl_curve,ssl_validation_status,files_source,file_md5,dns_dicts,ssh_dicts,http_dicts,ssl_dicts,files_dicts
129.33.138.215,0x1a5,CIatRO1WZRE3Cz457j,SF,5.773898,597,969,54759,9,tcp,4665,5029,443,9,ssl,2017-07-07T16:39:28.015798Z,192.168.10.15,0,0,0,1,0,[],[],[],[],[],[],[],[''],[''],[None],[None],[],[],[],[],[],"[{'ssl.version': '', 'ssl.cipher': '', 'ssl.curve': None, 'ssl.validation_status': None, 'count': 1}]",[]
129.33.138.215,0x9290b,CnQ6qzzWxVQGKtfec,SF,302.670279,2415,4096,54758,41,tcp,5715,7399,443,42,ssl,2017-07-07T16:39:28.015616Z,192.168.10.15,0,0,0,1,3,[],[],[],[],[],[],[],['TLSv12'],['TLS_RSA_WITH_AES_128_CBC_SHA'],[None],[None],['SSL'],"['9129733212d5f5651864d86b7bae0b98', '1edaf9ae99ce2920667d0e9a8b3f8c9c', '5789b8ff11100a6a2d7bf539a3d1341e']",[],[],[],"[{'ssl.version': 'TLSv12', 'ssl.cipher': 'TLS_RSA_WITH_AES_128_CBC_SHA', 'ssl.curve': None, 'ssl.validation_status': None, 'count': 1}]","[{'file.md5s': {'9129733212d5f5651864d86b7bae0b98', '1edaf9ae99ce2920667d0e9a8b3f8c9c', '5789b8ff11100a6a2d7bf539a3d1341e'}, 'files.source': 'SSL', 'count': 3}]"
129.33.138.215,0xdbcd0,CYdkFv2327jiG5s3v7,SF,5.77403,597,1009,54760,10,tcp,4665,5029,443,9,ssl,2017-07-07T16:39:28.01598Z,192.168.10.15,0,0,0,1,3,[],[],[],[],[],[],[],['TLSv12'],['TLS_RSA_WITH_AES_128_CBC_SHA'],[None],[None],['SSL'],"['9129733212d5f5651864d86b7bae0b98', '1edaf9ae99ce2920667d0e9a8b3f8c9c', '5789b8ff11100a6a2d7bf539a3d1341e']",[],[],[],"[{'ssl.version': 'TLSv12', 'ssl.cipher': 'TLS_RSA_WITH_AES_128_CBC_SHA', 'ssl.curve': None, 'ssl.validation_status': None, 'count': 1}]","[{'file.md5s': {'9129733212d5f5651864d86b7bae0b98', '1edaf9ae99ce2920667d0e9a8b3f8c9c', '5789b8ff11100a6a2d7bf539a3d1341e'}, 'files.source': 'SSL', 'count': 3}]"
129.33.138.215,0x2f4eb8,CjQsLh2O3reutUrAtf,SF,300.669186,1738,3339,54761,39,tcp,5806,7410,443,40,ssl,2017-07-07T16:39:28.016104Z,192.168.10.15,0,0,0,1,3,[],[],[],[],[],[],[],['TLSv12'],['TLS_RSA_WITH_AES_128_CBC_SHA'],[None],[None],['SSL'],"['9129733212d5f5651864d86b7bae0b98', '5789b8ff11100a6a2d7bf539a3d1341e', '1edaf9ae99ce2920667d0e9a8b3f8c9c']",[],[],[],"[{'ssl.version': 'TLSv12', 'ssl.cipher': 'TLS_RSA_WITH_AES_128_CBC_SHA', 'ssl.curve': None, 'ssl.validation_status': None, 'count': 1}]","[{'file.md5s': {'9129733212d5f5651864d86b7bae0b98', '5789b8ff11100a6a2d7bf539a3d1341e', '1edaf9ae99ce2920667d0e9a8b3f8c9c'}, 'files.source': 'SSL', 'count': 3}]"
