originated_ip,uid,connection.uid,connection.conn_state,connection.duration,connection.orig_bytes,connection.orig_ip_bytes,connection.orig_p,connection.orig_pkts,connection.proto,connection.resp_bytes,connection.resp_ip_bytes,connection.resp_p,connection.resp_pkts,connection.service,connection.ts,responded_ip,dns_count,ssh_count,http_count,ssl_count,files_count,dns_qtype,dns_rcode,ssh_auth_attempts,ssh_host_key,http_method,http_status_code,http_user_agent,ssl_version,ssl_cipher,ssl_curve,ssl_validation_status,files_source,file_md5,dns_dicts,ssh_dicts,http_dicts,ssl_dicts,files_dicts
184.31.6.96,0x61b1c,Cf3Q034LVLdEOHmZL7,SF,5.179325,348,720,54992,9,tcp,3737,4069,443,8,ssl,2017-07-07T16:38:41.875453Z,192.168.10.14,0,0,0,1,2,[],[],[],[],[],[],[],['TLSv12'],['TLS_ECDHE_RSA_WITH_AES_256_GCM_SHA384'],[None],[None],['SSL'],"['23d5858ebc8986107cb7ac1e17f726c5', '3dc8c5e42f0c738ea7fdcfab218c4e7d']",[],[],[],"[{'ssl.version': 'TLSv12', 'ssl.cipher': 'TLS_ECDHE_RSA_WITH_AES_256_GCM_SHA384', 'ssl.curve': None, 'ssl.validation_status': None, 'count': 1}]","[{'file.md5s': {'23d5858ebc8986107cb7ac1e17f726c5', '3dc8c5e42f0c738ea7fdcfab218c4e7d'}, 'files.source': 'SSL', 'count': 2}]"
184.31.6.96,0x61b1d,CME4002oxxxCS8UVzc,SF,5.178971,348,720,54991,9,tcp,3737,4069,443,8,ssl,2017-07-07T16:38:41.875384Z,192.168.10.14,0,0,0,1,2,[],[],[],[],[],[],[],['TLSv12'],['TLS_ECDHE_RSA_WITH_AES_256_GCM_SHA384'],[None],[None],['SSL'],"['23d5858ebc8986107cb7ac1e17f726c5', '3dc8c5e42f0c738ea7fdcfab218c4e7d']",[],[],[],"[{'ssl.version': 'TLSv12', 'ssl.cipher': 'TLS_ECDHE_RSA_WITH_AES_256_GCM_SHA384', 'ssl.curve': None, 'ssl.validation_status': None, 'count': 1}]","[{'file.md5s': {'23d5858ebc8986107cb7ac1e17f726c5', '3dc8c5e42f0c738ea7fdcfab218c4e7d'}, 'files.source': 'SSL', 'count': 2}]"
184.31.6.96,0x92c23,Csl6kgbSTCch5aEai,SF,5.255783,0,172,54990,4,tcp,0,92,80,2,,2017-07-07T16:38:41.797904Z,192.168.10.14,0,0,0,0,0,[],[],[],[],[],[],[],[],[],[],[],[],[],[],[],[],[],[]
184.31.6.96,0x27acec,C3Srbq4p9ZfD2fMkek,SF,5.177977,348,720,54993,9,tcp,3737,4069,443,8,ssl,2017-07-07T16:38:41.876363Z,192.168.10.14,0,0,0,1,2,[],[],[],[],[],[],[],['TLSv12'],['TLS_ECDHE_RSA_WITH_AES_256_GCM_SHA384'],[None],[None],['SSL'],"['23d5858ebc8986107cb7ac1e17f726c5', '3dc8c5e42f0c738ea7fdcfab218c4e7d']",[],[],[],"[{'ssl.version': 'TLSv12', 'ssl.cipher': 'TLS_ECDHE_RSA_WITH_AES_256_GCM_SHA384', 'ssl.curve': None, 'ssl.validation_status': None, 'count': 1}]","[{'file.md5s': {'23d5858ebc8986107cb7ac1e17f726c5', '3dc8c5e42f0c738ea7fdcfab218c4e7d'}, 'files.source': 'SSL', 'count': 2}]"
