originated_ip,uid,connection.uid,connection.conn_state,connection.duration,connection.orig_bytes,connection.orig_ip_bytes,connection.orig_p,connection.orig_pkts,connection.proto,connection.resp_bytes,connection.resp_ip_bytes,connection.resp_p,connection.resp_pkts,connection.service,connection.ts,responded_ip,dns_count,ssh_count,http_count,ssl_count,files_count,dns_qtype,dns_rcode,ssh_auth_attempts,ssh_host_key,http_method,http_status_code,http_user_agent,ssl_version,ssl_cipher,ssl_curve,ssl_validation_status,files_source,file_md5,dns_dicts,ssh_dicts,http_dicts,ssl_dicts,files_dicts
104.73.246.210,0x9288e,CucXST1Q4D68jmNYx1,SF,5.432683,354,766,55051,10,tcp,4957,5329,443,9,ssl,2017-07-07T16:47:14.582624Z,192.168.10.15,0,0,0,1,3,[],[],[],[],[],[],[],['TLSv12'],['TLS_ECDHE_RSA_WITH_AES_256_GCM_SHA384'],[None],[None],['SSL'],"['065105d57a4c9aab5e8d474e7550ad9a', '23d5858ebc8986107cb7ac1e17f726c5', 'f91ffee6a36b998841d467dde5f8977a']",[],[],[],"[{'ssl.version': 'TLSv12', 'ssl.cipher': 'TLS_ECDHE_RSA_WITH_AES_256_GCM_SHA384', 'ssl.curve': None, 'ssl.validation_status': None, 'count': 1}]","[{'file.md5s': {'065105d57a4c9aab5e8d474e7550ad9a', '23d5858ebc8986107cb7ac1e17f726c5', 'f91ffee6a36b998841d467dde5f8977a'}, 'files.source': 'SSL', 'count': 3}]"
104.73.246.210,0x19f280,CzVfpD23Lo4Q8APNZ4,RSTR,115.552294,1034,1937,55049,22,tcp,8098,9162,443,23,ssl,2017-07-07T16:47:14.581771Z,192.168.10.15,0,0,0,1,0,[],[],[],[],[],[],[],['TLSv12'],['TLS_ECDHE_RSA_WITH_AES_256_GCM_SHA384'],[None],[None],[],[],[],[],[],"[{'ssl.version': 'TLSv12', 'ssl.cipher': 'TLS_ECDHE_RSA_WITH_AES_256_GCM_SHA384', 'ssl.curve': None, 'ssl.validation_status': None, 'count': 1}]",[]
104.73.246.210,0x200bca,CjMhR71KfHqvMd2F5,RSTR,115.556834,948,2091,55040,28,tcp,22102,23446,443,30,ssl,2017-07-07T16:47:14.577243Z,192.168.10.15,0,0,0,1,3,[],[],[],[],[],[],[],['TLSv12'],['TLS_ECDHE_RSA_WITH_AES_256_GCM_SHA384'],[None],[None],['SSL'],"['065105d57a4c9aab5e8d474e7550ad9a', '23d5858ebc8986107cb7ac1e17f726c5', 'f91ffee6a36b998841d467dde5f8977a']",[],[],[],"[{'ssl.version': 'TLSv12', 'ssl.cipher': 'TLS_ECDHE_RSA_WITH_AES_256_GCM_SHA384', 'ssl.curve': None, 'ssl.validation_status': None, 'count': 1}]","[{'file.md5s': {'065105d57a4c9aab5e8d474e7550ad9a', '23d5858ebc8986107cb7ac1e17f726c5', 'f91ffee6a36b998841d467dde5f8977a'}, 'files.source': 'SSL', 'count': 3}]"
104.73.246.210,0x2c40d4,CM25okzavIjyck9pd,RSTR,115.552462,1034,1977,55050,23,tcp,9363,10547,443,26,ssl,2017-07-07T16:47:14.581884Z,192.168.10.15,0,0,0,1,3,[],[],[],[],[],[],[],['TLSv12'],['TLS_ECDHE_RSA_WITH_AES_256_GCM_SHA384'],[None],[None],['SSL'],"['065105d57a4c9aab5e8d474e7550ad9a', '23d5858ebc8986107cb7ac1e17f726c5', 'f91ffee6a36b998841d467dde5f8977a']",[],[],[],"[{'ssl.version': 'TLSv12', 'ssl.cipher': 'TLS_ECDHE_RSA_WITH_AES_256_GCM_SHA384', 'ssl.curve': None, 'ssl.validation_status': None, 'count': 1}]","[{'file.md5s': {'065105d57a4c9aab5e8d474e7550ad9a', '23d5858ebc8986107cb7ac1e17f726c5', 'f91ffee6a36b998841d467dde5f8977a'}, 'files.source': 'SSL', 'count': 3}]"
