originated_ip,uid,connection.uid,connection.conn_state,connection.duration,connection.orig_bytes,connection.orig_ip_bytes,connection.orig_p,connection.orig_pkts,connection.proto,connection.resp_bytes,connection.resp_ip_bytes,connection.resp_p,connection.resp_pkts,connection.service,connection.ts,responded_ip,dns_count,ssh_count,http_count,ssl_count,files_count,dns_qtype,dns_rcode,ssh_auth_attempts,ssh_host_key,http_method,http_status_code,http_user_agent,ssl_version,ssl_cipher,ssl_curve,ssl_validation_status,files_source,file_md5,dns_dicts,ssh_dicts,http_dicts,ssl_dicts,files_dicts
129.146.14.100,0x7a4bc,COm6GH2bDODvZ7GG2k,S1,20.637077,1125,1499,7617,9,tcp,4146,4542,443,9,ssl,2017-07-07T17:04:35.777901Z,192.168.10.9,0,0,0,1,2,[],[],[],[],[],[],[],['TLSv12'],['TLS_ECDHE_RSA_WITH_AES_256_GCM_SHA384'],[None],[None],['SSL'],"['a1f7e27481eca50765970d37d59f943d', 'c8c47b15f496af7b75e47f3ef41c70ba']",[],[],[],"[{'ssl.version': 'TLSv12', 'ssl.cipher': 'TLS_ECDHE_RSA_WITH_AES_256_GCM_SHA384', 'ssl.curve': None, 'ssl.validation_status': None, 'count': 1}]","[{'file.md5s': {'a1f7e27481eca50765970d37d59f943d', 'c8c47b15f496af7b75e47f3ef41c70ba'}, 'files.source': 'SSL', 'count': 2}]"
129.146.14.100,0xc38bf,CymovX1RKwOs5dQ8yd,SF,6.047279,350,722,7616,9,tcp,3597,3889,443,7,ssl,2017-07-07T17:04:35.777565Z,192.168.10.9,0,0,0,1,2,[],[],[],[],[],[],[],['TLSv12'],['TLS_ECDHE_RSA_WITH_AES_256_GCM_SHA384'],[None],[None],['SSL'],"['a1f7e27481eca50765970d37d59f943d', 'c8c47b15f496af7b75e47f3ef41c70ba']",[],[],[],"[{'ssl.version': 'TLSv12', 'ssl.cipher': 'TLS_ECDHE_RSA_WITH_AES_256_GCM_SHA384', 'ssl.curve': None, 'ssl.validation_status': None, 'count': 1}]","[{'file.md5s': {'a1f7e27481eca50765970d37d59f943d', 'c8c47b15f496af7b75e47f3ef41c70ba'}, 'files.source': 'SSL', 'count': 2}]"
129.146.14.100,0x1cfde7,CF1Cog2SBpqz5oo0M,SF,67.41695,433,1013,41235,11,tcp,425,1005,80,11,http,2017-07-07T16:36:08.161882Z,192.168.10.19,0,0,1,0,1,[],[],[],[],['GET'],[200],[None],[],[],[],[],['HTTP'],['3f386f5061436a0338a64e0910db495d'],[],[],"[{'http.method': 'GET', 'http.status_code': 200, 'http.user_agent': None, 'count': 1}]",[],"[{'file.md5s': {'3f386f5061436a0338a64e0910db495d'}, 'files.source': 'HTTP', 'count': 1}]"
129.146.14.100,0x2c4029,C5eC1j3ny6ayJ17j18,SF,67.4032,395,975,41239,11,tcp,527,1107,80,11,http,2017-07-07T16:36:08.162089Z,192.168.10.19,0,0,1,0,1,[],[],[],[],['GET'],[200],[None],[],[],[],[],['HTTP'],['3f386f5061436a0338a64e0910db495d'],[],[],"[{'http.method': 'GET', 'http.status_code': 200, 'http.user_agent': None, 'count': 1}]",[],"[{'file.md5s': {'3f386f5061436a0338a64e0910db495d'}, 'files.source': 'HTTP', 'count': 1}]"
