originated_ip,uid,connection.uid,connection.conn_state,connection.duration,connection.orig_bytes,connection.orig_ip_bytes,connection.orig_p,connection.orig_pkts,connection.proto,connection.resp_bytes,connection.resp_ip_bytes,connection.resp_p,connection.resp_pkts,connection.service,connection.ts,responded_ip,dns_count,ssh_count,http_count,ssl_count,files_count,dns_qtype,dns_rcode,ssh_auth_attempts,ssh_host_key,http_method,http_status_code,http_user_agent,ssl_version,ssl_cipher,ssl_curve,ssl_validation_status,files_source,file_md5,dns_dicts,ssh_dicts,http_dicts,ssl_dicts,files_dicts
107.178.244.51,0x124fbc,CfEuAc3lmsmFoy3iMf,SF,182.252063,1369,2461,55310,27,tcp,5946,7038,443,27,ssl,2017-07-07T16:55:06.787898Z,192.168.10.15,0,0,0,1,2,[],[],[],[],[],[],[],['TLSv12'],['TLS_ECDHE_RSA_WITH_AES_128_GCM_SHA256'],[None],[None],['SSL'],"['e38f006ee562f1955dcdf699de8fdaba', '901103db6490bcba382e65f965386519']",[],[],[],"[{'ssl.version': 'TLSv12', 'ssl.cipher': 'TLS_ECDHE_RSA_WITH_AES_128_GCM_SHA256', 'ssl.curve': None, 'ssl.validation_status': None, 'count': 1}]","[{'file.md5s': {'e38f006ee562f1955dcdf699de8fdaba', '901103db6490bcba382e65f965386519'}, 'files.source': 'SSL', 'count': 2}]"
107.178.244.51,0x12511a,CuK6y23gAqilcoE6O5,SF,181.70993,1237,2209,5377,24,tcp,4678,5530,443,21,ssl,2017-07-07T16:36:50.153229Z,192.168.10.8,0,0,0,1,2,[],[],[],[],[],[],[],['TLSv12'],['TLS_ECDHE_RSA_WITH_AES_128_GCM_SHA256'],[None],[None],['SSL'],"['e38f006ee562f1955dcdf699de8fdaba', '901103db6490bcba382e65f965386519']",[],[],[],"[{'ssl.version': 'TLSv12', 'ssl.cipher': 'TLS_ECDHE_RSA_WITH_AES_128_GCM_SHA256', 'ssl.curve': None, 'ssl.validation_status': None, 'count': 1}]","[{'file.md5s': {'e38f006ee562f1955dcdf699de8fdaba', '901103db6490bcba382e65f965386519'}, 'files.source': 'SSL', 'count': 2}]"
107.178.244.51,0x2318a1,C6u1ji4hvXdhfjdBF2,SF,0.388342,522,974,55312,11,tcp,3419,3791,443,9,ssl,2017-07-07T16:55:06.80628Z,192.168.10.15,0,0,0,1,2,[],[],[],[],[],[],[],['TLSv12'],['TLS_ECDHE_RSA_WITH_AES_128_GCM_SHA256'],[None],[None],['SSL'],"['e38f006ee562f1955dcdf699de8fdaba', '901103db6490bcba382e65f965386519']",[],[],[],"[{'ssl.version': 'TLSv12', 'ssl.cipher': 'TLS_ECDHE_RSA_WITH_AES_128_GCM_SHA256', 'ssl.curve': None, 'ssl.validation_status': None, 'count': 1}]","[{'file.md5s': {'e38f006ee562f1955dcdf699de8fdaba', '901103db6490bcba382e65f965386519'}, 'files.source': 'SSL', 'count': 2}]"
107.178.244.51,0x231a05,CLXIuAnDuSI2fKh2,SF,0.928209,795,1407,5373,15,tcp,5128,5700,443,14,ssl,2017-07-07T16:36:50.152644Z,192.168.10.8,0,0,0,1,2,[],[],[],[],[],[],[],['TLSv12'],['TLS_ECDHE_RSA_WITH_AES_128_GCM_SHA256'],[None],[None],['SSL'],"['e38f006ee562f1955dcdf699de8fdaba', '901103db6490bcba382e65f965386519']",[],[],[],"[{'ssl.version': 'TLSv12', 'ssl.cipher': 'TLS_ECDHE_RSA_WITH_AES_128_GCM_SHA256', 'ssl.curve': None, 'ssl.validation_status': None, 'count': 1}]","[{'file.md5s': {'e38f006ee562f1955dcdf699de8fdaba', '901103db6490bcba382e65f965386519'}, 'files.source': 'SSL', 'count': 2}]"
