originated_ip,uid,connection.uid,connection.conn_state,connection.duration,connection.orig_bytes,connection.orig_ip_bytes,connection.orig_p,connection.orig_pkts,connection.proto,connection.resp_bytes,connection.resp_ip_bytes,connection.resp_p,connection.resp_pkts,connection.service,connection.ts,responded_ip,dns_count,ssh_count,http_count,ssl_count,files_count,dns_qtype,dns_rcode,ssh_auth_attempts,ssh_host_key,http_method,http_status_code,http_user_agent,ssl_version,ssl_cipher,ssl_curve,ssl_validation_status,files_source,file_md5,dns_dicts,ssh_dicts,http_dicts,ssl_dicts,files_dicts
104.16.67.157,0x302,CAHzWmyLbPSBd7vjd,SF,5.146619,319,691,53240,9,tcp,3735,4027,443,7,ssl,2017-07-07T16:54:39.831999Z,192.168.10.5,0,0,0,1,4,[],[],[],[],[],[],[],['TLSv12'],['TLS_ECDHE_ECDSA_WITH_AES_128_GCM_SHA256'],[None],[None],['SSL'],"['a6e923f935d51afc0d44a43bf5a562c2', '5e0e419b20ea575477f11b52e2c818e0', '2091719360572b1f80f424f4c83bc7bb', 'c790a56c69cbaf0bf3f30a40d0a2aecc']",[],[],[],"[{'ssl.version': 'TLSv12', 'ssl.cipher': 'TLS_ECDHE_ECDSA_WITH_AES_128_GCM_SHA256', 'ssl.curve': None, 'ssl.validation_status': None, 'count': 1}]","[{'file.md5s': {'a6e923f935d51afc0d44a43bf5a562c2', '5e0e419b20ea575477f11b52e2c818e0', '2091719360572b1f80f424f4c83bc7bb', 'c790a56c69cbaf0bf3f30a40d0a2aecc'}, 'files.source': 'SSL', 'count': 4}]"
104.16.67.157,0x31023,Cb3a341yoxbNRZtbhk,SF,5.147174,319,691,53241,9,tcp,3736,4028,443,7,ssl,2017-07-07T16:54:39.832109Z,192.168.10.5,0,0,0,1,4,[],[],[],[],[],[],[],['TLSv12'],['TLS_ECDHE_ECDSA_WITH_AES_128_GCM_SHA256'],[None],[None],['SSL'],"['a6e923f935d51afc0d44a43bf5a562c2', '5e0e419b20ea575477f11b52e2c818e0', '2091719360572b1f80f424f4c83bc7bb', 'c790a56c69cbaf0bf3f30a40d0a2aecc']",[],[],[],"[{'ssl.version': 'TLSv12', 'ssl.cipher': 'TLS_ECDHE_ECDSA_WITH_AES_128_GCM_SHA256', 'ssl.curve': None, 'ssl.validation_status': None, 'count': 1}]","[{'file.md5s': {'a6e923f935d51afc0d44a43bf5a562c2', '5e0e419b20ea575477f11b52e2c818e0', '2091719360572b1f80f424f4c83bc7bb', 'c790a56c69cbaf0bf3f30a40d0a2aecc'}, 'files.source': 'SSL', 'count': 4}]"
104.16.67.157,0xab156,CCcK8u3Kkw3TYBLcIg,SF,117.035377,10685,11588,53275,22,tcp,430,1574,443,25,ssl,2017-07-07T16:54:45.0324Z,192.168.10.5,0,0,0,1,0,[],[],[],[],[],[],[],['TLSv12'],['TLS_ECDHE_ECDSA_WITH_AES_128_GCM_SHA256'],[None],[None],[],[],[],[],[],"[{'ssl.version': 'TLSv12', 'ssl.cipher': 'TLS_ECDHE_ECDSA_WITH_AES_128_GCM_SHA256', 'ssl.curve': None, 'ssl.validation_status': None, 'count': 1}]",[]
104.16.67.157,0x24a1e9,Creary7zVDDvzVqf,SF,5.948067,599,891,53276,7,tcp,162,414,443,6,ssl,2017-07-07T16:54:45.032579Z,192.168.10.5,0,0,0,1,0,[],[],[],[],[],[],[],['TLSv12'],['TLS_ECDHE_ECDSA_WITH_AES_128_GCM_SHA256'],[None],[None],[],[],[],[],[],"[{'ssl.version': 'TLSv12', 'ssl.cipher': 'TLS_ECDHE_ECDSA_WITH_AES_128_GCM_SHA256', 'ssl.curve': None, 'ssl.validation_status': None, 'count': 1}]",[]
