originated_ip,uid,connection.uid,connection.conn_state,connection.duration,connection.orig_bytes,connection.orig_ip_bytes,connection.orig_p,connection.orig_pkts,connection.proto,connection.resp_bytes,connection.resp_ip_bytes,connection.resp_p,connection.resp_pkts,connection.service,connection.ts,responded_ip,dns_count,ssh_count,http_count,ssl_count,files_count,dns_qtype,dns_rcode,ssh_auth_attempts,ssh_host_key,http_method,http_status_code,http_user_agent,ssl_version,ssl_cipher,ssl_curve,ssl_validation_status,files_source,file_md5,dns_dicts,ssh_dicts,http_dicts,ssl_dicts,files_dicts
104.74.8.144,0xdbf2e,CRkZSt1EPYDmZXoMle,SF,6.111926,352,724,54924,9,tcp,3963,4295,443,8,ssl,2017-07-07T16:47:09.865304Z,192.168.10.15,0,0,0,1,2,[],[],[],[],[],[],[],['TLSv12'],['TLS_ECDHE_RSA_WITH_AES_256_GCM_SHA384'],[None],[None],['SSL'],"['36a4b6859fd764e787ee42fd3a9305db', 'b53f46c614f4e9a2f0e513c5866e0780']",[],[],[],"[{'ssl.version': 'TLSv12', 'ssl.cipher': 'TLS_ECDHE_RSA_WITH_AES_256_GCM_SHA384', 'ssl.curve': None, 'ssl.validation_status': None, 'count': 1}]","[{'file.md5s': {'36a4b6859fd764e787ee42fd3a9305db', 'b53f46c614f4e9a2f0e513c5866e0780'}, 'files.source': 'SSL', 'count': 2}]"
104.74.8.144,0x13d63e,Cz8g152tVkKYrRdfb5,RSTR,121.254049,5704,6927,54947,30,tcp,19918,21382,443,33,ssl,2017-07-07T16:47:10.911003Z,192.168.10.15,0,0,0,1,2,[],[],[],[],[],[],[],['TLSv12'],['TLS_ECDHE_RSA_WITH_AES_256_GCM_SHA384'],[None],[None],['SSL'],"['36a4b6859fd764e787ee42fd3a9305db', 'b53f46c614f4e9a2f0e513c5866e0780']",[],[],[],"[{'ssl.version': 'TLSv12', 'ssl.cipher': 'TLS_ECDHE_RSA_WITH_AES_256_GCM_SHA384', 'ssl.curve': None, 'ssl.validation_status': None, 'count': 1}]","[{'file.md5s': {'36a4b6859fd764e787ee42fd3a9305db', 'b53f46c614f4e9a2f0e513c5866e0780'}, 'files.source': 'SSL', 'count': 2}]"
104.74.8.144,0x15607e,CJ5lJr4kJD1vBr60kl,RSTR,116.208321,659,1642,54923,24,tcp,14871,16055,443,26,ssl,2017-07-07T16:47:09.863797Z,192.168.10.15,0,0,0,1,2,[],[],[],[],[],[],[],['TLSv12'],['TLS_ECDHE_RSA_WITH_AES_256_GCM_SHA384'],[None],[None],['SSL'],"['36a4b6859fd764e787ee42fd3a9305db', 'b53f46c614f4e9a2f0e513c5866e0780']",[],[],[],"[{'ssl.version': 'TLSv12', 'ssl.cipher': 'TLS_ECDHE_RSA_WITH_AES_256_GCM_SHA384', 'ssl.curve': None, 'ssl.validation_status': None, 'count': 1}]","[{'file.md5s': {'36a4b6859fd764e787ee42fd3a9305db', 'b53f46c614f4e9a2f0e513c5866e0780'}, 'files.source': 'SSL', 'count': 2}]"
104.74.8.144,0x2ab9b8,CE1s522QImaGpPRRzj,RSTR,121.195294,1148,2051,54952,22,tcp,5272,6296,443,22,ssl,2017-07-07T16:47:10.970144Z,192.168.10.15,0,0,0,1,2,[],[],[],[],[],[],[],['TLSv12'],['TLS_ECDHE_RSA_WITH_AES_256_GCM_SHA384'],[None],[None],['SSL'],"['36a4b6859fd764e787ee42fd3a9305db', 'b53f46c614f4e9a2f0e513c5866e0780']",[],[],[],"[{'ssl.version': 'TLSv12', 'ssl.cipher': 'TLS_ECDHE_RSA_WITH_AES_256_GCM_SHA384', 'ssl.curve': None, 'ssl.validation_status': None, 'count': 1}]","[{'file.md5s': {'36a4b6859fd764e787ee42fd3a9305db', 'b53f46c614f4e9a2f0e513c5866e0780'}, 'files.source': 'SSL', 'count': 2}]"
