originated_ip,uid,connection.uid,connection.conn_state,connection.duration,connection.orig_bytes,connection.orig_ip_bytes,connection.orig_p,connection.orig_pkts,connection.proto,connection.resp_bytes,connection.resp_ip_bytes,connection.resp_p,connection.resp_pkts,connection.service,connection.ts,responded_ip,dns_count,ssh_count,http_count,ssl_count,files_count,dns_qtype,dns_rcode,ssh_auth_attempts,ssh_host_key,http_method,http_status_code,http_user_agent,ssl_version,ssl_cipher,ssl_curve,ssl_validation_status,files_source,file_md5,dns_dicts,ssh_dicts,http_dicts,ssl_dicts,files_dicts
113.52.156.18,0x31184,CsAdOL3Xtdza1zccae,SF,0.382509,428,640,55886,5,tcp,1889,2061,80,4,http,2017-07-07T16:53:03.432065Z,192.168.10.14,0,0,1,0,2,[],[],[],[],['POST'],[200],[None],[],[],[],[],['HTTP'],"['051cbf5c2dc73c101686084ca730e9d2', '7a5a8299ca9d16c8242d30c247634133']",[],[],"[{'http.method': 'POST', 'http.status_code': 200, 'http.user_agent': None, 'count': 1}]",[],"[{'file.md5s': {'051cbf5c2dc73c101686084ca730e9d2', '7a5a8299ca9d16c8242d30c247634133'}, 'files.source': 'HTTP', 'count': 2}]"
113.52.156.18,0xdbfdc,CfggBBEcRlOeFoyc9,SF,0.784701,428,640,55921,5,tcp,1889,2061,80,4,http,2017-07-07T16:53:04.810537Z,192.168.10.14,0,0,1,0,2,[],[],[],[],['POST'],[200],[None],[],[],[],[],['HTTP'],"['228fa4ef866fb2d01d0afe7514c0ea70', 'b58101c5669d6732556bdf858ac0b051']",[],[],"[{'http.method': 'POST', 'http.status_code': 200, 'http.user_agent': None, 'count': 1}]",[],"[{'file.md5s': {'228fa4ef866fb2d01d0afe7514c0ea70', 'b58101c5669d6732556bdf858ac0b051'}, 'files.source': 'HTTP', 'count': 2}]"
113.52.156.18,0x1255b7,CBqv2q9AbFmo0arD7,SF,6.392176,0,172,55922,4,tcp,0,132,80,3,,2017-07-07T16:53:04.848628Z,192.168.10.14,0,0,0,0,0,[],[],[],[],[],[],[],[],[],[],[],[],[],[],[],[],[],[]
113.52.156.18,0x293727,CsCDuo494JAngRJOq4,SF,1.659439,428,640,55887,5,tcp,1889,2061,80,4,http,2017-07-07T16:53:03.432194Z,192.168.10.14,0,0,1,0,2,[],[],[],[],['POST'],[200],[None],[],[],[],[],['HTTP'],"['228fa4ef866fb2d01d0afe7514c0ea70', '6fc97341865e6eef69e1e3ba7beccc1e']",[],[],"[{'http.method': 'POST', 'http.status_code': 200, 'http.user_agent': None, 'count': 1}]",[],"[{'file.md5s': {'228fa4ef866fb2d01d0afe7514c0ea70', '6fc97341865e6eef69e1e3ba7beccc1e'}, 'files.source': 'HTTP', 'count': 2}]"
