originated_ip,uid,connection.uid,connection.conn_state,connection.duration,connection.orig_bytes,connection.orig_ip_bytes,connection.orig_p,connection.orig_pkts,connection.proto,connection.resp_bytes,connection.resp_ip_bytes,connection.resp_p,connection.resp_pkts,connection.service,connection.ts,responded_ip,dns_count,ssh_count,http_count,ssl_count,files_count,dns_qtype,dns_rcode,ssh_auth_attempts,ssh_host_key,http_method,http_status_code,http_user_agent,ssl_version,ssl_cipher,ssl_curve,ssl_validation_status,files_source,file_md5,dns_dicts,ssh_dicts,http_dicts,ssl_dicts,files_dicts
166.78.192.64,0xf450e,CXtK5F3laGX8tG9IVc,SF,65.122386,1167,1745,7198,14,tcp,504,1148,443,14,ssl,2017-07-07T16:42:56.553645Z,192.168.10.9,0,0,0,1,0,[],[],[],[],[],[],[],['TLSv12'],['TLS_ECDHE_RSA_WITH_AES_128_GCM_SHA256'],[None],[None],[],[],[],[],[],"[{'ssl.version': 'TLSv12', 'ssl.cipher': 'TLS_ECDHE_RSA_WITH_AES_128_GCM_SHA256', 'ssl.curve': None, 'ssl.validation_status': None, 'count': 1}]",[]
166.78.192.64,0xf4511,CtyTTM3NBUYd0lH4rc,SF,5.445915,599,891,7202,7,tcp,137,389,443,6,ssl,2017-07-07T16:42:56.592409Z,192.168.10.9,0,0,0,1,0,[],[],[],[],[],[],[],['TLSv12'],['TLS_ECDHE_RSA_WITH_AES_128_GCM_SHA256'],[None],[None],[],[],[],[],[],"[{'ssl.version': 'TLSv12', 'ssl.cipher': 'TLS_ECDHE_RSA_WITH_AES_128_GCM_SHA256', 'ssl.curve': None, 'ssl.validation_status': None, 'count': 1}]",[]
166.78.192.64,0x21949c,CpSN9n1Wg3HqO7Ceae,SF,66.54807,1226,1804,7199,14,tcp,1386,2070,443,15,ssl,2017-07-07T16:42:56.555758Z,192.168.10.9,0,0,0,1,0,[],[],[],[],[],[],[],['TLSv12'],['TLS_ECDHE_RSA_WITH_AES_128_GCM_SHA256'],[None],[None],[],[],[],[],[],"[{'ssl.version': 'TLSv12', 'ssl.cipher': 'TLS_ECDHE_RSA_WITH_AES_128_GCM_SHA256', 'ssl.curve': None, 'ssl.validation_status': None, 'count': 1}]",[]
166.78.192.64,0x2f505c,C0mvpOhX1Bqd94z82,SF,66.851774,3226,5284,7196,51,tcp,101490,104134,443,64,ssl,2017-07-07T16:42:56.301832Z,192.168.10.9,0,0,0,1,2,[],[],[],[],[],[],[],['TLSv12'],['TLS_ECDHE_RSA_WITH_AES_128_GCM_SHA256'],[None],[None],['SSL'],"['aaee5cf8b0d8596d2e0cbe67421cf7db', 'a4514b9631c621bde7201ec27ce24411']",[],[],[],"[{'ssl.version': 'TLSv12', 'ssl.cipher': 'TLS_ECDHE_RSA_WITH_AES_128_GCM_SHA256', 'ssl.curve': None, 'ssl.validation_status': None, 'count': 1}]","[{'file.md5s': {'aaee5cf8b0d8596d2e0cbe67421cf7db', 'a4514b9631c621bde7201ec27ce24411'}, 'files.source': 'SSL', 'count': 2}]"
