originated_ip,uid,connection.uid,connection.conn_state,connection.duration,connection.orig_bytes,connection.orig_ip_bytes,connection.orig_p,connection.orig_pkts,connection.proto,connection.resp_bytes,connection.resp_ip_bytes,connection.resp_p,connection.resp_pkts,connection.service,connection.ts,responded_ip,dns_count,ssh_count,http_count,ssl_count,files_count,dns_qtype,dns_rcode,ssh_auth_attempts,ssh_host_key,http_method,http_status_code,http_user_agent,ssl_version,ssl_cipher,ssl_curve,ssl_validation_status,files_source,file_md5,dns_dicts,ssh_dicts,http_dicts,ssl_dicts,files_dicts
104.244.43.48,0x18777,C2UcFCu7MgKSK1Fo3,SF,10.278279,737,1150,53087,10,tcp,4708,5132,443,10,ssl,2017-07-07T16:39:14.538617Z,192.168.10.5,0,0,0,1,3,[],[],[],[],[],[],[],['TLSv12'],['TLS_ECDHE_RSA_WITH_AES_128_GCM_SHA256'],[None],[None],['SSL'],"['99db069a1f67739a839178f64b20b82b', 'aaee5cf8b0d8596d2e0cbe67421cf7db', '4b34fc8b7c44fb3c1c656ff9599344d0']",[],[],[],"[{'ssl.version': 'TLSv12', 'ssl.cipher': 'TLS_ECDHE_RSA_WITH_AES_128_GCM_SHA256', 'ssl.curve': None, 'ssl.validation_status': None, 'count': 1}]","[{'file.md5s': {'99db069a1f67739a839178f64b20b82b', 'aaee5cf8b0d8596d2e0cbe67421cf7db', '4b34fc8b7c44fb3c1c656ff9599344d0'}, 'files.source': 'SSL', 'count': 3}]"
104.244.43.48,0x200e5a,CAl3gqln8ND5NXZy4,SF,5.640951,356,728,55286,9,tcp,4275,4567,443,7,ssl,2017-07-07T16:55:03.522391Z,192.168.10.15,0,0,0,1,3,[],[],[],[],[],[],[],['TLSv12'],['TLS_ECDHE_RSA_WITH_AES_128_GCM_SHA256'],[None],[None],['SSL'],"['99db069a1f67739a839178f64b20b82b', 'aaee5cf8b0d8596d2e0cbe67421cf7db', '4b34fc8b7c44fb3c1c656ff9599344d0']",[],[],[],"[{'ssl.version': 'TLSv12', 'ssl.cipher': 'TLS_ECDHE_RSA_WITH_AES_128_GCM_SHA256', 'ssl.curve': None, 'ssl.validation_status': None, 'count': 1}]","[{'file.md5s': {'99db069a1f67739a839178f64b20b82b', 'aaee5cf8b0d8596d2e0cbe67421cf7db', '4b34fc8b7c44fb3c1c656ff9599344d0'}, 'files.source': 'SSL', 'count': 3}]"
104.244.43.48,0x231b3b,Cq3nim1jB8OKqeNjH5,SF,10.574037,733,1186,55230,11,tcp,4708,5132,443,10,ssl,2017-07-07T16:42:32.124514Z,192.168.10.14,0,0,0,1,3,[],[],[],[],[],[],[],['TLSv12'],['TLS_ECDHE_RSA_WITH_AES_128_GCM_SHA256'],[None],[None],['SSL'],"['99db069a1f67739a839178f64b20b82b', 'aaee5cf8b0d8596d2e0cbe67421cf7db', '4b34fc8b7c44fb3c1c656ff9599344d0']",[],[],[],"[{'ssl.version': 'TLSv12', 'ssl.cipher': 'TLS_ECDHE_RSA_WITH_AES_128_GCM_SHA256', 'ssl.curve': None, 'ssl.validation_status': None, 'count': 1}]","[{'file.md5s': {'99db069a1f67739a839178f64b20b82b', 'aaee5cf8b0d8596d2e0cbe67421cf7db', '4b34fc8b7c44fb3c1c656ff9599344d0'}, 'files.source': 'SSL', 'count': 3}]"
104.244.43.48,0x2abcbf,COI5yh4UMN4KFlAyvk,SF,10.160233,740,1153,55287,10,tcp,4707,5171,443,11,ssl,2017-07-07T16:55:03.522574Z,192.168.10.15,0,0,0,1,3,[],[],[],[],[],[],[],['TLSv12'],['TLS_ECDHE_RSA_WITH_AES_128_GCM_SHA256'],[None],[None],['SSL'],"['99db069a1f67739a839178f64b20b82b', 'aaee5cf8b0d8596d2e0cbe67421cf7db', '4b34fc8b7c44fb3c1c656ff9599344d0']",[],[],[],"[{'ssl.version': 'TLSv12', 'ssl.cipher': 'TLS_ECDHE_RSA_WITH_AES_128_GCM_SHA256', 'ssl.curve': None, 'ssl.validation_status': None, 'count': 1}]","[{'file.md5s': {'99db069a1f67739a839178f64b20b82b', 'aaee5cf8b0d8596d2e0cbe67421cf7db', '4b34fc8b7c44fb3c1c656ff9599344d0'}, 'files.source': 'SSL', 'count': 3}]"
