originated_ip,uid,connection.uid,connection.conn_state,connection.duration,connection.orig_bytes,connection.orig_ip_bytes,connection.orig_p,connection.orig_pkts,connection.proto,connection.resp_bytes,connection.resp_ip_bytes,connection.resp_p,connection.resp_pkts,connection.service,connection.ts,responded_ip,dns_count,ssh_count,http_count,ssl_count,files_count,dns_qtype,dns_rcode,ssh_auth_attempts,ssh_host_key,http_method,http_status_code,http_user_agent,ssl_version,ssl_cipher,ssl_curve,ssl_validation_status,files_source,file_md5,dns_dicts,ssh_dicts,http_dicts,ssl_dicts,files_dicts
172.217.6.234,0x125515,CMQBWk4HsTW9FYAf1,SF,5.124028,0,172,5749,4,tcp,0,92,80,2,,2017-07-07T17:00:19.341167Z,192.168.10.8,0,0,0,0,0,[],[],[],[],[],[],[],[],[],[],[],[],[],[],[],[],[],[]
172.217.6.234,0x231a87,C6Z55v2WCr6bS0k0Yd,SF,0.247483,530,982,53305,11,tcp,4042,4454,443,10,ssl,2017-07-07T16:58:32.635042Z,192.168.10.5,0,0,0,1,3,[],[],[],[],[],[],[],['TLSv12'],['TLS_ECDHE_RSA_WITH_AES_128_GCM_SHA256'],[None],[None],['SSL'],"['7e9bfdcd51733f7d70337c2e55d1e219', '2e7db2a31d0e3da4b25f49b9542a2e1a', '17866ccbd224bd2ff9df48b95118f935']",[],[],[],"[{'ssl.version': 'TLSv12', 'ssl.cipher': 'TLS_ECDHE_RSA_WITH_AES_128_GCM_SHA256', 'ssl.curve': None, 'ssl.validation_status': None, 'count': 1}]","[{'file.md5s': {'7e9bfdcd51733f7d70337c2e55d1e219', '2e7db2a31d0e3da4b25f49b9542a2e1a', '17866ccbd224bd2ff9df48b95118f935'}, 'files.source': 'SSL', 'count': 3}]"
172.217.6.234,0x24a230,CnITmS1pvXUvqH4e27,SF,115.144897,366,1069,5748,17,tcp,1732,2516,80,16,http,2017-07-07T17:00:19.334275Z,192.168.10.8,0,0,1,0,1,[],[],[],[],['GET'],[200],[None],[],[],[],[],['HTTP'],['8f7d3e70f5bc9454233bd7b5078279fd'],[],[],"[{'http.method': 'GET', 'http.status_code': 200, 'http.user_agent': None, 'count': 1}]",[],"[{'file.md5s': {'8f7d3e70f5bc9454233bd7b5078279fd'}, 'files.source': 'HTTP', 'count': 1}]"
172.217.6.234,0x26279d,CUWw9x2KZts9ZZtVte,SF,181.071678,988,1880,53304,22,tcp,6033,6845,443,20,ssl,2017-07-07T16:58:32.603096Z,192.168.10.5,0,0,0,1,3,[],[],[],[],[],[],[],['TLSv12'],['TLS_ECDHE_RSA_WITH_AES_128_GCM_SHA256'],[None],[None],['SSL'],"['2e7db2a31d0e3da4b25f49b9542a2e1a', '7e9bfdcd51733f7d70337c2e55d1e219', '17866ccbd224bd2ff9df48b95118f935']",[],[],[],"[{'ssl.version': 'TLSv12', 'ssl.cipher': 'TLS_ECDHE_RSA_WITH_AES_128_GCM_SHA256', 'ssl.curve': None, 'ssl.validation_status': None, 'count': 1}]","[{'file.md5s': {'2e7db2a31d0e3da4b25f49b9542a2e1a', '7e9bfdcd51733f7d70337c2e55d1e219', '17866ccbd224bd2ff9df48b95118f935'}, 'files.source': 'SSL', 'count': 3}]"
