originated_ip,uid,connection.uid,connection.conn_state,connection.duration,connection.orig_bytes,connection.orig_ip_bytes,connection.orig_p,connection.orig_pkts,connection.proto,connection.resp_bytes,connection.resp_ip_bytes,connection.resp_p,connection.resp_pkts,connection.service,connection.ts,responded_ip,dns_count,ssh_count,http_count,ssl_count,files_count,dns_qtype,dns_rcode,ssh_auth_attempts,ssh_host_key,http_method,http_status_code,http_user_agent,ssl_version,ssl_cipher,ssl_curve,ssl_validation_status,files_source,file_md5,dns_dicts,ssh_dicts,http_dicts,ssl_dicts,files_dicts
104.97.96.142,0x92ab7,Cv1RJ31bQn0mLpZmBe,SF,180.237636,1085,2057,7529,24,tcp,17731,18703,443,24,ssl,2017-07-07T16:59:09.387197Z,192.168.10.9,0,0,0,1,3,[],[],[],[],[],[],[],['TLSv12'],['TLS_ECDHE_RSA_WITH_AES_256_GCM_SHA384'],[None],[None],['SSL'],"['23d5858ebc8986107cb7ac1e17f726c5', 'e7aa438180e5080babc21d2d5f752950', '86d9d3eddd4274f9db6c030b6f20b8fc']",[],[],[],"[{'ssl.version': 'TLSv12', 'ssl.cipher': 'TLS_ECDHE_RSA_WITH_AES_256_GCM_SHA384', 'ssl.curve': None, 'ssl.validation_status': None, 'count': 1}]","[{'file.md5s': {'23d5858ebc8986107cb7ac1e17f726c5', 'e7aa438180e5080babc21d2d5f752950', '86d9d3eddd4274f9db6c030b6f20b8fc'}, 'files.source': 'SSL', 'count': 3}]"
104.97.96.142,0x231b4e,C4hrZh1DaVMNR6KVkf,SF,0.084198,530,902,7530,9,tcp,5448,5900,443,11,ssl,2017-07-07T16:59:09.427545Z,192.168.10.9,0,0,0,1,3,[],[],[],[],[],[],[],['TLSv12'],['TLS_ECDHE_RSA_WITH_AES_256_GCM_SHA384'],[None],[None],['SSL'],"['23d5858ebc8986107cb7ac1e17f726c5', 'e7aa438180e5080babc21d2d5f752950', '86d9d3eddd4274f9db6c030b6f20b8fc']",[],[],[],"[{'ssl.version': 'TLSv12', 'ssl.cipher': 'TLS_ECDHE_RSA_WITH_AES_256_GCM_SHA384', 'ssl.curve': None, 'ssl.validation_status': None, 'count': 1}]","[{'file.md5s': {'23d5858ebc8986107cb7ac1e17f726c5', 'e7aa438180e5080babc21d2d5f752950', '86d9d3eddd4274f9db6c030b6f20b8fc'}, 'files.source': 'SSL', 'count': 3}]"
104.97.96.142,0x26285d,CeRl2bDpvLVKIwsl5,SF,180.757717,1127,2179,7515,26,tcp,25956,27168,443,30,ssl,2017-07-07T16:59:08.86712Z,192.168.10.9,0,0,0,1,3,[],[],[],[],[],[],[],['TLSv12'],['TLS_ECDHE_RSA_WITH_AES_256_GCM_SHA384'],[None],[None],['SSL'],"['23d5858ebc8986107cb7ac1e17f726c5', 'e7aa438180e5080babc21d2d5f752950', '86d9d3eddd4274f9db6c030b6f20b8fc']",[],[],[],"[{'ssl.version': 'TLSv12', 'ssl.cipher': 'TLS_ECDHE_RSA_WITH_AES_256_GCM_SHA384', 'ssl.curve': None, 'ssl.validation_status': None, 'count': 1}]","[{'file.md5s': {'23d5858ebc8986107cb7ac1e17f726c5', 'e7aa438180e5080babc21d2d5f752950', '86d9d3eddd4274f9db6c030b6f20b8fc'}, 'files.source': 'SSL', 'count': 3}]"
104.97.96.142,0x26287f,C2n5wD3t0oYiTNRcra,SF,0.121956,834,1646,7516,20,tcp,24405,25337,443,23,ssl,2017-07-07T16:59:08.867358Z,192.168.10.9,0,0,0,1,0,[],[],[],[],[],[],[],['TLSv12'],['TLS_ECDHE_RSA_WITH_AES_256_GCM_SHA384'],[None],[None],[],[],[],[],[],"[{'ssl.version': 'TLSv12', 'ssl.cipher': 'TLS_ECDHE_RSA_WITH_AES_256_GCM_SHA384', 'ssl.curve': None, 'ssl.validation_status': None, 'count': 1}]",[]
