originated_ip,uid,connection.uid,connection.conn_state,connection.duration,connection.orig_bytes,connection.orig_ip_bytes,connection.orig_p,connection.orig_pkts,connection.proto,connection.resp_bytes,connection.resp_ip_bytes,connection.resp_p,connection.resp_pkts,connection.service,connection.ts,responded_ip,dns_count,ssh_count,http_count,ssl_count,files_count,dns_qtype,dns_rcode,ssh_auth_attempts,ssh_host_key,http_method,http_status_code,http_user_agent,ssl_version,ssl_cipher,ssl_curve,ssl_validation_status,files_source,file_md5,dns_dicts,ssh_dicts,http_dicts,ssl_dicts,files_dicts
151.101.116.207,0x308,CZi9V9TEN1KlIHre6,SF,115.494209,681,1704,7548,25,tcp,19282,20586,443,29,ssl,2017-07-07T16:59:11.085631Z,192.168.10.9,0,0,0,1,3,[],[],[],[],[],[],[],['TLSv12'],['TLS_ECDHE_RSA_WITH_AES_128_GCM_SHA256'],[None],[None],['SSL'],"['05455f0519c501564001543781fd2fe2', 'd3e8706d8292ace4ddebf7a8bbbd566b', 'd4386b8737593663f282a94a349411d3']",[],[],[],"[{'ssl.version': 'TLSv12', 'ssl.cipher': 'TLS_ECDHE_RSA_WITH_AES_128_GCM_SHA256', 'ssl.curve': None, 'ssl.validation_status': None, 'count': 1}]","[{'file.md5s': {'05455f0519c501564001543781fd2fe2', 'd3e8706d8292ace4ddebf7a8bbbd566b', 'd4386b8737593663f282a94a349411d3'}, 'files.source': 'SSL', 'count': 3}]"
151.101.116.207,0x19f1b3,CTDIBXQvpl2X9WQk9,SF,5.33228,355,767,55154,10,tcp,6617,6949,443,8,ssl,2017-07-07T16:47:19.659101Z,192.168.10.15,0,0,0,1,2,[],[],[],[],[],[],[],['TLSv12'],['TLS_ECDHE_RSA_WITH_AES_128_GCM_SHA256'],[None],[None],['SSL'],"['05455f0519c501564001543781fd2fe2', 'd3e8706d8292ace4ddebf7a8bbbd566b']",[],[],[],"[{'ssl.version': 'TLSv12', 'ssl.cipher': 'TLS_ECDHE_RSA_WITH_AES_128_GCM_SHA256', 'ssl.curve': None, 'ssl.validation_status': None, 'count': 1}]","[{'file.md5s': {'05455f0519c501564001543781fd2fe2', 'd3e8706d8292ace4ddebf7a8bbbd566b'}, 'files.source': 'SSL', 'count': 2}]"
151.101.116.207,0x1b7aa3,CQfo4i3F2v78D8kLX4,SF,115.322167,791,2023,45514,24,tcp,6982,8030,443,20,ssl,2017-07-07T16:35:33.990618Z,192.168.10.16,0,0,0,1,0,[],[],[],[],[],[],[],['TLSv12'],['TLS_ECDHE_RSA_WITH_AES_128_GCM_SHA256'],[None],[None],[],[],[],[],[],"[{'ssl.version': 'TLSv12', 'ssl.cipher': 'TLS_ECDHE_RSA_WITH_AES_128_GCM_SHA256', 'ssl.curve': None, 'ssl.validation_status': None, 'count': 1}]",[]
151.101.116.207,0x27ad73,Cx9522k2BtD31lkce,SF,115.537543,668,1691,55153,25,tcp,16185,17369,443,26,ssl,2017-07-07T16:47:19.658702Z,192.168.10.15,0,0,0,1,3,[],[],[],[],[],[],[],['TLSv12'],['TLS_ECDHE_RSA_WITH_AES_128_GCM_SHA256'],[None],[None],['SSL'],"['05455f0519c501564001543781fd2fe2', 'd3e8706d8292ace4ddebf7a8bbbd566b', 'd4386b8737593663f282a94a349411d3']",[],[],[],"[{'ssl.version': 'TLSv12', 'ssl.cipher': 'TLS_ECDHE_RSA_WITH_AES_128_GCM_SHA256', 'ssl.curve': None, 'ssl.validation_status': None, 'count': 1}]","[{'file.md5s': {'05455f0519c501564001543781fd2fe2', 'd3e8706d8292ace4ddebf7a8bbbd566b', 'd4386b8737593663f282a94a349411d3'}, 'files.source': 'SSL', 'count': 3}]"
