originated_ip,uid,connection.uid,connection.conn_state,connection.duration,connection.orig_bytes,connection.orig_ip_bytes,connection.orig_p,connection.orig_pkts,connection.proto,connection.resp_bytes,connection.resp_ip_bytes,connection.resp_p,connection.resp_pkts,connection.service,connection.ts,responded_ip,dns_count,ssh_count,http_count,ssl_count,files_count,dns_qtype,dns_rcode,ssh_auth_attempts,ssh_host_key,http_method,http_status_code,http_user_agent,ssl_version,ssl_cipher,ssl_curve,ssl_validation_status,files_source,file_md5,dns_dicts,ssh_dicts,http_dicts,ssl_dicts,files_dicts
120.55.238.29,0x8,Ci7U1f2krtSsLVRLY5,SF,1.169252,347,639,7486,7,tcp,1386,1936,443,7,ssl,2017-07-07T16:53:45.942967Z,192.168.10.9,0,0,0,1,1,[],[],[],[],[],[],[],['TLSv12'],['TLS_ECDHE_RSA_WITH_AES_128_GCM_SHA256'],[None],[None],['SSL'],['cf691b0d08b4ef397292d1daa53a0443'],[],[],[],"[{'ssl.version': 'TLSv12', 'ssl.cipher': 'TLS_ECDHE_RSA_WITH_AES_128_GCM_SHA256', 'ssl.curve': None, 'ssl.validation_status': None, 'count': 1}]","[{'file.md5s': {'cf691b0d08b4ef397292d1daa53a0443'}, 'files.source': 'SSL', 'count': 1}]"
120.55.238.29,0x13d8f8,CoYDvI3kBrIIEarY3l,SF,1.194083,347,635,7487,7,tcp,1386,1634,443,6,ssl,2017-07-07T16:53:54.948128Z,192.168.10.9,0,0,0,1,1,[],[],[],[],[],[],[],['TLSv12'],['TLS_ECDHE_RSA_WITH_AES_128_GCM_SHA256'],[None],[None],['SSL'],['cf691b0d08b4ef397292d1daa53a0443'],[],[],[],"[{'ssl.version': 'TLSv12', 'ssl.cipher': 'TLS_ECDHE_RSA_WITH_AES_128_GCM_SHA256', 'ssl.curve': None, 'ssl.validation_status': None, 'count': 1}]","[{'file.md5s': {'cf691b0d08b4ef397292d1daa53a0443'}, 'files.source': 'SSL', 'count': 1}]"
120.55.238.29,0x16e856,CGix3m4xw6Hu4SJ3w6,S0,3.004659,0,104,7487,2,tcp,0,0,443,0,,2017-07-07T16:53:45.943163Z,192.168.10.9,0,0,0,0,0,[],[],[],[],[],[],[],[],[],[],[],[],[],[],[],[],[],[]
120.55.238.29,0x2abc5e,C3LH40152KRSv8A5d5,SF,2.077616,347,836,7488,8,tcp,1386,1702,443,7,ssl,2017-07-07T16:53:46.194257Z,192.168.10.9,0,0,0,1,1,[],[],[],[],[],[],[],['TLSv12'],['TLS_ECDHE_RSA_WITH_AES_128_GCM_SHA256'],[None],[None],['SSL'],['cf691b0d08b4ef397292d1daa53a0443'],[],[],[],"[{'ssl.version': 'TLSv12', 'ssl.cipher': 'TLS_ECDHE_RSA_WITH_AES_128_GCM_SHA256', 'ssl.curve': None, 'ssl.validation_status': None, 'count': 1}]","[{'file.md5s': {'cf691b0d08b4ef397292d1daa53a0443'}, 'files.source': 'SSL', 'count': 1}]"
