originated_ip,uid,connection.uid,connection.conn_state,connection.duration,connection.orig_bytes,connection.orig_ip_bytes,connection.orig_p,connection.orig_pkts,connection.proto,connection.resp_bytes,connection.resp_ip_bytes,connection.resp_p,connection.resp_pkts,connection.service,connection.ts,responded_ip,dns_count,ssh_count,http_count,ssl_count,files_count,dns_qtype,dns_rcode,ssh_auth_attempts,ssh_host_key,http_method,http_status_code,http_user_agent,ssl_version,ssl_cipher,ssl_curve,ssl_validation_status,files_source,file_md5,dns_dicts,ssh_dicts,http_dicts,ssl_dicts,files_dicts
162.248.185.53,0x242,CZkudaLCla2OSyoe,SF,31.79387,1279,3319,52793,39,tcp,89000,91820,443,54,ssl,2017-07-07T16:50:46.362101Z,192.168.10.25,0,0,0,1,0,[],[],[],[],[],[],[],['TLSv10'],['TLS_RSA_WITH_AES_256_CBC_SHA'],[None],[None],[],[],[],[],[],"[{'ssl.version': 'TLSv10', 'ssl.cipher': 'TLS_RSA_WITH_AES_256_CBC_SHA', 'ssl.curve': None, 'ssl.validation_status': None, 'count': 1}]",[]
162.248.185.53,0x10cb13,CXbW5m1SEqIoF0HRMc,SF,31.793606,1295,3647,52794,45,tcp,102317,105761,443,66,ssl,2017-07-07T16:50:46.362607Z,192.168.10.25,0,0,0,1,0,[],[],[],[],[],[],[],['TLSv10'],['TLS_RSA_WITH_AES_256_CBC_SHA'],[None],[None],[],[],[],[],[],"[{'ssl.version': 'TLSv10', 'ssl.cipher': 'TLS_RSA_WITH_AES_256_CBC_SHA', 'ssl.curve': None, 'ssl.validation_status': None, 'count': 1}]",[]
162.248.185.53,0x1e86b6,CZruLoCpsX9iew6X6,SF,32.153435,3550,8502,52790,95,tcp,255000,262188,443,138,ssl,2017-07-07T16:50:46.002068Z,192.168.10.25,0,0,0,1,2,[],[],[],[],[],[],[],['TLSv10'],['TLS_RSA_WITH_AES_256_CBC_SHA'],[None],[None],['SSL'],"['61ab9d0073f8a1995c0688473e9bcf6f', 'df51ce65bc43f91b3e1ecf48ab233625']",[],[],[],"[{'ssl.version': 'TLSv10', 'ssl.cipher': 'TLS_RSA_WITH_AES_256_CBC_SHA', 'ssl.curve': None, 'ssl.validation_status': None, 'count': 1}]","[{'file.md5s': {'61ab9d0073f8a1995c0688473e9bcf6f', 'df51ce65bc43f91b3e1ecf48ab233625'}, 'files.source': 'SSL', 'count': 2}]"
162.248.185.53,0x200d46,CGBS2P1NNSvMzF3sa2,SF,31.794349,1327,4043,52792,52,tcp,152785,157633,443,93,ssl,2017-07-07T16:50:46.361597Z,192.168.10.25,0,0,0,1,0,[],[],[],[],[],[],[],['TLSv10'],['TLS_RSA_WITH_AES_256_CBC_SHA'],[None],[None],[],[],[],[],[],"[{'ssl.version': 'TLSv10', 'ssl.cipher': 'TLS_RSA_WITH_AES_256_CBC_SHA', 'ssl.curve': None, 'ssl.validation_status': None, 'count': 1}]",[]
