originated_ip,uid,connection.uid,connection.conn_state,connection.duration,connection.orig_bytes,connection.orig_ip_bytes,connection.orig_p,connection.orig_pkts,connection.proto,connection.resp_bytes,connection.resp_ip_bytes,connection.resp_p,connection.resp_pkts,connection.service,connection.ts,responded_ip,dns_count,ssh_count,http_count,ssl_count,files_count,dns_qtype,dns_rcode,ssh_auth_attempts,ssh_host_key,http_method,http_status_code,http_user_agent,ssl_version,ssl_cipher,ssl_curve,ssl_validation_status,files_source,file_md5,dns_dicts,ssh_dicts,http_dicts,ssl_dicts,files_dicts
153.120.128.154,0x499dc,CdhR5o2UrP0OlponW2,SF,5.642048,0,172,55894,4,tcp,0,92,80,2,,2017-07-07T16:53:03.611846Z,192.168.10.14,0,0,0,0,0,[],[],[],[],[],[],[],[],[],[],[],[],[],[],[],[],[],[]
153.120.128.154,0x7a554,CRYBGT1rFcagKTxtEb,SF,17.915718,1788,2280,55811,12,tcp,10976,11428,80,11,http,2017-07-07T16:52:58.158334Z,192.168.10.14,0,0,1,0,8,[],[],[],[],['POST'],[200],[None],[],[],[],[],['HTTP'],"['85fe26722aca03b1876b1a8f2910ccf9', '2bf87605c9081f80873bf4a5b4f7a59c', 'bff7541db05f0b829c97f8c20a7556e9', 'f06a3d56078641805c41a7f29db65eef', 'abc4d8670d6063dbf9f2b134e084eb04', 'c28bb0a24f192dd4da919c151ea103cb']",[],[],"[{'http.method': 'POST', 'http.status_code': 200, 'http.user_agent': None, 'count': 1}]",[],"[{'file.md5s': {'85fe26722aca03b1876b1a8f2910ccf9', '2bf87605c9081f80873bf4a5b4f7a59c', 'bff7541db05f0b829c97f8c20a7556e9', 'f06a3d56078641805c41a7f29db65eef', 'abc4d8670d6063dbf9f2b134e084eb04', 'c28bb0a24f192dd4da919c151ea103cb'}, 'files.source': 'HTTP', 'count': 8}]"
153.120.128.154,0xc3ade,CLWNyt4LHtI3PzZDt9,SF,5.459187,0,172,55812,4,tcp,0,92,80,2,,2017-07-07T16:52:58.182823Z,192.168.10.14,0,0,0,0,0,[],[],[],[],[],[],[],[],[],[],[],[],[],[],[],[],[],[]
153.120.128.154,0x1b7bb4,CutyVoNIVnlXWG8I9,SF,10.417225,447,699,55889,6,tcp,2744,2996,80,6,http,2017-07-07T16:53:03.463498Z,192.168.10.14,0,0,1,0,2,[],[],[],[],['POST'],[200],[None],[],[],[],[],['HTTP'],"['c28bb0a24f192dd4da919c151ea103cb', '85fe26722aca03b1876b1a8f2910ccf9']",[],[],"[{'http.method': 'POST', 'http.status_code': 200, 'http.user_agent': None, 'count': 1}]",[],"[{'file.md5s': {'c28bb0a24f192dd4da919c151ea103cb', '85fe26722aca03b1876b1a8f2910ccf9'}, 'files.source': 'HTTP', 'count': 2}]"
