originated_ip,uid,connection.uid,connection.conn_state,connection.duration,connection.orig_bytes,connection.orig_ip_bytes,connection.orig_p,connection.orig_pkts,connection.proto,connection.resp_bytes,connection.resp_ip_bytes,connection.resp_p,connection.resp_pkts,connection.service,connection.ts,responded_ip,dns_count,ssh_count,http_count,ssl_count,files_count,dns_qtype,dns_rcode,ssh_auth_attempts,ssh_host_key,http_method,http_status_code,http_user_agent,ssl_version,ssl_cipher,ssl_curve,ssl_validation_status,files_source,file_md5,dns_dicts,ssh_dicts,http_dicts,ssl_dicts,files_dicts
185.5.72.153,0x125422,CzeCOk4gefnx7AoFEi,SF,51.069705,6085,13897,52824,150,tcp,463815,476407,443,242,ssl,2017-07-07T17:01:33.961456Z,192.168.10.25,0,0,0,1,4,[],[],[],[],[],[],[],['TLSv10'],['TLS_DHE_RSA_WITH_AES_128_CBC_SHA'],[None],[None],['SSL'],"['83e10465b722ef33ff0b6f535e8d996b', '1edaf9ae99ce2920667d0e9a8b3f8c9c', '1d3554048578b03f42424dbf20730a3f', '1df3fc5b682b54e279139fe02e801cc7']",[],[],[],"[{'ssl.version': 'TLSv10', 'ssl.cipher': 'TLS_DHE_RSA_WITH_AES_128_CBC_SHA', 'ssl.curve': None, 'ssl.validation_status': None, 'count': 1}]","[{'file.md5s': {'83e10465b722ef33ff0b6f535e8d996b', '1edaf9ae99ce2920667d0e9a8b3f8c9c', '1d3554048578b03f42424dbf20730a3f', '1df3fc5b682b54e279139fe02e801cc7'}, 'files.source': 'SSL', 'count': 4}]"
185.5.72.153,0x201000,C9cFOY3YtoGCW7Y5x3,SF,51.069838,6474,12830,52821,122,tcp,387363,397823,443,201,ssl,2017-07-07T17:01:33.960966Z,192.168.10.25,0,0,0,1,4,[],[],[],[],[],[],[],['TLSv10'],['TLS_DHE_RSA_WITH_AES_128_CBC_SHA'],[None],[None],['SSL'],"['83e10465b722ef33ff0b6f535e8d996b', '1edaf9ae99ce2920667d0e9a8b3f8c9c', '1d3554048578b03f42424dbf20730a3f', '1df3fc5b682b54e279139fe02e801cc7']",[],[],[],"[{'ssl.version': 'TLSv10', 'ssl.cipher': 'TLS_DHE_RSA_WITH_AES_128_CBC_SHA', 'ssl.curve': None, 'ssl.validation_status': None, 'count': 1}]","[{'file.md5s': {'83e10465b722ef33ff0b6f535e8d996b', '1edaf9ae99ce2920667d0e9a8b3f8c9c', '1d3554048578b03f42424dbf20730a3f', '1df3fc5b682b54e279139fe02e801cc7'}, 'files.source': 'SSL', 'count': 4}]"
185.5.72.153,0x21966f,CRVmVd4eCeYQg3knE9,SF,51.072189,6101,14849,52822,168,tcp,520444,533764,443,256,ssl,2017-07-07T17:01:33.961118Z,192.168.10.25,0,0,0,1,0,[],[],[],[],[],[],[],['TLSv10'],['TLS_DHE_RSA_WITH_AES_128_CBC_SHA'],[None],[None],[],[],[],[],[],"[{'ssl.version': 'TLSv10', 'ssl.cipher': 'TLS_DHE_RSA_WITH_AES_128_CBC_SHA', 'ssl.curve': None, 'ssl.validation_status': None, 'count': 1}]",[]
185.5.72.153,0x2abe4e,CaRCi62h3ECkOATBP4,SF,51.069077,6426,13926,52823,144,tcp,420936,432020,443,213,ssl,2017-07-07T17:01:33.961315Z,192.168.10.25,0,0,0,1,4,[],[],[],[],[],[],[],['TLSv10'],['TLS_DHE_RSA_WITH_AES_128_CBC_SHA'],[None],[None],['SSL'],"['1edaf9ae99ce2920667d0e9a8b3f8c9c', '1df3fc5b682b54e279139fe02e801cc7', '1d3554048578b03f42424dbf20730a3f', '83e10465b722ef33ff0b6f535e8d996b']",[],[],[],"[{'ssl.version': 'TLSv10', 'ssl.cipher': 'TLS_DHE_RSA_WITH_AES_128_CBC_SHA', 'ssl.curve': None, 'ssl.validation_status': None, 'count': 1}]","[{'file.md5s': {'1edaf9ae99ce2920667d0e9a8b3f8c9c', '1df3fc5b682b54e279139fe02e801cc7', '1d3554048578b03f42424dbf20730a3f', '83e10465b722ef33ff0b6f535e8d996b'}, 'files.source': 'SSL', 'count': 4}]"
