originated_ip,uid,connection.uid,connection.conn_state,connection.duration,connection.orig_bytes,connection.orig_ip_bytes,connection.orig_p,connection.orig_pkts,connection.proto,connection.resp_bytes,connection.resp_ip_bytes,connection.resp_p,connection.resp_pkts,connection.service,connection.ts,responded_ip,dns_count,ssh_count,http_count,ssl_count,files_count,dns_qtype,dns_rcode,ssh_auth_attempts,ssh_host_key,http_method,http_status_code,http_user_agent,ssl_version,ssl_cipher,ssl_curve,ssl_validation_status,files_source,file_md5,dns_dicts,ssh_dicts,http_dicts,ssl_dicts,files_dicts
173.194.66.109,0x10c9f0,CmFFER3vprtP9cZLzh,SF,1.810719,995,2463,52736,28,tcp,1027,2167,465,22,ssl,2017-07-07T16:39:22.600325Z,192.168.10.25,0,0,0,1,0,[],[],[],[],[],[],[],['TLSv10'],['TLS_RSA_WITH_AES_128_CBC_SHA'],[None],[None],[],[],[],[],[],"[{'ssl.version': 'TLSv10', 'ssl.cipher': 'TLS_RSA_WITH_AES_128_CBC_SHA', 'ssl.curve': None, 'ssl.validation_status': None, 'count': 1}]",[]
173.194.66.109,0x186ded,C1a7VG2qvtaySiCm12,SF,1.752402,1415,2187,53400,19,tcp,4520,5532,465,25,ssl,2017-07-07T17:01:12.942074Z,192.168.10.5,0,0,0,1,3,[],[],[],[],[],[],[],['TLSv10'],['TLS_ECDHE_RSA_WITH_AES_128_CBC_SHA'],[None],[None],['SSL'],"['2e7db2a31d0e3da4b25f49b9542a2e1a', '695f82cb29faa130f5b1da4e10555ca3', '17866ccbd224bd2ff9df48b95118f935']",[],[],[],"[{'ssl.version': 'TLSv10', 'ssl.cipher': 'TLS_ECDHE_RSA_WITH_AES_128_CBC_SHA', 'ssl.curve': None, 'ssl.validation_status': None, 'count': 1}]","[{'file.md5s': {'2e7db2a31d0e3da4b25f49b9542a2e1a', '695f82cb29faa130f5b1da4e10555ca3', '17866ccbd224bd2ff9df48b95118f935'}, 'files.source': 'SSL', 'count': 3}]"
173.194.66.109,0x26275b,ConSlxuihNS6NHCj4,SF,1.731616,995,2463,52812,28,tcp,1027,2167,465,22,ssl,2017-07-07T16:57:26.08664Z,192.168.10.25,0,0,0,1,0,[],[],[],[],[],[],[],['TLSv10'],['TLS_RSA_WITH_AES_128_CBC_SHA'],[None],[None],[],[],[],[],[],"[{'ssl.version': 'TLSv10', 'ssl.cipher': 'TLS_RSA_WITH_AES_128_CBC_SHA', 'ssl.curve': None, 'ssl.validation_status': None, 'count': 1}]",[]
173.194.66.109,0x2dc7e0,CBHcVy4t0xZkOoUysl,SF,1.708992,995,2463,52780,28,tcp,1027,2167,465,22,ssl,2017-07-07T16:48:24.393596Z,192.168.10.25,0,0,0,1,0,[],[],[],[],[],[],[],['TLSv10'],['TLS_RSA_WITH_AES_128_CBC_SHA'],[None],[None],[],[],[],[],[],"[{'ssl.version': 'TLSv10', 'ssl.cipher': 'TLS_RSA_WITH_AES_128_CBC_SHA', 'ssl.curve': None, 'ssl.validation_status': None, 'count': 1}]",[]
