originated_ip,uid,connection.uid,connection.conn_state,connection.duration,connection.orig_bytes,connection.orig_ip_bytes,connection.orig_p,connection.orig_pkts,connection.proto,connection.resp_bytes,connection.resp_ip_bytes,connection.resp_p,connection.resp_pkts,connection.service,connection.ts,responded_ip,dns_count,ssh_count,http_count,ssl_count,files_count,dns_qtype,dns_rcode,ssh_auth_attempts,ssh_host_key,http_method,http_status_code,http_user_agent,ssl_version,ssl_cipher,ssl_curve,ssl_validation_status,files_source,file_md5,dns_dicts,ssh_dicts,http_dicts,ssl_dicts,files_dicts
162.248.16.28,0xdbbf0,CTwGHU3QDD13Npbv48,SF,0.298816,3355,3567,54200,5,tcp,796,1040,80,6,http,2017-07-07T16:35:11.197498Z,192.168.10.14,0,0,1,0,1,[],[],[],[],['GET'],[200],[None],[],[],[],[],['HTTP'],['d89746888da2d9510b64a9f031eaecd5'],[],[],"[{'http.method': 'GET', 'http.status_code': 200, 'http.user_agent': None, 'count': 1}]",[],"[{'file.md5s': {'d89746888da2d9510b64a9f031eaecd5'}, 'files.source': 'HTTP', 'count': 1}]"
162.248.16.28,0x200c1f,C3thkI3cnVaVYRvou9,SF,0.954078,4719,4979,46295,6,tcp,787,1071,80,7,http,2017-07-07T16:36:42.744055Z,192.168.10.19,0,0,1,0,1,[],[],[],[],['GET'],[200],[None],[],[],[],[],['HTTP'],['d89746888da2d9510b64a9f031eaecd5'],[],[],"[{'http.method': 'GET', 'http.status_code': 200, 'http.user_agent': None, 'count': 1}]",[],"[{'file.md5s': {'d89746888da2d9510b64a9f031eaecd5'}, 'files.source': 'HTTP', 'count': 1}]"
162.248.16.28,0x24a137,CB3wSc1BhjAN4F9Gv8,SF,6.082361,0,172,54201,4,tcp,0,84,80,2,,2017-07-07T16:35:11.208502Z,192.168.10.14,0,0,0,0,0,[],[],[],[],[],[],[],[],[],[],[],[],[],[],[],[],[],[]
162.248.16.28,0x293344,CzrDlX2mAe2pGPaXFi,SF,0.389653,4719,4979,46420,6,tcp,787,1071,80,7,http,2017-07-07T16:36:44.305905Z,192.168.10.19,0,0,1,0,1,[],[],[],[],['GET'],[200],[None],[],[],[],[],['HTTP'],['d89746888da2d9510b64a9f031eaecd5'],[],[],"[{'http.method': 'GET', 'http.status_code': 200, 'http.user_agent': None, 'count': 1}]",[],"[{'file.md5s': {'d89746888da2d9510b64a9f031eaecd5'}, 'files.source': 'HTTP', 'count': 1}]"
