originated_ip,uid,connection.uid,connection.conn_state,connection.duration,connection.orig_bytes,connection.orig_ip_bytes,connection.orig_p,connection.orig_pkts,connection.proto,connection.resp_bytes,connection.resp_ip_bytes,connection.resp_p,connection.resp_pkts,connection.service,connection.ts,responded_ip,dns_count,ssh_count,http_count,ssl_count,files_count,dns_qtype,dns_rcode,ssh_auth_attempts,ssh_host_key,http_method,http_status_code,http_user_agent,ssl_version,ssl_cipher,ssl_curve,ssl_validation_status,files_source,file_md5,dns_dicts,ssh_dicts,http_dicts,ssl_dicts,files_dicts
162.208.22.35,0x18826,C7UGS1MkxYGCoynhf,SF,5.082283,312,564,55444,6,tcp,358,570,80,5,http,2017-07-07T16:45:20.492354Z,192.168.10.14,0,0,1,0,1,[],[],[],[],['GET'],[404],[None],[],[],[],[],['HTTP'],['de9219e425cc35b85e0fa0222f625269'],[],[],"[{'http.method': 'GET', 'http.status_code': 404, 'http.user_agent': None, 'count': 1}]",[],"[{'file.md5s': {'de9219e425cc35b85e0fa0222f625269'}, 'files.source': 'HTTP', 'count': 1}]"
162.208.22.35,0x92ce4,Csrswl1cbGVMZ4cLde,SF,5.536975,0,172,55443,4,tcp,0,92,80,2,,2017-07-07T16:45:20.492295Z,192.168.10.14,0,0,0,0,0,[],[],[],[],[],[],[],[],[],[],[],[],[],[],[],[],[],[]
162.208.22.35,0x200c79,CJbOEY2j26Nxcg8Uw1,SF,5.087554,366,618,55393,6,tcp,427,639,80,5,http,2017-07-07T16:45:19.659721Z,192.168.10.14,0,0,1,0,0,[],[],[],[],['GET'],[204],[None],[],[],[],[],[],[],[],[],"[{'http.method': 'GET', 'http.status_code': 204, 'http.user_agent': None, 'count': 1}]",[],[]
162.208.22.35,0x2dcb52,CVKW652hUIF2dhDdy3,SF,5.357455,0,172,55395,4,tcp,0,92,80,2,,2017-07-07T16:45:19.671933Z,192.168.10.14,0,0,0,0,0,[],[],[],[],[],[],[],[],[],[],[],[],[],[],[],[],[],[]
