originated_ip,uid,connection.uid,connection.conn_state,connection.duration,connection.orig_bytes,connection.orig_ip_bytes,connection.orig_p,connection.orig_pkts,connection.proto,connection.resp_bytes,connection.resp_ip_bytes,connection.resp_p,connection.resp_pkts,connection.service,connection.ts,responded_ip,dns_count,ssh_count,http_count,ssl_count,files_count,dns_qtype,dns_rcode,ssh_auth_attempts,ssh_host_key,http_method,http_status_code,http_user_agent,ssl_version,ssl_cipher,ssl_curve,ssl_validation_status,files_source,file_md5,dns_dicts,ssh_dicts,http_dicts,ssl_dicts,files_dicts
173.194.204.154,0xaafae,CNeseG1ggOVuks6jHe,SF,0.34805,992,1564,7317,14,tcp,4561,5133,443,14,ssl,2017-07-07T16:48:24.992446Z,192.168.10.9,0,0,0,1,3,[],[],[],[],[],[],[],['TLSv12'],['TLS_ECDHE_RSA_WITH_AES_128_GCM_SHA256'],[None],[None],['SSL'],"['2e7db2a31d0e3da4b25f49b9542a2e1a', '0a0c52c7c8ad1678e13b59c49dfe62dc', '17866ccbd224bd2ff9df48b95118f935']",[],[],[],"[{'ssl.version': 'TLSv12', 'ssl.cipher': 'TLS_ECDHE_RSA_WITH_AES_128_GCM_SHA256', 'ssl.curve': None, 'ssl.validation_status': None, 'count': 1}]","[{'file.md5s': {'2e7db2a31d0e3da4b25f49b9542a2e1a', '0a0c52c7c8ad1678e13b59c49dfe62dc', '17866ccbd224bd2ff9df48b95118f935'}, 'files.source': 'SSL', 'count': 3}]"
173.194.204.154,0x13d77a,C5mndB2WrfWPnEjZf6,SF,0.275844,533,985,7319,11,tcp,4162,4574,443,10,ssl,2017-07-07T16:48:25.016953Z,192.168.10.9,0,0,0,1,3,[],[],[],[],[],[],[],['TLSv12'],['TLS_ECDHE_RSA_WITH_AES_128_GCM_SHA256'],[None],[None],['SSL'],"['2e7db2a31d0e3da4b25f49b9542a2e1a', '0a0c52c7c8ad1678e13b59c49dfe62dc', '17866ccbd224bd2ff9df48b95118f935']",[],[],[],"[{'ssl.version': 'TLSv12', 'ssl.cipher': 'TLS_ECDHE_RSA_WITH_AES_128_GCM_SHA256', 'ssl.curve': None, 'ssl.validation_status': None, 'count': 1}]","[{'file.md5s': {'2e7db2a31d0e3da4b25f49b9542a2e1a', '0a0c52c7c8ad1678e13b59c49dfe62dc', '17866ccbd224bd2ff9df48b95118f935'}, 'files.source': 'SSL', 'count': 3}]"
173.194.204.154,0x1b78c1,CCIdIl1UzNz7TiHxM3,SF,180.705249,1175,2027,7318,21,tcp,5127,5939,443,20,ssl,2017-07-07T16:48:24.992555Z,192.168.10.9,0,0,0,1,3,[],[],[],[],[],[],[],['TLSv12'],['TLS_ECDHE_RSA_WITH_AES_128_GCM_SHA256'],[None],[None],['SSL'],"['2e7db2a31d0e3da4b25f49b9542a2e1a', '0a0c52c7c8ad1678e13b59c49dfe62dc', '17866ccbd224bd2ff9df48b95118f935']",[],[],[],"[{'ssl.version': 'TLSv12', 'ssl.cipher': 'TLS_ECDHE_RSA_WITH_AES_128_GCM_SHA256', 'ssl.curve': None, 'ssl.validation_status': None, 'count': 1}]","[{'file.md5s': {'2e7db2a31d0e3da4b25f49b9542a2e1a', '0a0c52c7c8ad1678e13b59c49dfe62dc', '17866ccbd224bd2ff9df48b95118f935'}, 'files.source': 'SSL', 'count': 3}]"
173.194.204.154,0x1b78c3,CYFAYBhGCMkUmNzx1,SF,0.274038,533,985,7320,11,tcp,4162,4574,443,10,ssl,2017-07-07T16:48:25.017103Z,192.168.10.9,0,0,0,1,3,[],[],[],[],[],[],[],['TLSv12'],['TLS_ECDHE_RSA_WITH_AES_128_GCM_SHA256'],[None],[None],['SSL'],"['2e7db2a31d0e3da4b25f49b9542a2e1a', '0a0c52c7c8ad1678e13b59c49dfe62dc', '17866ccbd224bd2ff9df48b95118f935']",[],[],[],"[{'ssl.version': 'TLSv12', 'ssl.cipher': 'TLS_ECDHE_RSA_WITH_AES_128_GCM_SHA256', 'ssl.curve': None, 'ssl.validation_status': None, 'count': 1}]","[{'file.md5s': {'2e7db2a31d0e3da4b25f49b9542a2e1a', '0a0c52c7c8ad1678e13b59c49dfe62dc', '17866ccbd224bd2ff9df48b95118f935'}, 'files.source': 'SSL', 'count': 3}]"
