originated_ip,uid,connection.uid,connection.conn_state,connection.duration,connection.orig_bytes,connection.orig_ip_bytes,connection.orig_p,connection.orig_pkts,connection.proto,connection.resp_bytes,connection.resp_ip_bytes,connection.resp_p,connection.resp_pkts,connection.service,connection.ts,responded_ip,dns_count,ssh_count,http_count,ssl_count,files_count,dns_qtype,dns_rcode,ssh_auth_attempts,ssh_host_key,http_method,http_status_code,http_user_agent,ssl_version,ssl_cipher,ssl_curve,ssl_validation_status,files_source,file_md5,dns_dicts,ssh_dicts,http_dicts,ssl_dicts,files_dicts
146.20.128.210,0xaaef5,C1IWuK13myFW5L3FD7,SF,0.416574,955,1527,54432,14,tcp,6131,6619,443,12,ssl,2017-07-07T16:35:52.314705Z,192.168.10.14,0,0,0,1,4,[],[],[],[],[],[],[],['TLSv12'],['TLS_ECDHE_RSA_WITH_AES_128_GCM_SHA256'],[None],[None],['SSL'],"['0ac81b99774a94451ed922c5c2d1a92b', '96c25031bc0dc35cfba723731e1b4140', '91de0625abdafd32170cbb25172a8467', '81528b89e165204a75ad85e8c388cd68']",[],[],[],"[{'ssl.version': 'TLSv12', 'ssl.cipher': 'TLS_ECDHE_RSA_WITH_AES_128_GCM_SHA256', 'ssl.curve': None, 'ssl.validation_status': None, 'count': 1}]","[{'file.md5s': {'0ac81b99774a94451ed922c5c2d1a92b', '96c25031bc0dc35cfba723731e1b4140', '91de0625abdafd32170cbb25172a8467', '81528b89e165204a75ad85e8c388cd68'}, 'files.source': 'SSL', 'count': 4}]"
146.20.128.210,0x186b64,CBFrw52Ofu64sME0G2,SF,181.774501,1844,2936,54433,27,tcp,8153,9121,443,24,ssl,2017-07-07T16:35:52.314821Z,192.168.10.14,0,0,0,1,4,[],[],[],[],[],[],[],['TLSv12'],['TLS_ECDHE_RSA_WITH_AES_128_GCM_SHA256'],[None],[None],['SSL'],"['0ac81b99774a94451ed922c5c2d1a92b', '81528b89e165204a75ad85e8c388cd68', '91de0625abdafd32170cbb25172a8467', '96c25031bc0dc35cfba723731e1b4140']",[],[],[],"[{'ssl.version': 'TLSv12', 'ssl.cipher': 'TLS_ECDHE_RSA_WITH_AES_128_GCM_SHA256', 'ssl.curve': None, 'ssl.validation_status': None, 'count': 1}]","[{'file.md5s': {'0ac81b99774a94451ed922c5c2d1a92b', '81528b89e165204a75ad85e8c388cd68', '91de0625abdafd32170cbb25172a8467', '96c25031bc0dc35cfba723731e1b4140'}, 'files.source': 'SSL', 'count': 4}]"
146.20.128.210,0x27aced,CjgsnD4Hlt1kpl2pee,SF,0.540665,958,1530,54434,14,tcp,6133,6661,443,13,ssl,2017-07-07T16:35:52.324303Z,192.168.10.14,0,0,0,1,4,[],[],[],[],[],[],[],['TLSv12'],['TLS_ECDHE_RSA_WITH_AES_128_GCM_SHA256'],[None],[None],['SSL'],"['0ac81b99774a94451ed922c5c2d1a92b', '96c25031bc0dc35cfba723731e1b4140', '91de0625abdafd32170cbb25172a8467', '81528b89e165204a75ad85e8c388cd68']",[],[],[],"[{'ssl.version': 'TLSv12', 'ssl.cipher': 'TLS_ECDHE_RSA_WITH_AES_128_GCM_SHA256', 'ssl.curve': None, 'ssl.validation_status': None, 'count': 1}]","[{'file.md5s': {'0ac81b99774a94451ed922c5c2d1a92b', '96c25031bc0dc35cfba723731e1b4140', '91de0625abdafd32170cbb25172a8467', '81528b89e165204a75ad85e8c388cd68'}, 'files.source': 'SSL', 'count': 4}]"
146.20.128.210,0x2c40bc,C6NjU835UJgFpjumf7,SF,0.539939,957,1609,54435,16,tcp,6128,6656,443,13,ssl,2017-07-07T16:35:52.325022Z,192.168.10.14,0,0,0,1,0,[],[],[],[],[],[],[],['TLSv12'],['TLS_ECDHE_RSA_WITH_AES_128_GCM_SHA256'],[None],[None],[],[],[],[],[],"[{'ssl.version': 'TLSv12', 'ssl.cipher': 'TLS_ECDHE_RSA_WITH_AES_128_GCM_SHA256', 'ssl.curve': None, 'ssl.validation_status': None, 'count': 1}]",[]
