originated_ip,uid,connection.uid,connection.conn_state,connection.duration,connection.orig_bytes,connection.orig_ip_bytes,connection.orig_p,connection.orig_pkts,connection.proto,connection.resp_bytes,connection.resp_ip_bytes,connection.resp_p,connection.resp_pkts,connection.service,connection.ts,responded_ip,dns_count,ssh_count,http_count,ssl_count,files_count,dns_qtype,dns_rcode,ssh_auth_attempts,ssh_host_key,http_method,http_status_code,http_user_agent,ssl_version,ssl_cipher,ssl_curve,ssl_validation_status,files_source,file_md5,dns_dicts,ssh_dicts,http_dicts,ssl_dicts,files_dicts
107.178.242.85,0xdbd77,CMYlqg4lWjgjI0PStj,SF,0.609552,829,1441,7435,15,tcp,6594,7166,443,14,ssl,2017-07-07T16:48:30.960325Z,192.168.10.9,0,0,0,1,4,[],[],[],[],[],[],[],['TLSv12'],['TLS_ECDHE_RSA_WITH_AES_128_GCM_SHA256'],[None],[None],['SSL'],"['a59de9f62e9037497bbe067028fbd105', '1edaf9ae99ce2920667d0e9a8b3f8c9c', '1d3554048578b03f42424dbf20730a3f', '83e10465b722ef33ff0b6f535e8d996b']",[],[],[],"[{'ssl.version': 'TLSv12', 'ssl.cipher': 'TLS_ECDHE_RSA_WITH_AES_128_GCM_SHA256', 'ssl.curve': None, 'ssl.validation_status': None, 'count': 1}]","[{'file.md5s': {'a59de9f62e9037497bbe067028fbd105', '1edaf9ae99ce2920667d0e9a8b3f8c9c', '1d3554048578b03f42424dbf20730a3f', '83e10465b722ef33ff0b6f535e8d996b'}, 'files.source': 'SSL', 'count': 4}]"
107.178.242.85,0x16e548,CEdYMO208C573dQJ9j,SF,180.777582,1177,2149,7434,24,tcp,6933,7865,443,23,ssl,2017-07-07T16:48:30.960165Z,192.168.10.9,0,0,0,1,4,[],[],[],[],[],[],[],['TLSv12'],['TLS_ECDHE_RSA_WITH_AES_128_GCM_SHA256'],[None],[None],['SSL'],"['a59de9f62e9037497bbe067028fbd105', '1edaf9ae99ce2920667d0e9a8b3f8c9c', '1d3554048578b03f42424dbf20730a3f', '83e10465b722ef33ff0b6f535e8d996b']",[],[],[],"[{'ssl.version': 'TLSv12', 'ssl.cipher': 'TLS_ECDHE_RSA_WITH_AES_128_GCM_SHA256', 'ssl.curve': None, 'ssl.validation_status': None, 'count': 1}]","[{'file.md5s': {'a59de9f62e9037497bbe067028fbd105', '1edaf9ae99ce2920667d0e9a8b3f8c9c', '1d3554048578b03f42424dbf20730a3f', '83e10465b722ef33ff0b6f535e8d996b'}, 'files.source': 'SSL', 'count': 4}]"
107.178.242.85,0x186d7a,CQUSYr1CcREMxsiZ2,SF,142.747671,535,1268,53615,18,tcp,481,1329,80,17,,2017-07-07T16:35:04.568327Z,192.168.10.14,0,0,0,0,0,[],[],[],[],[],[],[],[],[],[],[],[],[],[],[],[],[],[]
107.178.242.85,0x262757,CWLyaUpmaKgBvJvMb,SF,0.420353,525,977,7433,11,tcp,6244,6696,443,11,ssl,2017-07-07T16:48:30.960069Z,192.168.10.9,0,0,0,1,4,[],[],[],[],[],[],[],['TLSv12'],['TLS_ECDHE_RSA_WITH_AES_128_GCM_SHA256'],[None],[None],['SSL'],"['a59de9f62e9037497bbe067028fbd105', '1edaf9ae99ce2920667d0e9a8b3f8c9c', '1d3554048578b03f42424dbf20730a3f', '83e10465b722ef33ff0b6f535e8d996b']",[],[],[],"[{'ssl.version': 'TLSv12', 'ssl.cipher': 'TLS_ECDHE_RSA_WITH_AES_128_GCM_SHA256', 'ssl.curve': None, 'ssl.validation_status': None, 'count': 1}]","[{'file.md5s': {'a59de9f62e9037497bbe067028fbd105', '1edaf9ae99ce2920667d0e9a8b3f8c9c', '1d3554048578b03f42424dbf20730a3f', '83e10465b722ef33ff0b6f535e8d996b'}, 'files.source': 'SSL', 'count': 4}]"
