originated_ip,uid,connection.uid,connection.conn_state,connection.duration,connection.orig_bytes,connection.orig_ip_bytes,connection.orig_p,connection.orig_pkts,connection.proto,connection.resp_bytes,connection.resp_ip_bytes,connection.resp_p,connection.resp_pkts,connection.service,connection.ts,responded_ip,dns_count,ssh_count,http_count,ssl_count,files_count,dns_qtype,dns_rcode,ssh_auth_attempts,ssh_host_key,http_method,http_status_code,http_user_agent,ssl_version,ssl_cipher,ssl_curve,ssl_validation_status,files_source,file_md5,dns_dicts,ssh_dicts,http_dicts,ssl_dicts,files_dicts
169.55.165.141,0xc36cb,CjQ065bGZWhzp7sk7,SF,16.079739,840,1293,5410,11,tcp,7176,7640,443,11,ssl,2017-07-07T16:36:52.386733Z,192.168.10.8,0,0,0,1,4,[],[],[],[],[],[],[],['TLSv12'],['TLS_ECDHE_RSA_WITH_AES_256_GCM_SHA384'],[None],[None],['SSL'],"['96c25031bc0dc35cfba723731e1b4140', '4c4d4234a7a4ac0600be6e30b87824f9', '91de0625abdafd32170cbb25172a8467', '81528b89e165204a75ad85e8c388cd68']",[],[],[],"[{'ssl.version': 'TLSv12', 'ssl.cipher': 'TLS_ECDHE_RSA_WITH_AES_256_GCM_SHA384', 'ssl.curve': None, 'ssl.validation_status': None, 'count': 1}]","[{'file.md5s': {'96c25031bc0dc35cfba723731e1b4140', '4c4d4234a7a4ac0600be6e30b87824f9', '91de0625abdafd32170cbb25172a8467', '81528b89e165204a75ad85e8c388cd68'}, 'files.source': 'SSL', 'count': 4}]"
169.55.165.141,0x186c7b,C4FI8c3F7LVG6GPeul,SF,15.857806,1734,2187,55933,11,tcp,7922,8386,443,11,ssl,2017-07-07T16:53:04.925832Z,192.168.10.14,0,0,0,1,4,[],[],[],[],[],[],[],['TLSv12'],['TLS_ECDHE_RSA_WITH_AES_256_GCM_SHA384'],[None],[None],['SSL'],"['81528b89e165204a75ad85e8c388cd68', '4c4d4234a7a4ac0600be6e30b87824f9', '91de0625abdafd32170cbb25172a8467', '96c25031bc0dc35cfba723731e1b4140']",[],[],[],"[{'ssl.version': 'TLSv12', 'ssl.cipher': 'TLS_ECDHE_RSA_WITH_AES_256_GCM_SHA384', 'ssl.curve': None, 'ssl.validation_status': None, 'count': 1}]","[{'file.md5s': {'81528b89e165204a75ad85e8c388cd68', '4c4d4234a7a4ac0600be6e30b87824f9', '91de0625abdafd32170cbb25172a8467', '96c25031bc0dc35cfba723731e1b4140'}, 'files.source': 'SSL', 'count': 4}]"
169.55.165.141,0x19f181,C8THXh3942qBojz7Q1,SF,15.162772,774,1267,53123,12,tcp,6284,6708,443,10,ssl,2017-07-07T16:39:16.097635Z,192.168.10.5,0,0,0,1,4,[],[],[],[],[],[],[],['TLSv12'],['TLS_ECDHE_RSA_WITH_AES_256_GCM_SHA384'],[None],[None],['SSL'],"['96c25031bc0dc35cfba723731e1b4140', '4c4d4234a7a4ac0600be6e30b87824f9', '91de0625abdafd32170cbb25172a8467', '81528b89e165204a75ad85e8c388cd68']",[],[],[],"[{'ssl.version': 'TLSv12', 'ssl.cipher': 'TLS_ECDHE_RSA_WITH_AES_256_GCM_SHA384', 'ssl.curve': None, 'ssl.validation_status': None, 'count': 1}]","[{'file.md5s': {'96c25031bc0dc35cfba723731e1b4140', '4c4d4234a7a4ac0600be6e30b87824f9', '91de0625abdafd32170cbb25172a8467', '81528b89e165204a75ad85e8c388cd68'}, 'files.source': 'SSL', 'count': 4}]"
169.55.165.141,0x1cfeca,Cw1zhW2aBTjQQQh4ca,SF,5.85123,346,758,53124,10,tcp,5669,6041,443,9,ssl,2017-07-07T16:39:16.118279Z,192.168.10.5,0,0,0,1,4,[],[],[],[],[],[],[],['TLSv12'],['TLS_ECDHE_RSA_WITH_AES_256_GCM_SHA384'],[None],[None],['SSL'],"['81528b89e165204a75ad85e8c388cd68', '4c4d4234a7a4ac0600be6e30b87824f9', '91de0625abdafd32170cbb25172a8467', '96c25031bc0dc35cfba723731e1b4140']",[],[],[],"[{'ssl.version': 'TLSv12', 'ssl.cipher': 'TLS_ECDHE_RSA_WITH_AES_256_GCM_SHA384', 'ssl.curve': None, 'ssl.validation_status': None, 'count': 1}]","[{'file.md5s': {'81528b89e165204a75ad85e8c388cd68', '4c4d4234a7a4ac0600be6e30b87824f9', '91de0625abdafd32170cbb25172a8467', '96c25031bc0dc35cfba723731e1b4140'}, 'files.source': 'SSL', 'count': 4}]"
