originated_ip,uid,connection.uid,connection.conn_state,connection.duration,connection.orig_bytes,connection.orig_ip_bytes,connection.orig_p,connection.orig_pkts,connection.proto,connection.resp_bytes,connection.resp_ip_bytes,connection.resp_p,connection.resp_pkts,connection.service,connection.ts,responded_ip,dns_count,ssh_count,http_count,ssl_count,files_count,dns_qtype,dns_rcode,ssh_auth_attempts,ssh_host_key,http_method,http_status_code,http_user_agent,ssl_version,ssl_cipher,ssl_curve,ssl_validation_status,files_source,file_md5,dns_dicts,ssh_dicts,http_dicts,ssl_dicts,files_dicts
172.217.12.173,0x19f26e,CCfgkw2GKgItBolHZ5,SF,0.171662,498,1174,50748,14,tcp,3981,4457,443,9,ssl,2017-07-07T16:49:03.56514Z,192.168.10.16,0,0,0,1,3,[],[],[],[],[],[],[],['TLSv12'],['TLS_ECDHE_RSA_WITH_AES_128_GCM_SHA256'],[None],[None],['SSL'],"['2e7db2a31d0e3da4b25f49b9542a2e1a', '84a0eb22179c2ecb9892d61e3c27b8a4', '17866ccbd224bd2ff9df48b95118f935']",[],[],[],"[{'ssl.version': 'TLSv12', 'ssl.cipher': 'TLS_ECDHE_RSA_WITH_AES_128_GCM_SHA256', 'ssl.curve': None, 'ssl.validation_status': None, 'count': 1}]","[{'file.md5s': {'2e7db2a31d0e3da4b25f49b9542a2e1a', '84a0eb22179c2ecb9892d61e3c27b8a4', '17866ccbd224bd2ff9df48b95118f935'}, 'files.source': 'SSL', 'count': 3}]"
172.217.12.173,0x19f277,CyHh9k2vWxlvJUJv64,SF,0.419583,1738,2642,50742,17,tcp,5646,6451,443,14,ssl,2017-07-07T16:49:03.327078Z,192.168.10.16,0,0,0,1,0,[],[],[],[],[],[],[],['TLSv12'],['TLS_ECDHE_RSA_WITH_AES_128_GCM_SHA256'],[None],[None],[],[],[],[],[],"[{'ssl.version': 'TLSv12', 'ssl.cipher': 'TLS_ECDHE_RSA_WITH_AES_128_GCM_SHA256', 'ssl.curve': None, 'ssl.validation_status': None, 'count': 1}]",[]
172.217.12.173,0x2c43b2,Cw7Vya2FhOIiaC7yzf,RSTO,20.488997,1332,2104,55690,19,tcp,6712,7604,443,22,ssl,2017-07-07T16:46:39.863428Z,192.168.10.14,0,0,0,1,3,[],[],[],[],[],[],[],['TLSv12'],['TLS_ECDHE_RSA_WITH_AES_128_GCM_SHA256'],[None],[None],['SSL'],"['2e7db2a31d0e3da4b25f49b9542a2e1a', '84a0eb22179c2ecb9892d61e3c27b8a4', '17866ccbd224bd2ff9df48b95118f935']",[],[],[],"[{'ssl.version': 'TLSv12', 'ssl.cipher': 'TLS_ECDHE_RSA_WITH_AES_128_GCM_SHA256', 'ssl.curve': None, 'ssl.validation_status': None, 'count': 1}]","[{'file.md5s': {'2e7db2a31d0e3da4b25f49b9542a2e1a', '84a0eb22179c2ecb9892d61e3c27b8a4', '17866ccbd224bd2ff9df48b95118f935'}, 'files.source': 'SSL', 'count': 3}]"
172.217.12.173,0x2f4fc6,Cki2E84Ze5AOoV271b,SF,181.180889,705,1817,50740,21,tcp,4119,5028,443,16,ssl,2017-07-07T16:49:03.32702Z,192.168.10.16,0,0,0,1,0,[],[],[],[],[],[],[],['TLSv12'],['TLS_ECDHE_RSA_WITH_AES_128_GCM_SHA256'],[None],[None],[],[],[],[],[],"[{'ssl.version': 'TLSv12', 'ssl.cipher': 'TLS_ECDHE_RSA_WITH_AES_128_GCM_SHA256', 'ssl.curve': None, 'ssl.validation_status': None, 'count': 1}]",[]
