originated_ip,uid,connection.uid,connection.conn_state,connection.duration,connection.orig_bytes,connection.orig_ip_bytes,connection.orig_p,connection.orig_pkts,connection.proto,connection.resp_bytes,connection.resp_ip_bytes,connection.resp_p,connection.resp_pkts,connection.service,connection.ts,responded_ip,dns_count,ssh_count,http_count,ssl_count,files_count,dns_qtype,dns_rcode,ssh_auth_attempts,ssh_host_key,http_method,http_status_code,http_user_agent,ssl_version,ssl_cipher,ssl_curve,ssl_validation_status,files_source,file_md5,dns_dicts,ssh_dicts,http_dicts,ssl_dicts,files_dicts
151.101.66.2,0xaaecf,C3dwKb3DOOrNxSJZMl,SF,0.286397,532,1024,53005,12,tcp,7119,7491,443,9,ssl,2017-07-07T16:35:25.550056Z,192.168.10.5,0,0,0,1,3,[],[],[],[],[],[],[],['TLSv12'],['TLS_ECDHE_RSA_WITH_AES_128_GCM_SHA256'],[None],[None],['SSL'],"['954ac9d4e0c531b37dcae2cda1dc7ff4', '8d03baa0a2120c11b68153952126258b', 'd9643927731b8e30f9d83f2adbef7ed8']",[],[],[],"[{'ssl.version': 'TLSv12', 'ssl.cipher': 'TLS_ECDHE_RSA_WITH_AES_128_GCM_SHA256', 'ssl.curve': None, 'ssl.validation_status': None, 'count': 1}]","[{'file.md5s': {'954ac9d4e0c531b37dcae2cda1dc7ff4', '8d03baa0a2120c11b68153952126258b', 'd9643927731b8e30f9d83f2adbef7ed8'}, 'files.source': 'SSL', 'count': 3}]"
151.101.66.2,0x13d6df,C01CUh3896LlbjrRzk,SF,0.287301,532,1024,53007,12,tcp,7119,7491,443,9,ssl,2017-07-07T16:35:25.550245Z,192.168.10.5,0,0,0,1,2,[],[],[],[],[],[],[],['TLSv12'],['TLS_ECDHE_RSA_WITH_AES_128_GCM_SHA256'],[None],[None],['SSL'],"['8d03baa0a2120c11b68153952126258b', 'd9643927731b8e30f9d83f2adbef7ed8']",[],[],[],"[{'ssl.version': 'TLSv12', 'ssl.cipher': 'TLS_ECDHE_RSA_WITH_AES_128_GCM_SHA256', 'ssl.curve': None, 'ssl.validation_status': None, 'count': 1}]","[{'file.md5s': {'8d03baa0a2120c11b68153952126258b', 'd9643927731b8e30f9d83f2adbef7ed8'}, 'files.source': 'SSL', 'count': 2}]"
151.101.66.2,0x1e852f,C6S8A62UPmLPVp8Ix1,SF,0.286326,532,1024,53006,12,tcp,7119,7531,443,10,ssl,2017-07-07T16:35:25.550129Z,192.168.10.5,0,0,0,1,0,[],[],[],[],[],[],[],['TLSv12'],['TLS_ECDHE_RSA_WITH_AES_128_GCM_SHA256'],[None],[None],[],[],[],[],[],"[{'ssl.version': 'TLSv12', 'ssl.cipher': 'TLS_ECDHE_RSA_WITH_AES_128_GCM_SHA256', 'ssl.curve': None, 'ssl.validation_status': None, 'count': 1}]",[]
151.101.66.2,0x2625fc,CRB1SI33hfVWLAzWZ9,SF,0.286926,532,1024,53004,12,tcp,7119,7491,443,9,ssl,2017-07-07T16:35:25.549917Z,192.168.10.5,0,0,0,1,3,[],[],[],[],[],[],[],['TLSv12'],['TLS_ECDHE_RSA_WITH_AES_128_GCM_SHA256'],[None],[None],['SSL'],"['954ac9d4e0c531b37dcae2cda1dc7ff4', 'd9643927731b8e30f9d83f2adbef7ed8', '8d03baa0a2120c11b68153952126258b']",[],[],[],"[{'ssl.version': 'TLSv12', 'ssl.cipher': 'TLS_ECDHE_RSA_WITH_AES_128_GCM_SHA256', 'ssl.curve': None, 'ssl.validation_status': None, 'count': 1}]","[{'file.md5s': {'954ac9d4e0c531b37dcae2cda1dc7ff4', 'd9643927731b8e30f9d83f2adbef7ed8', '8d03baa0a2120c11b68153952126258b'}, 'files.source': 'SSL', 'count': 3}]"
