originated_ip,uid,connection.uid,connection.conn_state,connection.duration,connection.orig_bytes,connection.orig_ip_bytes,connection.orig_p,connection.orig_pkts,connection.proto,connection.resp_bytes,connection.resp_ip_bytes,connection.resp_p,connection.resp_pkts,connection.service,connection.ts,responded_ip,dns_count,ssh_count,http_count,ssl_count,files_count,dns_qtype,dns_rcode,ssh_auth_attempts,ssh_host_key,http_method,http_status_code,http_user_agent,ssl_version,ssl_cipher,ssl_curve,ssl_validation_status,files_source,file_md5,dns_dicts,ssh_dicts,http_dicts,ssl_dicts,files_dicts
104.16.26.216,0x18b15,CwDFSg35l6E5xcjMx1,SF,46.032909,457,873,53270,10,tcp,2149,2569,80,9,http,2017-07-07T16:54:44.563666Z,192.168.10.5,0,0,1,0,2,[],[],[],[],['POST'],[200],[None],[],[],[],[],['HTTP'],"['c5e84324ffc839e1c33ffe5797f52da1', 'a0ca9404ed983e39a3c3485037b92726']",[],[],"[{'http.method': 'POST', 'http.status_code': 200, 'http.user_agent': None, 'count': 1}]",[],"[{'file.md5s': {'c5e84324ffc839e1c33ffe5797f52da1', 'a0ca9404ed983e39a3c3485037b92726'}, 'files.source': 'HTTP', 'count': 2}]"
104.16.26.216,0x7a6ab,C7fm8Z3CL8pvGw2fNd,SF,6.202524,0,180,47730,4,tcp,0,92,80,2,,2017-07-07T16:55:53.929883Z,192.168.10.16,0,0,0,0,0,[],[],[],[],[],[],[],[],[],[],[],[],[],[],[],[],[],[]
104.16.26.216,0x15614b,C2i1vO1v0N9HhAtXw5,SF,46.031404,457,873,53269,10,tcp,2149,2569,80,9,http,2017-07-07T16:54:44.563513Z,192.168.10.5,0,0,1,0,2,[],[],[],[],['POST'],[200],[None],[],[],[],[],['HTTP'],"['c5e84324ffc839e1c33ffe5797f52da1', 'a0ca9404ed983e39a3c3485037b92726']",[],[],"[{'http.method': 'POST', 'http.status_code': 200, 'http.user_agent': None, 'count': 1}]",[],"[{'file.md5s': {'c5e84324ffc839e1c33ffe5797f52da1', 'a0ca9404ed983e39a3c3485037b92726'}, 'files.source': 'HTTP', 'count': 2}]"
104.16.26.216,0x219629,CvyLEV7CazuU7pIE8,SF,89.6295,908,1528,47728,15,tcp,4245,4817,80,14,http,2017-07-07T16:55:53.929886Z,192.168.10.16,0,0,1,0,4,[],[],[],[],['POST'],[200],[None],[],[],[],[],['HTTP'],"['36a4af9af48b7054b0283f950548fdc4', 'aa6b1f5fe126f58868c6f941ec05e741', 'e91ec80695f1c50c0e95f242c414fd86', '83f2b12d5a13ef5196106700d37582d5']",[],[],"[{'http.method': 'POST', 'http.status_code': 200, 'http.user_agent': None, 'count': 1}]",[],"[{'file.md5s': {'36a4af9af48b7054b0283f950548fdc4', 'aa6b1f5fe126f58868c6f941ec05e741', 'e91ec80695f1c50c0e95f242c414fd86', '83f2b12d5a13ef5196106700d37582d5'}, 'files.source': 'HTTP', 'count': 4}]"
