originated_ip,uid,connection.uid,connection.conn_state,connection.duration,connection.orig_bytes,connection.orig_ip_bytes,connection.orig_p,connection.orig_pkts,connection.proto,connection.resp_bytes,connection.resp_ip_bytes,connection.resp_p,connection.resp_pkts,connection.service,connection.ts,responded_ip,dns_count,ssh_count,http_count,ssl_count,files_count,dns_qtype,dns_rcode,ssh_auth_attempts,ssh_host_key,http_method,http_status_code,http_user_agent,ssl_version,ssl_cipher,ssl_curve,ssl_validation_status,files_source,file_md5,dns_dicts,ssh_dicts,http_dicts,ssl_dicts,files_dicts
107.178.240.89,0x1e883b,CYNgqK1yC5UHhjoSHe,SF,0.264609,528,980,7623,11,tcp,3571,3943,443,9,ssl,2017-07-07T17:04:36.050214Z,192.168.10.9,0,0,0,1,2,[],[],[],[],[],[],[],['TLSv12'],['TLS_ECDHE_RSA_WITH_AES_128_GCM_SHA256'],[None],[None],['SSL'],"['901103db6490bcba382e65f965386519', '481f51f70f5f177b2350f638e63e8754']",[],[],[],"[{'ssl.version': 'TLSv12', 'ssl.cipher': 'TLS_ECDHE_RSA_WITH_AES_128_GCM_SHA256', 'ssl.curve': None, 'ssl.validation_status': None, 'count': 1}]","[{'file.md5s': {'901103db6490bcba382e65f965386519', '481f51f70f5f177b2350f638e63e8754'}, 'files.source': 'SSL', 'count': 2}]"
107.178.240.89,0x200d5e,Cth3YD3gC2bbYj0Rif,SF,116.935025,1024,2228,37266,23,tcp,4220,5164,443,18,ssl,2017-07-07T16:36:43.166609Z,192.168.10.19,0,0,0,1,2,[],[],[],[],[],[],[],['TLSv12'],['TLS_ECDHE_RSA_WITH_AES_128_GCM_SHA256'],[None],[None],['SSL'],"['901103db6490bcba382e65f965386519', '481f51f70f5f177b2350f638e63e8754']",[],[],[],"[{'ssl.version': 'TLSv12', 'ssl.cipher': 'TLS_ECDHE_RSA_WITH_AES_128_GCM_SHA256', 'ssl.curve': None, 'ssl.validation_status': None, 'count': 1}]","[{'file.md5s': {'901103db6490bcba382e65f965386519', '481f51f70f5f177b2350f638e63e8754'}, 'files.source': 'SSL', 'count': 2}]"
107.178.240.89,0x2dc856,CoPWei2JigLvuZtuji,RSTO,0.141988,309,521,55481,5,tcp,672,804,80,3,http,2017-07-07T16:45:21.165933Z,192.168.10.14,0,0,1,0,0,[],[],[],[],['GET'],[302],[None],[],[],[],[],[],[],[],[],"[{'http.method': 'GET', 'http.status_code': 302, 'http.user_agent': None, 'count': 1}]",[],[]
107.178.240.89,0x2f5113,CNySUj1lqfdeELrLh5,S1,0.438096,1116,1568,7618,11,tcp,4102,4554,443,11,ssl,2017-07-07T17:04:35.988056Z,192.168.10.9,0,0,0,1,2,[],[],[],[],[],[],[],['TLSv12'],['TLS_ECDHE_RSA_WITH_AES_128_GCM_SHA256'],[None],[None],['SSL'],"['901103db6490bcba382e65f965386519', '481f51f70f5f177b2350f638e63e8754']",[],[],[],"[{'ssl.version': 'TLSv12', 'ssl.cipher': 'TLS_ECDHE_RSA_WITH_AES_128_GCM_SHA256', 'ssl.curve': None, 'ssl.validation_status': None, 'count': 1}]","[{'file.md5s': {'901103db6490bcba382e65f965386519', '481f51f70f5f177b2350f638e63e8754'}, 'files.source': 'SSL', 'count': 2}]"
