originated_ip,uid,connection.uid,connection.conn_state,connection.duration,connection.orig_bytes,connection.orig_ip_bytes,connection.orig_p,connection.orig_pkts,connection.proto,connection.resp_bytes,connection.resp_ip_bytes,connection.resp_p,connection.resp_pkts,connection.service,connection.ts,responded_ip,dns_count,ssh_count,http_count,ssl_count,files_count,dns_qtype,dns_rcode,ssh_auth_attempts,ssh_host_key,http_method,http_status_code,http_user_agent,ssl_version,ssl_cipher,ssl_curve,ssl_validation_status,files_source,file_md5,dns_dicts,ssh_dicts,http_dicts,ssl_dicts,files_dicts
151.101.1.108,0x16e751,CcpOnF4UfazxkHXZda,SF,5.985093,0,172,54948,4,tcp,0,92,80,2,,2017-07-07T16:38:32.049354Z,192.168.10.14,0,0,0,0,0,[],[],[],[],[],[],[],[],[],[],[],[],[],[],[],[],[],[]
151.101.1.108,0x24a261,C3RC6VN9OdQ4pLU1i,SF,5.386224,0,172,54816,4,tcp,0,92,80,2,,2017-07-07T16:38:26.620604Z,192.168.10.14,0,0,0,0,0,[],[],[],[],[],[],[],[],[],[],[],[],[],[],[],[],[],[]
151.101.1.108,0x2c43c7,CCqTfq3BqtJc4wxhlf,SF,5.595627,0,172,54953,4,tcp,0,92,80,2,,2017-07-07T16:38:32.439121Z,192.168.10.14,0,0,0,0,0,[],[],[],[],[],[],[],[],[],[],[],[],[],[],[],[],[],[]
151.101.1.108,0x2dc741,CDQlw81c5EjQsVHgVh,SF,115.979878,8583,9579,45484,19,tcp,1173,2221,80,20,http,2017-07-07T16:36:43.083276Z,192.168.10.19,0,0,1,0,1,[],[],[],[],['GET'],[200],[None],[],[],[],[],['HTTP'],['fc7fd3dc28db60f13a738190cd22f184'],[],[],"[{'http.method': 'GET', 'http.status_code': 200, 'http.user_agent': None, 'count': 1}]",[],"[{'file.md5s': {'fc7fd3dc28db60f13a738190cd22f184'}, 'files.source': 'HTTP', 'count': 1}]"
