originated_ip,uid,connection.uid,connection.conn_state,connection.duration,connection.orig_bytes,connection.orig_ip_bytes,connection.orig_p,connection.orig_pkts,connection.proto,connection.resp_bytes,connection.resp_ip_bytes,connection.resp_p,connection.resp_pkts,connection.service,connection.ts,responded_ip,dns_count,ssh_count,http_count,ssl_count,files_count,dns_qtype,dns_rcode,ssh_auth_attempts,ssh_host_key,http_method,http_status_code,http_user_agent,ssl_version,ssl_cipher,ssl_curve,ssl_validation_status,files_source,file_md5,dns_dicts,ssh_dicts,http_dicts,ssl_dicts,files_dicts
144.217.240.204,0x49a29,C8LL3I1ElC2mZvLVKf,SF,0.016279,48,76,123,1,udp,48,76,123,1,ntp,2017-07-07T17:04:07.516037Z,192.168.10.19,0,0,0,0,0,,,,,,,,,,,,,,,,,,
144.217.240.204,0x186ebc,CBY8i13paaFjUrPQz4,SF,0.016234,48,76,123,1,udp,48,76,123,1,ntp,2017-07-07T16:44:39.156532Z,192.168.10.17,0,0,0,0,0,,,,,,,,,,,,,,,,,,
144.217.240.204,0x231d9d,CAScg926E9kKQ6ilHh,SF,0.016014,48,76,123,1,udp,48,76,123,1,ntp,2017-07-07T16:47:01.516012Z,192.168.10.19,0,0,0,0,0,,,,,,,,,,,,,,,,,,
144.217.240.204,0x262b87,C8X1jT3C1zQ7UVlE58,SF,0.016431,48,76,123,1,udp,48,76,123,1,ntp,2017-07-07T17:02:05.156698Z,192.168.10.17,0,0,0,0,0,,,,,,,,,,,,,,,,,,
