originated_ip,uid,connection.uid,connection.conn_state,connection.duration,connection.orig_bytes,connection.orig_ip_bytes,connection.orig_p,connection.orig_pkts,connection.proto,connection.resp_bytes,connection.resp_ip_bytes,connection.resp_p,connection.resp_pkts,connection.service,connection.ts,responded_ip,dns_count,ssh_count,http_count,ssl_count,files_count,dns_qtype,dns_rcode,ssh_auth_attempts,ssh_host_key,http_method,http_status_code,http_user_agent,ssl_version,ssl_cipher,ssl_curve,ssl_validation_status,files_source,file_md5,dns_dicts,ssh_dicts,http_dicts,ssl_dicts,files_dicts
182.22.31.124,0xaaf52,Ckpxv62KtpFaH35Qih,SF,1.309656,798,1370,5306,14,tcp,6719,7331,443,15,ssl,2017-07-07T16:36:47.398895Z,192.168.10.8,0,0,0,1,2,[],[],[],[],[],[],[],['TLSv12'],['TLS_ECDHE_RSA_WITH_AES_128_GCM_SHA256'],[None],[None],['SSL'],"['83744d9cefffc9cbc1e66a8c828a537f', '64768fb7704c31d40e369d6bae5dabbb']",[],[],[],"[{'ssl.version': 'TLSv12', 'ssl.cipher': 'TLS_ECDHE_RSA_WITH_AES_128_GCM_SHA256', 'ssl.curve': None, 'ssl.validation_status': None, 'count': 1}]","[{'file.md5s': {'83744d9cefffc9cbc1e66a8c828a537f', '64768fb7704c31d40e369d6bae5dabbb'}, 'files.source': 'SSL', 'count': 2}]"
182.22.31.124,0x16e45f,ClMkv14AdcJx7VLDY1,SF,183.58188,1511,2643,5307,28,tcp,8215,9347,443,28,ssl,2017-07-07T16:36:47.398977Z,192.168.10.8,0,0,0,1,2,[],[],[],[],[],[],[],['TLSv12'],['TLS_ECDHE_RSA_WITH_AES_128_GCM_SHA256'],[None],[None],['SSL'],"['83744d9cefffc9cbc1e66a8c828a537f', '64768fb7704c31d40e369d6bae5dabbb']",[],[],[],"[{'ssl.version': 'TLSv12', 'ssl.cipher': 'TLS_ECDHE_RSA_WITH_AES_128_GCM_SHA256', 'ssl.curve': None, 'ssl.validation_status': None, 'count': 1}]","[{'file.md5s': {'83744d9cefffc9cbc1e66a8c828a537f', '64768fb7704c31d40e369d6bae5dabbb'}, 'files.source': 'SSL', 'count': 2}]"
182.22.31.124,0x16e4a2,CgguEH3suuDBEXiOn4,SF,0.702068,533,945,5342,10,tcp,5275,5767,443,12,ssl,2017-07-07T16:36:48.519443Z,192.168.10.8,0,0,0,1,2,[],[],[],[],[],[],[],['TLSv12'],['TLS_ECDHE_RSA_WITH_AES_128_GCM_SHA256'],[None],[None],['SSL'],"['83744d9cefffc9cbc1e66a8c828a537f', '64768fb7704c31d40e369d6bae5dabbb']",[],[],[],"[{'ssl.version': 'TLSv12', 'ssl.cipher': 'TLS_ECDHE_RSA_WITH_AES_128_GCM_SHA256', 'ssl.curve': None, 'ssl.validation_status': None, 'count': 1}]","[{'file.md5s': {'83744d9cefffc9cbc1e66a8c828a537f', '64768fb7704c31d40e369d6bae5dabbb'}, 'files.source': 'SSL', 'count': 2}]"
182.22.31.124,0x2ababe,C2qZz2dmZpZaeZ6od,SF,0.70709,533,945,5343,10,tcp,5275,5767,443,12,ssl,2017-07-07T16:36:48.519531Z,192.168.10.8,0,0,0,1,2,[],[],[],[],[],[],[],['TLSv12'],['TLS_ECDHE_RSA_WITH_AES_128_GCM_SHA256'],[None],[None],['SSL'],"['83744d9cefffc9cbc1e66a8c828a537f', '64768fb7704c31d40e369d6bae5dabbb']",[],[],[],"[{'ssl.version': 'TLSv12', 'ssl.cipher': 'TLS_ECDHE_RSA_WITH_AES_128_GCM_SHA256', 'ssl.curve': None, 'ssl.validation_status': None, 'count': 1}]","[{'file.md5s': {'83744d9cefffc9cbc1e66a8c828a537f', '64768fb7704c31d40e369d6bae5dabbb'}, 'files.source': 'SSL', 'count': 2}]"
