originated_ip,uid,connection.uid,connection.conn_state,connection.duration,connection.orig_bytes,connection.orig_ip_bytes,connection.orig_p,connection.orig_pkts,connection.proto,connection.resp_bytes,connection.resp_ip_bytes,connection.resp_p,connection.resp_pkts,connection.service,connection.ts,responded_ip,dns_count,ssh_count,http_count,ssl_count,files_count,dns_qtype,dns_rcode,ssh_auth_attempts,ssh_host_key,http_method,http_status_code,http_user_agent,ssl_version,ssl_cipher,ssl_curve,ssl_validation_status,files_source,file_md5,dns_dicts,ssh_dicts,http_dicts,ssl_dicts,files_dicts
104.16.161.133,0x1f8,CmGyJE1j85YCxdfU11,SF,0.015328,37,157,52528,3,tcp,0,40,443,1,,2017-07-07T16:35:59.65674Z,192.168.10.25,0,0,0,0,0,,,,,,,,,,,,,,,,,,
104.16.161.133,0x495de,C4aoqa7NluegRHs7i,SF,0.015196,37,157,52530,3,tcp,0,40,443,1,,2017-07-07T16:35:59.656328Z,192.168.10.25,0,0,0,0,0,,,,,,,,,,,,,,,,,,
104.16.161.133,0x200cf8,CA6sRX2Sj355S6qpx3,SF,0.015316,37,157,52529,3,tcp,0,40,443,1,,2017-07-07T16:35:59.656204Z,192.168.10.25,0,0,0,0,0,,,,,,,,,,,,,,,,,,
104.16.161.133,0x24a0cd,CZrNbg18W5pmfeCTwf,SF,0.015151,37,157,52527,3,tcp,0,40,443,1,,2017-07-07T16:35:59.65657Z,192.168.10.25,0,0,0,0,0,,,,,,,,,,,,,,,,,,
