originated_ip,uid,connection.uid,connection.conn_state,connection.duration,connection.orig_bytes,connection.orig_ip_bytes,connection.orig_p,connection.orig_pkts,connection.proto,connection.resp_bytes,connection.resp_ip_bytes,connection.resp_p,connection.resp_pkts,connection.service,connection.ts,responded_ip,dns_count,ssh_count,http_count,ssl_count,files_count,dns_qtype,dns_rcode,ssh_auth_attempts,ssh_host_key,http_method,http_status_code,http_user_agent,ssl_version,ssl_cipher,ssl_curve,ssl_validation_status,files_source,file_md5,dns_dicts,ssh_dicts,http_dicts,ssl_dicts,files_dicts
204.154.110.79,0x13da6a,CeAepP3EE17sLzeK5d,SF,2.783735,540,960,40794,10,tcp,2855,3179,443,8,ssl,2017-07-07T19:13:46.070498Z,192.168.10.16,0,0,0,1,2,[],[],[],[],[],[],[],['TLSv12'],['TLS_RSA_WITH_AES_256_CBC_SHA'],[None],[None],['SSL'],"['409cb45b247c06b66ba4511fc8aa0d98', '23d5858ebc8986107cb7ac1e17f726c5']",[],[],[],"[{'ssl.version': 'TLSv12', 'ssl.curve': None, 'ssl.cipher': 'TLS_RSA_WITH_AES_256_CBC_SHA', 'ssl.validation_status': None, 'count': 1}]","[{'files.source': 'SSL', 'file.md5s': {'409cb45b247c06b66ba4511fc8aa0d98', '23d5858ebc8986107cb7ac1e17f726c5'}, 'count': 2}]"
204.154.110.79,0x186d8d,Cqhsjo1E1rYMujxKG6,SF,0.248327,2145,2685,59810,13,tcp,13259,13903,443,16,ssl,2017-07-07T19:00:08.539364Z,192.168.10.12,0,0,0,1,2,[],[],[],[],[],[],[],['TLSv12'],['TLS_RSA_WITH_AES_256_CBC_SHA'],[None],[None],['SSL'],"['409cb45b247c06b66ba4511fc8aa0d98', '23d5858ebc8986107cb7ac1e17f726c5']",[],[],[],"[{'ssl.version': 'TLSv12', 'ssl.curve': None, 'ssl.cipher': 'TLS_RSA_WITH_AES_256_CBC_SHA', 'ssl.validation_status': None, 'count': 1}]","[{'files.source': 'SSL', 'file.md5s': {'409cb45b247c06b66ba4511fc8aa0d98', '23d5858ebc8986107cb7ac1e17f726c5'}, 'count': 2}]"
204.154.110.79,0x2936e9,C4Qd6Q29lGpB5FpbAh,SF,0.389145,2145,2885,40796,18,tcp,15077,15841,443,19,ssl,2017-07-07T19:13:46.070515Z,192.168.10.16,0,0,0,1,2,[],[],[],[],[],[],[],['TLSv12'],['TLS_RSA_WITH_AES_256_CBC_SHA'],[None],[None],['SSL'],"['409cb45b247c06b66ba4511fc8aa0d98', '23d5858ebc8986107cb7ac1e17f726c5']",[],[],[],"[{'ssl.version': 'TLSv12', 'ssl.curve': None, 'ssl.cipher': 'TLS_RSA_WITH_AES_256_CBC_SHA', 'ssl.validation_status': None, 'count': 1}]","[{'files.source': 'SSL', 'file.md5s': {'409cb45b247c06b66ba4511fc8aa0d98', '23d5858ebc8986107cb7ac1e17f726c5'}, 'count': 2}]"
204.154.110.79,0x2dc6cf,CcAI5V1l6wDVlHk2mf,SF,5.533599,593,1013,59808,10,tcp,2855,3179,443,8,ssl,2017-07-07T19:00:08.539259Z,192.168.10.12,0,0,0,1,2,[],[],[],[],[],[],[],['TLSv12'],['TLS_RSA_WITH_AES_256_CBC_SHA'],[None],[None],['SSL'],"['409cb45b247c06b66ba4511fc8aa0d98', '23d5858ebc8986107cb7ac1e17f726c5']",[],[],[],"[{'ssl.version': 'TLSv12', 'ssl.curve': None, 'ssl.cipher': 'TLS_RSA_WITH_AES_256_CBC_SHA', 'ssl.validation_status': None, 'count': 1}]","[{'files.source': 'SSL', 'file.md5s': {'409cb45b247c06b66ba4511fc8aa0d98', '23d5858ebc8986107cb7ac1e17f726c5'}, 'count': 2}]"
