originated_ip,uid,connection.uid,connection.conn_state,connection.duration,connection.orig_bytes,connection.orig_ip_bytes,connection.orig_p,connection.orig_pkts,connection.proto,connection.resp_bytes,connection.resp_ip_bytes,connection.resp_p,connection.resp_pkts,connection.service,connection.ts,responded_ip,dns_count,ssh_count,http_count,ssl_count,files_count,dns_qtype,dns_rcode,ssh_auth_attempts,ssh_host_key,http_method,http_status_code,http_user_agent,ssl_version,ssl_cipher,ssl_curve,ssl_validation_status,files_source,file_md5,dns_dicts,ssh_dicts,http_dicts,ssl_dicts,files_dicts
104.79.143.90,0x125117,CPKapd10PDmMwhTfA4,SF,0.87164,327,831,42526,10,tcp,3963,4387,443,8,ssl,2017-07-07T19:13:47.982552Z,192.168.10.16,0,0,0,1,0,[],[],[],[],[],[],[],['TLSv12'],['TLS_ECDHE_RSA_WITH_AES_256_GCM_SHA384'],[None],[None],[],[],[],[],[],"[{'ssl.version': 'TLSv12', 'ssl.curve': None, 'ssl.cipher': 'TLS_ECDHE_RSA_WITH_AES_256_GCM_SHA384', 'ssl.validation_status': None, 'count': 1}]",[]
104.79.143.90,0x1eaaa7,Cnr9t8ViuDFfEOnh1,SF,116.132574,1748,2451,56241,17,tcp,2197,3021,80,17,http,2017-07-07T19:14:31.376047Z,192.168.10.5,0,0,1,0,1,[],[],[],[],['GET'],[200],[None],[],[],[],[],['HTTP'],['325472601571f31e1bf00674c368d335'],[],[],"[{'http.user_agent': None, 'http.method': 'GET', 'http.status_code': 200, 'count': 1}]",[],"[{'files.source': 'HTTP', 'file.md5s': {'325472601571f31e1bf00674c368d335'}, 'count': 1}]"
104.79.143.90,0x2c40b8,CxkNzS3H78rQJnxPcd,SF,0.874524,3182,3790,42530,12,tcp,4280,4756,443,9,ssl,2017-07-07T19:13:47.982705Z,192.168.10.16,0,0,0,1,2,[],[],[],[],[],[],[],['TLSv12'],['TLS_ECDHE_RSA_WITH_AES_256_GCM_SHA384'],[None],[None],['SSL'],"['b53f46c614f4e9a2f0e513c5866e0780', '36a4b6859fd764e787ee42fd3a9305db']",[],[],[],"[{'ssl.version': 'TLSv12', 'ssl.curve': None, 'ssl.cipher': 'TLS_ECDHE_RSA_WITH_AES_256_GCM_SHA384', 'ssl.validation_status': None, 'count': 1}]","[{'files.source': 'SSL', 'file.md5s': {'b53f46c614f4e9a2f0e513c5866e0780', '36a4b6859fd764e787ee42fd3a9305db'}, 'count': 2}]"
104.79.143.90,0x2c41d3,Ci4dDJ3IKNg7XbIBq,SF,3.072591,8929,9969,42398,21,tcp,12729,16673,443,20,ssl,2017-07-07T19:13:45.875589Z,192.168.10.16,0,0,0,1,0,[],[],[],[],[],[],[],['TLSv12'],['TLS_ECDHE_RSA_WITH_AES_256_GCM_SHA384'],[None],[None],[],[],[],[],[],"[{'ssl.version': 'TLSv12', 'ssl.curve': None, 'ssl.cipher': 'TLS_ECDHE_RSA_WITH_AES_256_GCM_SHA384', 'ssl.validation_status': None, 'count': 1}]",[]
