originated_ip,uid,connection.uid,connection.conn_state,connection.duration,connection.orig_bytes,connection.orig_ip_bytes,connection.orig_p,connection.orig_pkts,connection.proto,connection.resp_bytes,connection.resp_ip_bytes,connection.resp_p,connection.resp_pkts,connection.service,connection.ts,responded_ip,dns_count,ssh_count,http_count,ssl_count,files_count,dns_qtype,dns_rcode,ssh_auth_attempts,ssh_host_key,http_method,http_status_code,http_user_agent,ssl_version,ssl_cipher,ssl_curve,ssl_validation_status,files_source,file_md5,dns_dicts,ssh_dicts,http_dicts,ssl_dicts,files_dicts
198.51.152.178,0x935a7,CZnpJCejfYBxQ9Hq9,SF,5.245939,0,180,57072,4,tcp,0,88,80,2,,2017-07-07T18:58:45.00388Z,192.168.10.16,0,0,0,0,0,[],[],[],[],[],[],[],[],[],[],[],[],[],[],[],[],[],[]
198.51.152.178,0xdc3e3,C7BF9w23El1oorkmqe,SF,5.056573,406,626,57070,5,tcp,611,819,80,5,http,2017-07-07T18:58:45.003851Z,192.168.10.16,0,0,1,0,1,[],[],[],[],['GET'],[200],[None],[],[],[],[],['HTTP'],['71a50dbba44c78128b221b7df7bb51f1'],[],[],"[{'http.user_agent': None, 'http.method': 'GET', 'http.status_code': 200, 'count': 1}]",[],"[{'files.source': 'HTTP', 'file.md5s': {'71a50dbba44c78128b221b7df7bb51f1'}, 'count': 1}]"
198.51.152.178,0x16e6b8,CL238O3D4sCLPbleIe,SF,5.230804,837,1249,9739,10,tcp,7306,8590,443,13,ssl,2017-07-07T19:16:05.418412Z,192.168.10.9,0,0,0,1,5,[],[],[],[],[],[],[],['TLSv12'],['TLS_ECDHE_ECDSA_WITH_AES_256_GCM_SHA384'],[None],[None],['SSL'],"['a5e6b2b38a2a1cdb30925461c083e79e', '1cd0976187316dde07259fd6267e2f0e', '324a4bbbc863699bbe749ac6dd1d4624', '2a23763da5fa710b07aa350e4754c4eb', '497bf0a8bc53a0846d7fd29499f558e9']",[],[],[],"[{'ssl.version': 'TLSv12', 'ssl.curve': None, 'ssl.cipher': 'TLS_ECDHE_ECDSA_WITH_AES_256_GCM_SHA384', 'ssl.validation_status': None, 'count': 1}]","[{'files.source': 'SSL', 'file.md5s': {'a5e6b2b38a2a1cdb30925461c083e79e', '1cd0976187316dde07259fd6267e2f0e', '324a4bbbc863699bbe749ac6dd1d4624', '2a23763da5fa710b07aa350e4754c4eb', '497bf0a8bc53a0846d7fd29499f558e9'}, 'count': 5}]"
198.51.152.178,0x24a227,CqMbDS189yIWFvLWc3,SF,5.345936,349,761,9738,10,tcp,6519,7145,443,9,ssl,2017-07-07T19:16:05.418263Z,192.168.10.9,0,0,0,1,5,[],[],[],[],[],[],[],['TLSv12'],['TLS_ECDHE_ECDSA_WITH_AES_256_GCM_SHA384'],[None],[None],['SSL'],"['a5e6b2b38a2a1cdb30925461c083e79e', '1cd0976187316dde07259fd6267e2f0e', '324a4bbbc863699bbe749ac6dd1d4624', '2a23763da5fa710b07aa350e4754c4eb', '497bf0a8bc53a0846d7fd29499f558e9']",[],[],[],"[{'ssl.version': 'TLSv12', 'ssl.curve': None, 'ssl.cipher': 'TLS_ECDHE_ECDSA_WITH_AES_256_GCM_SHA384', 'ssl.validation_status': None, 'count': 1}]","[{'files.source': 'SSL', 'file.md5s': {'a5e6b2b38a2a1cdb30925461c083e79e', '1cd0976187316dde07259fd6267e2f0e', '324a4bbbc863699bbe749ac6dd1d4624', '2a23763da5fa710b07aa350e4754c4eb', '497bf0a8bc53a0846d7fd29499f558e9'}, 'count': 5}]"
