originated_ip,uid,connection.uid,connection.conn_state,connection.duration,connection.orig_bytes,connection.orig_ip_bytes,connection.orig_p,connection.orig_pkts,connection.proto,connection.resp_bytes,connection.resp_ip_bytes,connection.resp_p,connection.resp_pkts,connection.service,connection.ts,responded_ip,dns_count,ssh_count,http_count,ssl_count,files_count,dns_qtype,dns_rcode,ssh_auth_attempts,ssh_host_key,http_method,http_status_code,http_user_agent,ssl_version,ssl_cipher,ssl_curve,ssl_validation_status,files_source,file_md5,dns_dicts,ssh_dicts,http_dicts,ssl_dicts,files_dicts
173.241.254.199,0x7a3b2,CqYogF2URrK81XZUn,SF,116.976475,2454,3357,58738,22,tcp,3400,4244,443,21,ssl,2017-07-07T18:56:55.98839Z,192.168.10.15,0,0,0,1,2,[],[],[],[],[],[],[],['TLSv10'],['TLS_RSA_WITH_3DES_EDE_CBC_SHA'],[None],[None],['SSL'],"['13b7fb1e303674edfccce8b3dceec374', '36a4b6859fd764e787ee42fd3a9305db']",[],[],[],"[{'ssl.version': 'TLSv10', 'ssl.curve': None, 'ssl.cipher': 'TLS_RSA_WITH_3DES_EDE_CBC_SHA', 'ssl.validation_status': None, 'count': 1}]","[{'files.source': 'SSL', 'file.md5s': {'13b7fb1e303674edfccce8b3dceec374', '36a4b6859fd764e787ee42fd3a9305db'}, 'count': 2}]"
173.241.254.199,0x13d93f,CBZdLq1XA8AuCZ9Czh,SF,116.564079,2155,3018,58976,21,tcp,519,1363,443,21,ssl,2017-07-07T18:59:42.561886Z,192.168.10.15,0,0,0,1,0,[],[],[],[],[],[],[],['TLSv10'],['TLS_RSA_WITH_3DES_EDE_CBC_SHA'],[None],[None],[],[],[],[],[],"[{'ssl.version': 'TLSv10', 'ssl.curve': None, 'ssl.cipher': 'TLS_RSA_WITH_3DES_EDE_CBC_SHA', 'ssl.validation_status': None, 'count': 1}]",[]
173.241.254.199,0x1b79c7,CvADU31ijGFToTxtW6,SF,116.976881,2454,3397,58737,23,tcp,3400,4244,443,21,ssl,2017-07-07T18:56:55.988269Z,192.168.10.15,0,0,0,1,2,[],[],[],[],[],[],[],['TLSv10'],['TLS_RSA_WITH_3DES_EDE_CBC_SHA'],[None],[None],['SSL'],"['13b7fb1e303674edfccce8b3dceec374', '36a4b6859fd764e787ee42fd3a9305db']",[],[],[],"[{'ssl.version': 'TLSv10', 'ssl.curve': None, 'ssl.cipher': 'TLS_RSA_WITH_3DES_EDE_CBC_SHA', 'ssl.validation_status': None, 'count': 1}]","[{'files.source': 'SSL', 'file.md5s': {'13b7fb1e303674edfccce8b3dceec374', '36a4b6859fd764e787ee42fd3a9305db'}, 'count': 2}]"
173.241.254.199,0x24a224,C5Zsxz46Eo4TenYznj,SF,5.861326,305,637,58988,8,tcp,130,414,443,7,ssl,2017-07-07T18:59:43.055023Z,192.168.10.15,0,0,0,1,0,[],[],[],[],[],[],[],['TLSv10'],['TLS_RSA_WITH_3DES_EDE_CBC_SHA'],[None],[None],[],[],[],[],[],"[{'ssl.version': 'TLSv10', 'ssl.curve': None, 'ssl.cipher': 'TLS_RSA_WITH_3DES_EDE_CBC_SHA', 'ssl.validation_status': None, 'count': 1}]",[]
