originated_ip,uid,connection.uid,connection.conn_state,connection.duration,connection.orig_bytes,connection.orig_ip_bytes,connection.orig_p,connection.orig_pkts,connection.proto,connection.resp_bytes,connection.resp_ip_bytes,connection.resp_p,connection.resp_pkts,connection.service,connection.ts,responded_ip,dns_count,ssh_count,http_count,ssl_count,files_count,dns_qtype,dns_rcode,ssh_auth_attempts,ssh_host_key,http_method,http_status_code,http_user_agent,ssl_version,ssl_cipher,ssl_curve,ssl_validation_status,files_source,file_md5,dns_dicts,ssh_dicts,http_dicts,ssl_dicts,files_dicts
203.205.191.22,0x4977e,CODe003bAvmaWroZM2,SF,65.691556,912,1856,56379,18,tcp,7383,8327,443,18,ssl,2017-07-07T19:19:53.537944Z,192.168.10.17,0,0,0,1,0,[],[],[],[],[],[],[],['TLSv12'],['TLS_RSA_WITH_AES_256_CBC_SHA'],[None],[None],[],[],[],[],[],"[{'ssl.version': 'TLSv12', 'ssl.curve': None, 'ssl.cipher': 'TLS_RSA_WITH_AES_256_CBC_SHA', 'ssl.validation_status': None, 'count': 1}]",[]
203.205.191.22,0xf4598,CYwbD1xNOxxsdu19,SF,65.781139,1381,2429,56381,20,tcp,11596,12800,443,23,ssl,2017-07-07T19:19:53.538098Z,192.168.10.17,0,0,0,1,0,[],[],[],[],[],[],[],['TLSv12'],['TLS_RSA_WITH_AES_256_CBC_SHA'],[None],[None],[],[],[],[],[],"[{'ssl.version': 'TLSv12', 'ssl.curve': None, 'ssl.cipher': 'TLS_RSA_WITH_AES_256_CBC_SHA', 'ssl.validation_status': None, 'count': 1}]",[]
203.205.191.22,0x2c4371,CQi76B2Bx5G3bfiKk3,SF,65.778103,1285,2281,56378,19,tcp,7932,8980,443,20,ssl,2017-07-07T19:19:53.46139Z,192.168.10.17,0,0,0,1,0,[],[],[],[],[],[],[],['TLSv12'],['TLS_RSA_WITH_AES_256_CBC_SHA'],[None],[None],[],[],[],[],[],"[{'ssl.version': 'TLSv12', 'ssl.curve': None, 'ssl.cipher': 'TLS_RSA_WITH_AES_256_CBC_SHA', 'ssl.validation_status': None, 'count': 1}]",[]
203.205.191.22,0x2dcacc,CFgAWs2QIqsAxJdp6f,SF,65.721903,1253,2249,56380,19,tcp,11340,12492,443,22,ssl,2017-07-07T19:19:53.538046Z,192.168.10.17,0,0,0,1,4,[],[],[],[],[],[],[],['TLSv12'],['TLS_RSA_WITH_AES_256_CBC_SHA'],[None],[None],['SSL'],"['81528b89e165204a75ad85e8c388cd68', '6f3f0ad4d25cc99bda214b6d5c10fc19', '96c25031bc0dc35cfba723731e1b4140', '91de0625abdafd32170cbb25172a8467']",[],[],[],"[{'ssl.version': 'TLSv12', 'ssl.curve': None, 'ssl.cipher': 'TLS_RSA_WITH_AES_256_CBC_SHA', 'ssl.validation_status': None, 'count': 1}]","[{'files.source': 'SSL', 'file.md5s': {'81528b89e165204a75ad85e8c388cd68', '6f3f0ad4d25cc99bda214b6d5c10fc19', '96c25031bc0dc35cfba723731e1b4140', '91de0625abdafd32170cbb25172a8467'}, 'count': 4}]"
