originated_ip,uid,connection.uid,connection.conn_state,connection.duration,connection.orig_bytes,connection.orig_ip_bytes,connection.orig_p,connection.orig_pkts,connection.proto,connection.resp_bytes,connection.resp_ip_bytes,connection.resp_p,connection.resp_pkts,connection.service,connection.ts,responded_ip,dns_count,ssh_count,http_count,ssl_count,files_count,dns_qtype,dns_rcode,ssh_auth_attempts,ssh_host_key,http_method,http_status_code,http_user_agent,ssl_version,ssl_cipher,ssl_curve,ssl_validation_status,files_source,file_md5,dns_dicts,ssh_dicts,http_dicts,ssl_dicts,files_dicts
14.128.25.249,0x1b7ab8,Cj01rI3ArDXTgefxZ5,SF,34.085399,1231,2023,53715,15,tcp,3229,3965,443,14,ssl,2017-07-07T19:22:05.052681Z,192.168.10.25,0,0,0,1,2,[],[],[],[],[],[],[],['TLSv10'],['TLS_RSA_WITH_AES_128_CBC_SHA'],[None],[None],['SSL'],"['312e539af7ff9612cc8c5517b1d45f08', '99bf8758d758c9b722eade58e602a4d6']",[],[],[],"[{'ssl.version': 'TLSv10', 'ssl.curve': None, 'ssl.cipher': 'TLS_RSA_WITH_AES_128_CBC_SHA', 'ssl.validation_status': None, 'count': 1}]","[{'files.source': 'SSL', 'file.md5s': {'312e539af7ff9612cc8c5517b1d45f08', '99bf8758d758c9b722eade58e602a4d6'}, 'count': 2}]"
14.128.25.249,0x1d015c,CpHy971qaAqcVzjzAk,SF,34.084892,1231,2023,53717,15,tcp,3229,3965,443,14,ssl,2017-07-07T19:22:05.05299Z,192.168.10.25,0,0,0,1,2,[],[],[],[],[],[],[],['TLSv10'],['TLS_RSA_WITH_AES_128_CBC_SHA'],[None],[None],['SSL'],"['312e539af7ff9612cc8c5517b1d45f08', '99bf8758d758c9b722eade58e602a4d6']",[],[],[],"[{'ssl.version': 'TLSv10', 'ssl.curve': None, 'ssl.cipher': 'TLS_RSA_WITH_AES_128_CBC_SHA', 'ssl.validation_status': None, 'count': 1}]","[{'files.source': 'SSL', 'file.md5s': {'312e539af7ff9612cc8c5517b1d45f08', '99bf8758d758c9b722eade58e602a4d6'}, 'count': 2}]"
14.128.25.249,0x26293f,CIklEk3dC7ZJoRgxPk,SF,33.603362,1039,1831,53718,15,tcp,3181,3917,443,14,ssl,2017-07-07T19:22:05.534909Z,192.168.10.25,0,0,0,1,2,[],[],[],[],[],[],[],['TLSv10'],['TLS_RSA_WITH_AES_128_CBC_SHA'],[None],[None],['SSL'],"['312e539af7ff9612cc8c5517b1d45f08', '99bf8758d758c9b722eade58e602a4d6']",[],[],[],"[{'ssl.version': 'TLSv10', 'ssl.curve': None, 'ssl.cipher': 'TLS_RSA_WITH_AES_128_CBC_SHA', 'ssl.validation_status': None, 'count': 1}]","[{'files.source': 'SSL', 'file.md5s': {'312e539af7ff9612cc8c5517b1d45f08', '99bf8758d758c9b722eade58e602a4d6'}, 'count': 2}]"
14.128.25.249,0x2c437f,CrmS0F3NfrKEECRTui,SF,34.084889,1844,2740,53716,17,tcp,3554,4394,443,16,ssl,2017-07-07T19:22:05.052837Z,192.168.10.25,0,0,0,1,2,[],[],[],[],[],[],[],['TLSv10'],['TLS_RSA_WITH_AES_128_CBC_SHA'],[None],[None],['SSL'],"['312e539af7ff9612cc8c5517b1d45f08', '99bf8758d758c9b722eade58e602a4d6']",[],[],[],"[{'ssl.version': 'TLSv10', 'ssl.curve': None, 'ssl.cipher': 'TLS_RSA_WITH_AES_128_CBC_SHA', 'ssl.validation_status': None, 'count': 1}]","[{'files.source': 'SSL', 'file.md5s': {'312e539af7ff9612cc8c5517b1d45f08', '99bf8758d758c9b722eade58e602a4d6'}, 'count': 2}]"
