originated_ip,uid,connection.uid,connection.conn_state,connection.duration,connection.orig_bytes,connection.orig_ip_bytes,connection.orig_p,connection.orig_pkts,connection.proto,connection.resp_bytes,connection.resp_ip_bytes,connection.resp_p,connection.resp_pkts,connection.service,connection.ts,responded_ip,dns_count,ssh_count,http_count,ssl_count,files_count,dns_qtype,dns_rcode,ssh_auth_attempts,ssh_host_key,http_method,http_status_code,http_user_agent,ssl_version,ssl_cipher,ssl_curve,ssl_validation_status,files_source,file_md5,dns_dicts,ssh_dicts,http_dicts,ssl_dicts,files_dicts
199.38.164.55,0xf4401,CSUhy01qx678cj5v7c,RSTR,11.045717,1676,2061,9763,9,tcp,3774,4269,443,10,ssl,2017-07-07T19:08:27.948348Z,192.168.10.8,0,0,0,1,2,[],[],[],[],[],[],[],['TLSv12'],['TLS_RSA_WITH_AES_256_CBC_SHA'],[None],[None],['SSL'],"['345eff15b7a49add451b65a7f4bdc6ae', 'cd511f44e2f5a769922eb03a8f63e621']",[],[],[],"[{'ssl.version': 'TLSv12', 'ssl.curve': None, 'ssl.cipher': 'TLS_RSA_WITH_AES_256_CBC_SHA', 'ssl.validation_status': None, 'count': 1}]","[{'files.source': 'SSL', 'file.md5s': {'345eff15b7a49add451b65a7f4bdc6ae', 'cd511f44e2f5a769922eb03a8f63e621'}, 'count': 2}]"
199.38.164.55,0x10cade,CIVeMbbBAUBbTYQtl,SF,11.045838,588,972,9762,9,tcp,2713,3116,443,8,ssl,2017-07-07T19:08:27.948267Z,192.168.10.8,0,0,0,1,2,[],[],[],[],[],[],[],['TLSv12'],['TLS_RSA_WITH_AES_256_CBC_SHA'],[None],[None],['SSL'],"['345eff15b7a49add451b65a7f4bdc6ae', 'cd511f44e2f5a769922eb03a8f63e621']",[],[],[],"[{'ssl.version': 'TLSv12', 'ssl.curve': None, 'ssl.cipher': 'TLS_RSA_WITH_AES_256_CBC_SHA', 'ssl.validation_status': None, 'count': 1}]","[{'files.source': 'SSL', 'file.md5s': {'345eff15b7a49add451b65a7f4bdc6ae', 'cd511f44e2f5a769922eb03a8f63e621'}, 'count': 2}]"
199.38.164.55,0x16e4fa,Cqzgmz3D5AsOLiS9C9,RSTR,11.043889,1820,2205,9760,9,tcp,3774,4269,443,10,ssl,2017-07-07T19:08:27.886634Z,192.168.10.8,0,0,0,1,2,[],[],[],[],[],[],[],['TLSv12'],['TLS_RSA_WITH_AES_256_CBC_SHA'],[None],[None],['SSL'],"['345eff15b7a49add451b65a7f4bdc6ae', 'cd511f44e2f5a769922eb03a8f63e621']",[],[],[],"[{'ssl.version': 'TLSv12', 'ssl.curve': None, 'ssl.cipher': 'TLS_RSA_WITH_AES_256_CBC_SHA', 'ssl.validation_status': None, 'count': 1}]","[{'files.source': 'SSL', 'file.md5s': {'345eff15b7a49add451b65a7f4bdc6ae', 'cd511f44e2f5a769922eb03a8f63e621'}, 'count': 2}]"
199.38.164.55,0x27adb2,C6kYme1xO4mOSeJMIj,RSTR,11.043088,3073,3458,9761,9,tcp,4835,6356,443,11,ssl,2017-07-07T19:08:27.886784Z,192.168.10.8,0,0,0,1,2,[],[],[],[],[],[],[],['TLSv12'],['TLS_RSA_WITH_AES_256_CBC_SHA'],[None],[None],['SSL'],"['345eff15b7a49add451b65a7f4bdc6ae', 'cd511f44e2f5a769922eb03a8f63e621']",[],[],[],"[{'ssl.version': 'TLSv12', 'ssl.curve': None, 'ssl.cipher': 'TLS_RSA_WITH_AES_256_CBC_SHA', 'ssl.validation_status': None, 'count': 1}]","[{'files.source': 'SSL', 'file.md5s': {'345eff15b7a49add451b65a7f4bdc6ae', 'cd511f44e2f5a769922eb03a8f63e621'}, 'count': 2}]"
