originated_ip,uid,connection.uid,connection.conn_state,connection.duration,connection.orig_bytes,connection.orig_ip_bytes,connection.orig_p,connection.orig_pkts,connection.proto,connection.resp_bytes,connection.resp_ip_bytes,connection.resp_p,connection.resp_pkts,connection.service,connection.ts,responded_ip,dns_count,ssh_count,http_count,ssl_count,files_count,dns_qtype,dns_rcode,ssh_auth_attempts,ssh_host_key,http_method,http_status_code,http_user_agent,ssl_version,ssl_cipher,ssl_curve,ssl_validation_status,files_source,file_md5,dns_dicts,ssh_dicts,http_dicts,ssl_dicts,files_dicts
180.148.171.45,0x38e,CbRtRA1jAlvYFt6FAc,SF,0.816407,699,1647,53668,18,tcp,7202,8094,443,17,ssl,2017-07-07T19:21:44.529744Z,192.168.10.25,0,0,0,1,2,[],[],[],[],[],[],[],['TLSv10'],['TLS_DHE_RSA_WITH_AES_128_CBC_SHA'],[None],[None],['SSL'],"['ef85e8600fc2a33d528ddfe48d03f5df', '342e1e02d91852d4a66f8a892167c8fa']",[],[],[],"[{'ssl.version': 'TLSv10', 'ssl.curve': None, 'ssl.cipher': 'TLS_DHE_RSA_WITH_AES_128_CBC_SHA', 'ssl.validation_status': None, 'count': 1}]","[{'files.source': 'SSL', 'file.md5s': {'ef85e8600fc2a33d528ddfe48d03f5df', '342e1e02d91852d4a66f8a892167c8fa'}, 'count': 2}]"
180.148.171.45,0x643f5,CH3K853lRezqATNCa2,SF,0.575974,501,769,60178,5,tcp,644,912,80,5,http,2017-07-07T19:16:46.900421Z,192.168.10.16,0,0,1,0,1,[],[],[],[],['GET'],[200],[None],[],[],[],[],['HTTP'],['4e259ab75a2e6778d6695e1b9aa545b5'],[],[],"[{'http.user_agent': None, 'http.method': 'GET', 'http.status_code': 200, 'count': 1}]",[],"[{'files.source': 'HTTP', 'file.md5s': {'4e259ab75a2e6778d6695e1b9aa545b5'}, 'count': 1}]"
180.148.171.45,0x13ffca,Cl1s2u2iIqy4yzlX8h,SF,0.374518,382,754,60180,7,tcp,3425,3797,80,7,http,2017-07-07T19:16:46.900435Z,192.168.10.16,0,0,1,0,1,[],[],[],[],['GET'],[200],[None],[],[],[],[],['HTTP'],['68f0aaa9cb142659b3501fbe205a1ae2'],[],[],"[{'http.user_agent': None, 'http.method': 'GET', 'http.status_code': 200, 'count': 1}]",[],"[{'files.source': 'HTTP', 'file.md5s': {'68f0aaa9cb142659b3501fbe205a1ae2'}, 'count': 1}]"
180.148.171.45,0x2dca23,CmXZQK3Y5Y9foQlulj,SF,0.553302,688,1324,53687,12,tcp,516,1096,443,11,ssl,2017-07-07T19:21:50.980883Z,192.168.10.25,0,0,0,1,0,[],[],[],[],[],[],[],['TLSv10'],['TLS_DHE_RSA_WITH_AES_128_CBC_SHA'],[None],[None],[],[],[],[],[],"[{'ssl.version': 'TLSv10', 'ssl.curve': None, 'ssl.cipher': 'TLS_DHE_RSA_WITH_AES_128_CBC_SHA', 'ssl.validation_status': None, 'count': 1}]",[]
