originated_ip,uid,connection.uid,connection.conn_state,connection.duration,connection.orig_bytes,connection.orig_ip_bytes,connection.orig_p,connection.orig_pkts,connection.proto,connection.resp_bytes,connection.resp_ip_bytes,connection.resp_p,connection.resp_pkts,connection.service,connection.ts,responded_ip,dns_count,ssh_count,http_count,ssl_count,files_count,dns_qtype,dns_rcode,ssh_auth_attempts,ssh_host_key,http_method,http_status_code,http_user_agent,ssl_version,ssl_cipher,ssl_curve,ssl_validation_status,files_source,file_md5,dns_dicts,ssh_dicts,http_dicts,ssl_dicts,files_dicts
158.69.26.71,0x1571e3,CugE0fHAHLm6LpzT4,SF,115.875302,271,1267,44705,19,tcp,5645,6485,80,16,http,2017-07-07T19:06:21.844722Z,192.168.10.17,0,0,1,0,1,[],[],[],[],['GET'],[200],[None],[],[],[],[],['HTTP'],['e17b535702a1bbbc99e4feb91494b5df'],[],[],"[{'http.user_agent': None, 'http.method': 'GET', 'http.status_code': 200, 'count': 1}]",[],"[{'files.source': 'HTTP', 'file.md5s': {'e17b535702a1bbbc99e4feb91494b5df'}, 'count': 1}]"
158.69.26.71,0x1571e4,CUXIuS1QOYgPeRy1pb,SF,115.874756,288,1440,44707,22,tcp,11724,12616,80,17,http,2017-07-07T19:06:21.844817Z,192.168.10.17,0,0,1,0,1,[],[],[],[],['GET'],[200],[None],[],[],[],[],['HTTP'],['b5447e3ef5407f56c9d32c7ce14ad6c3'],[],[],"[{'http.user_agent': None, 'http.method': 'GET', 'http.status_code': 200, 'count': 1}]",[],"[{'files.source': 'HTTP', 'file.md5s': {'b5447e3ef5407f56c9d32c7ce14ad6c3'}, 'count': 1}]"
158.69.26.71,0x232d1b,CGwYVq4BzHD0kIYvw1,SF,115.875185,301,1557,44708,24,tcp,18252,19300,80,20,http,2017-07-07T19:06:21.844842Z,192.168.10.17,0,0,1,0,1,[],[],[],[],['GET'],[200],[None],[],[],[],[],['HTTP'],[''],[],[],"[{'http.user_agent': None, 'http.method': 'GET', 'http.status_code': 200, 'count': 1}]",[],"[{'files.source': 'HTTP', 'file.md5s': {''}, 'count': 1}]"
158.69.26.71,0x27c435,Cj5Bvw3Pu9rpe70A1j,SF,115.875414,301,1557,44706,24,tcp,17069,18065,80,19,http,2017-07-07T19:06:21.84477Z,192.168.10.17,0,0,1,0,0,[],[],[],[],['GET'],[0],[None],[],[],[],[],[],[],[],[],"[{'http.user_agent': None, 'http.method': 'GET', 'http.status_code': 0, 'count': 1}]",[],[]
