originated_ip,uid,connection.uid,connection.conn_state,connection.duration,connection.orig_bytes,connection.orig_ip_bytes,connection.orig_p,connection.orig_pkts,connection.proto,connection.resp_bytes,connection.resp_ip_bytes,connection.resp_p,connection.resp_pkts,connection.service,connection.ts,responded_ip,dns_count,ssh_count,http_count,ssl_count,files_count,dns_qtype,dns_rcode,ssh_auth_attempts,ssh_host_key,http_method,http_status_code,http_user_agent,ssl_version,ssl_cipher,ssl_curve,ssl_validation_status,files_source,file_md5,dns_dicts,ssh_dicts,http_dicts,ssl_dicts,files_dicts
184.29.141.213,0x7a53f,ClEfaEOYZRejwHHb,SF,3.127652,2141,2801,51216,13,tcp,9560,10088,443,10,ssl,2017-07-07T19:13:45.716834Z,192.168.10.16,0,0,0,1,2,[],[],[],[],[],[],[],['TLSv12'],['TLS_ECDHE_RSA_WITH_AES_256_GCM_SHA384'],[None],[None],['SSL'],"['cb956beba71f5d89acb17ca1beda0994', '36a4b6859fd764e787ee42fd3a9305db']",[],[],[],"[{'ssl.version': 'TLSv12', 'ssl.curve': None, 'ssl.cipher': 'TLS_ECDHE_RSA_WITH_AES_256_GCM_SHA384', 'ssl.validation_status': None, 'count': 1}]","[{'files.source': 'SSL', 'file.md5s': {'cb956beba71f5d89acb17ca1beda0994', '36a4b6859fd764e787ee42fd3a9305db'}, 'count': 2}]"
184.29.141.213,0x1253b4,CGUKZu1MJkFjky3mn4,SF,3.127678,2152,3964,51214,28,tcp,38364,39996,443,31,ssl,2017-07-07T19:13:45.716755Z,192.168.10.16,0,0,0,1,2,[],[],[],[],[],[],[],['TLSv12'],['TLS_ECDHE_RSA_WITH_AES_256_GCM_SHA384'],[None],[None],['SSL'],"['cb956beba71f5d89acb17ca1beda0994', '36a4b6859fd764e787ee42fd3a9305db']",[],[],[],"[{'ssl.version': 'TLSv12', 'ssl.curve': None, 'ssl.cipher': 'TLS_ECDHE_RSA_WITH_AES_256_GCM_SHA384', 'ssl.validation_status': None, 'count': 1}]","[{'files.source': 'SSL', 'file.md5s': {'cb956beba71f5d89acb17ca1beda0994', '36a4b6859fd764e787ee42fd3a9305db'}, 'count': 2}]"
184.29.141.213,0x2936e6,CrFdeU29ofrSxo7mg7,SF,3.128033,2141,3685,51220,30,tcp,50606,52278,443,32,ssl,2017-07-07T19:13:45.716927Z,192.168.10.16,0,0,0,1,2,[],[],[],[],[],[],[],['TLSv12'],['TLS_ECDHE_RSA_WITH_AES_256_GCM_SHA384'],[None],[None],['SSL'],"['cb956beba71f5d89acb17ca1beda0994', '36a4b6859fd764e787ee42fd3a9305db']",[],[],[],"[{'ssl.version': 'TLSv12', 'ssl.curve': None, 'ssl.cipher': 'TLS_ECDHE_RSA_WITH_AES_256_GCM_SHA384', 'ssl.validation_status': None, 'count': 1}]","[{'files.source': 'SSL', 'file.md5s': {'cb956beba71f5d89acb17ca1beda0994', '36a4b6859fd764e787ee42fd3a9305db'}, 'count': 2}]"
184.29.141.213,0x2dc864,Cj2RyS3T6aZKozVH93,SF,3.127577,2146,3014,51218,17,tcp,13701,14437,443,14,ssl,2017-07-07T19:13:45.71685Z,192.168.10.16,0,0,0,1,0,[],[],[],[],[],[],[],['TLSv12'],['TLS_ECDHE_RSA_WITH_AES_256_GCM_SHA384'],[None],[None],[],[],[],[],[],"[{'ssl.version': 'TLSv12', 'ssl.curve': None, 'ssl.cipher': 'TLS_ECDHE_RSA_WITH_AES_256_GCM_SHA384', 'ssl.validation_status': None, 'count': 1}]",[]
