originated_ip,uid,connection.uid,connection.conn_state,connection.duration,connection.orig_bytes,connection.orig_ip_bytes,connection.orig_p,connection.orig_pkts,connection.proto,connection.resp_bytes,connection.resp_ip_bytes,connection.resp_p,connection.resp_pkts,connection.service,connection.ts,responded_ip,dns_count,ssh_count,http_count,ssl_count,files_count,dns_qtype,dns_rcode,ssh_auth_attempts,ssh_host_key,http_method,http_status_code,http_user_agent,ssl_version,ssl_cipher,ssl_curve,ssl_validation_status,files_source,file_md5,dns_dicts,ssh_dicts,http_dicts,ssl_dicts,files_dicts
104.106.249.194,0xc3932,CxSIoIN08AiEXsfA,SF,4.711147,2562,3690,43394,22,tcp,30420,31676,443,24,ssl,2017-07-07T19:13:44.133714Z,192.168.10.16,0,0,0,1,2,[],[],[],[],[],[],[],['TLSv12'],['TLS_ECDHE_RSA_WITH_AES_256_GCM_SHA384'],[None],[None],['SSL'],"['36a4b6859fd764e787ee42fd3a9305db', 'd8584d33549f83ce37835d3b25a16b49']",[],[],[],"[{'ssl.version': 'TLSv12', 'ssl.curve': None, 'ssl.cipher': 'TLS_ECDHE_RSA_WITH_AES_256_GCM_SHA384', 'ssl.validation_status': None, 'count': 1}]","[{'files.source': 'SSL', 'file.md5s': {'36a4b6859fd764e787ee42fd3a9305db', 'd8584d33549f83ce37835d3b25a16b49'}, 'count': 2}]"
104.106.249.194,0xdbd31,Cdofvaw40YIZdHWfh,SF,4.710234,333,785,43396,9,tcp,3398,3770,443,7,ssl,2017-07-07T19:13:44.134251Z,192.168.10.16,0,0,0,1,0,[],[],[],[],[],[],[],['TLSv12'],['TLS_ECDHE_RSA_WITH_AES_256_GCM_SHA384'],[None],[None],[],[],[],[],[],"[{'ssl.version': 'TLSv12', 'ssl.curve': None, 'ssl.cipher': 'TLS_ECDHE_RSA_WITH_AES_256_GCM_SHA384', 'ssl.validation_status': None, 'count': 1}]",[]
104.106.249.194,0x19f4d3,ClYehP1fDmF8gzxg0a,SF,4.711262,333,837,43392,10,tcp,3398,3770,443,7,ssl,2017-07-07T19:13:44.133658Z,192.168.10.16,0,0,0,1,2,[],[],[],[],[],[],[],['TLSv12'],['TLS_ECDHE_RSA_WITH_AES_256_GCM_SHA384'],[None],[None],['SSL'],"['36a4b6859fd764e787ee42fd3a9305db', 'd8584d33549f83ce37835d3b25a16b49']",[],[],[],"[{'ssl.version': 'TLSv12', 'ssl.curve': None, 'ssl.cipher': 'TLS_ECDHE_RSA_WITH_AES_256_GCM_SHA384', 'ssl.validation_status': None, 'count': 1}]","[{'files.source': 'SSL', 'file.md5s': {'36a4b6859fd764e787ee42fd3a9305db', 'd8584d33549f83ce37835d3b25a16b49'}, 'count': 2}]"
104.106.249.194,0x2934a3,CbQV2RUVhAosnEyG2,SF,4.710135,2545,4661,43398,41,tcp,66145,68129,443,38,ssl,2017-07-07T19:13:44.134306Z,192.168.10.16,0,0,0,1,0,[],[],[],[],[],[],[],[''],[''],[None],[None],[],[],[],[],[],"[{'ssl.version': '', 'ssl.curve': None, 'ssl.cipher': '', 'ssl.validation_status': None, 'count': 1}]",[]
