originated_ip,uid,connection.uid,connection.conn_state,connection.duration,connection.orig_bytes,connection.orig_ip_bytes,connection.orig_p,connection.orig_pkts,connection.proto,connection.resp_bytes,connection.resp_ip_bytes,connection.resp_p,connection.resp_pkts,connection.service,connection.ts,responded_ip,dns_count,ssh_count,http_count,ssl_count,files_count,dns_qtype,dns_rcode,ssh_auth_attempts,ssh_host_key,http_method,http_status_code,http_user_agent,ssl_version,ssl_cipher,ssl_curve,ssl_validation_status,files_source,file_md5,dns_dicts,ssh_dicts,http_dicts,ssl_dicts,files_dicts
101.201.103.96,0x10f15f,CLIZVT14tKRlfypdKk,REJ,0.349852,0,60,41702,1,tcp,0,40,443,1,,2017-07-07T19:13:34.436725Z,192.168.10.12,0,0,0,0,0,,,,,,,,,,,,,,,,,,
101.201.103.96,0x1d2707,CgDekJ3H5BbUJnrLa5,REJ,0.365686,0,60,41706,1,tcp,0,40,443,1,,2017-07-07T19:13:34.686924Z,192.168.10.12,0,0,0,0,0,,,,,,,,,,,,,,,,,,
101.201.103.96,0x1d2721,CiIp7J2ediGMy825hh,REJ,0.350066,0,60,41698,1,tcp,0,40,443,1,,2017-07-07T19:13:34.086198Z,192.168.10.12,0,0,0,0,0,,,,,,,,,,,,,,,,,,
101.201.103.96,0x24c844,C8NsU73kivMmR3mFP3,REJ,0.358415,0,60,41728,1,tcp,0,40,443,1,,2017-07-07T19:13:35.052818Z,192.168.10.12,0,0,0,0,0,,,,,,,,,,,,,,,,,,
