originated_ip,uid,connection.uid,connection.conn_state,connection.duration,connection.orig_bytes,connection.orig_ip_bytes,connection.orig_p,connection.orig_pkts,connection.proto,connection.resp_bytes,connection.resp_ip_bytes,connection.resp_p,connection.resp_pkts,connection.service,connection.ts,responded_ip,dns_count,ssh_count,http_count,ssl_count,files_count,dns_qtype,dns_rcode,ssh_auth_attempts,ssh_host_key,http_method,http_status_code,http_user_agent,ssl_version,ssl_cipher,ssl_curve,ssl_validation_status,files_source,file_md5,dns_dicts,ssh_dicts,http_dicts,ssl_dicts,files_dicts
178.248.238.8,0xdbf4b,CAivL41fn1b5DZH95g,SF,26.56452,9797,10490,58521,17,tcp,4370,5054,443,17,ssl,2017-07-07T19:22:59.35501Z,192.168.10.14,0,0,0,1,2,[],[],[],[],[],[],[],['TLSv12'],['TLS_ECDHE_RSA_WITH_AES_128_GCM_SHA256'],[None],[None],['SSL'],"['23bb075facfbfb026935b31fb6ee063b', '426952b18e31cf8cbb898e0508a5ca4b']",[],[],[],"[{'ssl.version': 'TLSv12', 'ssl.curve': None, 'ssl.cipher': 'TLS_ECDHE_RSA_WITH_AES_128_GCM_SHA256', 'ssl.validation_status': None, 'count': 1}]","[{'files.source': 'SSL', 'file.md5s': {'23bb075facfbfb026935b31fb6ee063b', '426952b18e31cf8cbb898e0508a5ca4b'}, 'count': 2}]"
178.248.238.8,0x1d016e,CHDElE478XFTy9Y91a,SF,75.855169,1604,2343,58519,18,tcp,4535,5179,443,16,ssl,2017-07-07T19:22:59.354675Z,192.168.10.14,0,0,0,1,2,[],[],[],[],[],[],[],['TLSv12'],['TLS_ECDHE_RSA_WITH_AES_128_GCM_SHA256'],[None],[None],['SSL'],"['23bb075facfbfb026935b31fb6ee063b', '426952b18e31cf8cbb898e0508a5ca4b']",[],[],[],"[{'ssl.version': 'TLSv12', 'ssl.curve': None, 'ssl.cipher': 'TLS_ECDHE_RSA_WITH_AES_128_GCM_SHA256', 'ssl.validation_status': None, 'count': 1}]","[{'files.source': 'SSL', 'file.md5s': {'23bb075facfbfb026935b31fb6ee063b', '426952b18e31cf8cbb898e0508a5ca4b'}, 'count': 2}]"
178.248.238.8,0x1d0170,CMjffz2wOTP6gWvYMd,SF,35.565626,28736,29589,58522,21,tcp,4853,6017,443,29,ssl,2017-07-07T19:22:59.355093Z,192.168.10.14,0,0,0,1,2,[],[],[],[],[],[],[],['TLSv12'],['TLS_ECDHE_RSA_WITH_AES_128_GCM_SHA256'],[None],[None],['SSL'],"['23bb075facfbfb026935b31fb6ee063b', '426952b18e31cf8cbb898e0508a5ca4b']",[],[],[],"[{'ssl.version': 'TLSv12', 'ssl.curve': None, 'ssl.cipher': 'TLS_ECDHE_RSA_WITH_AES_128_GCM_SHA256', 'ssl.validation_status': None, 'count': 1}]","[{'files.source': 'SSL', 'file.md5s': {'23bb075facfbfb026935b31fb6ee063b', '426952b18e31cf8cbb898e0508a5ca4b'}, 'count': 2}]"
178.248.238.8,0x29366f,CFrF3ck9J6Som4aB3,SF,18.560383,2163,2656,58520,12,tcp,3430,3834,443,10,ssl,2017-07-07T19:22:59.354892Z,192.168.10.14,0,0,0,1,0,[],[],[],[],[],[],[],['TLSv12'],['TLS_ECDHE_RSA_WITH_AES_128_GCM_SHA256'],[None],[None],[],[],[],[],[],"[{'ssl.version': 'TLSv12', 'ssl.curve': None, 'ssl.cipher': 'TLS_ECDHE_RSA_WITH_AES_128_GCM_SHA256', 'ssl.validation_status': None, 'count': 1}]",[]
