originated_ip,uid,connection.uid,connection.conn_state,connection.duration,connection.orig_bytes,connection.orig_ip_bytes,connection.orig_p,connection.orig_pkts,connection.proto,connection.resp_bytes,connection.resp_ip_bytes,connection.resp_p,connection.resp_pkts,connection.service,connection.ts,responded_ip,dns_count,ssh_count,http_count,ssl_count,files_count,dns_qtype,dns_rcode,ssh_auth_attempts,ssh_host_key,http_method,http_status_code,http_user_agent,ssl_version,ssl_cipher,ssl_curve,ssl_validation_status,files_source,file_md5,dns_dicts,ssh_dicts,http_dicts,ssl_dicts,files_dicts
199.38.165.28,0x189f9,CqZmaT1Ue85Fz4mEGh,RSTR,11.041905,1245,1590,9815,8,tcp,3330,4399,443,10,ssl,2017-07-07T19:16:07.174965Z,192.168.10.9,0,0,0,1,2,[],[],[],[],[],[],[],['TLSv12'],['TLS_RSA_WITH_AES_128_CBC_SHA'],[None],[None],['SSL'],"['345eff15b7a49add451b65a7f4bdc6ae', '7c1365118771e609b36f9595f774e3ba']",[],[],[],"[{'ssl.version': 'TLSv12', 'ssl.curve': None, 'ssl.cipher': 'TLS_RSA_WITH_AES_128_CBC_SHA', 'ssl.validation_status': None, 'count': 1}]","[{'files.source': 'SSL', 'file.md5s': {'345eff15b7a49add451b65a7f4bdc6ae', '7c1365118771e609b36f9595f774e3ba'}, 'count': 2}]"
199.38.165.28,0xab1b2,Cqv9Rb4tp8OIkhj7sa,RSTR,11.033811,1261,1606,9816,8,tcp,3234,4287,443,12,ssl,2017-07-07T19:16:07.175199Z,192.168.10.9,0,0,0,1,2,[],[],[],[],[],[],[],['TLSv12'],['TLS_RSA_WITH_AES_128_CBC_SHA'],[None],[None],['SSL'],"['345eff15b7a49add451b65a7f4bdc6ae', '7c1365118771e609b36f9595f774e3ba']",[],[],[],"[{'ssl.version': 'TLSv12', 'ssl.curve': None, 'ssl.cipher': 'TLS_RSA_WITH_AES_128_CBC_SHA', 'ssl.validation_status': None, 'count': 1}]","[{'files.source': 'SSL', 'file.md5s': {'345eff15b7a49add451b65a7f4bdc6ae', '7c1365118771e609b36f9595f774e3ba'}, 'count': 2}]"
199.38.165.28,0xdbef3,CDtIi71S8NBTVtuesl,RSTR,11.037269,1245,1630,9811,9,tcp,3378,3957,443,12,ssl,2017-07-07T19:16:07.123471Z,192.168.10.9,0,0,0,1,0,[],[],[],[],[],[],[],['TLSv12'],['TLS_RSA_WITH_AES_128_CBC_SHA'],[None],[None],[],[],[],[],[],"[{'ssl.version': 'TLSv12', 'ssl.curve': None, 'ssl.cipher': 'TLS_RSA_WITH_AES_128_CBC_SHA', 'ssl.validation_status': None, 'count': 1}]",[]
199.38.165.28,0x1b7a73,Chi7mk4Aa5g1Fvify8,RSTR,11.033174,1261,1658,9812,9,tcp,3234,4322,443,11,ssl,2017-07-07T19:16:07.123597Z,192.168.10.9,0,0,0,1,2,[],[],[],[],[],[],[],['TLSv12'],['TLS_RSA_WITH_AES_128_CBC_SHA'],[None],[None],['SSL'],"['345eff15b7a49add451b65a7f4bdc6ae', '7c1365118771e609b36f9595f774e3ba']",[],[],[],"[{'ssl.version': 'TLSv12', 'ssl.curve': None, 'ssl.cipher': 'TLS_RSA_WITH_AES_128_CBC_SHA', 'ssl.validation_status': None, 'count': 1}]","[{'files.source': 'SSL', 'file.md5s': {'345eff15b7a49add451b65a7f4bdc6ae', '7c1365118771e609b36f9595f774e3ba'}, 'count': 2}]"
