originated_ip,uid,connection.uid,connection.conn_state,connection.duration,connection.orig_bytes,connection.orig_ip_bytes,connection.orig_p,connection.orig_pkts,connection.proto,connection.resp_bytes,connection.resp_ip_bytes,connection.resp_p,connection.resp_pkts,connection.service,connection.ts,responded_ip,dns_count,ssh_count,http_count,ssl_count,files_count,dns_qtype,dns_rcode,ssh_auth_attempts,ssh_host_key,http_method,http_status_code,http_user_agent,ssl_version,ssl_cipher,ssl_curve,ssl_validation_status,files_source,file_md5,dns_dicts,ssh_dicts,http_dicts,ssl_dicts,files_dicts
101.69.185.208,0x61e54,CXZ8EB1PuYtCgRNn39,SF,0.985894,534,1114,51784,14,tcp,3589,4039,443,10,ssl,2017-07-07T19:19:42.654993Z,192.168.10.16,0,0,0,1,2,[],[],[],[],[],[],[],['TLSv12'],['TLS_ECDHE_RSA_WITH_AES_128_GCM_SHA256'],[None],[None],['SSL'],"['7b5a8d926a0bede3c49f46406fe5a225', '36a4b6859fd764e787ee42fd3a9305db']",[],[],[],"[{'ssl.version': 'TLSv12', 'ssl.curve': None, 'ssl.cipher': 'TLS_ECDHE_RSA_WITH_AES_128_GCM_SHA256', 'ssl.validation_status': None, 'count': 1}]","[{'files.source': 'SSL', 'file.md5s': {'7b5a8d926a0bede3c49f46406fe5a225', '36a4b6859fd764e787ee42fd3a9305db'}, 'count': 2}]"
101.69.185.208,0xc38f1,CYzp65CEgXzkSl6Si,SF,0.985881,534,1114,51782,14,tcp,3589,4039,443,10,ssl,2017-07-07T19:19:42.654969Z,192.168.10.16,0,0,0,1,2,[],[],[],[],[],[],[],['TLSv12'],['TLS_ECDHE_RSA_WITH_AES_128_GCM_SHA256'],[None],[None],['SSL'],"['7b5a8d926a0bede3c49f46406fe5a225', '36a4b6859fd764e787ee42fd3a9305db']",[],[],[],"[{'ssl.version': 'TLSv12', 'ssl.curve': None, 'ssl.cipher': 'TLS_ECDHE_RSA_WITH_AES_128_GCM_SHA256', 'ssl.validation_status': None, 'count': 1}]","[{'files.source': 'SSL', 'file.md5s': {'7b5a8d926a0bede3c49f46406fe5a225', '36a4b6859fd764e787ee42fd3a9305db'}, 'count': 2}]"
101.69.185.208,0x16e765,CY5ji44Gj6eVDIZAG8,SF,1.108888,534,1074,51778,13,tcp,3589,3921,443,8,ssl,2017-07-07T19:19:42.65482Z,192.168.10.16,0,0,0,1,2,[],[],[],[],[],[],[],['TLSv12'],['TLS_ECDHE_RSA_WITH_AES_128_GCM_SHA256'],[None],[None],['SSL'],"['7b5a8d926a0bede3c49f46406fe5a225', '36a4b6859fd764e787ee42fd3a9305db']",[],[],[],"[{'ssl.version': 'TLSv12', 'ssl.curve': None, 'ssl.cipher': 'TLS_ECDHE_RSA_WITH_AES_128_GCM_SHA256', 'ssl.validation_status': None, 'count': 1}]","[{'files.source': 'SSL', 'file.md5s': {'7b5a8d926a0bede3c49f46406fe5a225', '36a4b6859fd764e787ee42fd3a9305db'}, 'count': 2}]"
101.69.185.208,0x2c43da,Cew0h12HYmEwV1XZy6,SF,0.943898,534,1034,51780,12,tcp,3589,3921,443,8,ssl,2017-07-07T19:19:42.654907Z,192.168.10.16,0,0,0,1,2,[],[],[],[],[],[],[],['TLSv12'],['TLS_ECDHE_RSA_WITH_AES_128_GCM_SHA256'],[None],[None],['SSL'],"['7b5a8d926a0bede3c49f46406fe5a225', '36a4b6859fd764e787ee42fd3a9305db']",[],[],[],"[{'ssl.version': 'TLSv12', 'ssl.curve': None, 'ssl.cipher': 'TLS_ECDHE_RSA_WITH_AES_128_GCM_SHA256', 'ssl.validation_status': None, 'count': 1}]","[{'files.source': 'SSL', 'file.md5s': {'7b5a8d926a0bede3c49f46406fe5a225', '36a4b6859fd764e787ee42fd3a9305db'}, 'count': 2}]"
