originated_ip,uid,connection.uid,connection.conn_state,connection.duration,connection.orig_bytes,connection.orig_ip_bytes,connection.orig_p,connection.orig_pkts,connection.proto,connection.resp_bytes,connection.resp_ip_bytes,connection.resp_p,connection.resp_pkts,connection.service,connection.ts,responded_ip,dns_count,ssh_count,http_count,ssl_count,files_count,dns_qtype,dns_rcode,ssh_auth_attempts,ssh_host_key,http_method,http_status_code,http_user_agent,ssl_version,ssl_cipher,ssl_curve,ssl_validation_status,files_source,file_md5,dns_dicts,ssh_dicts,http_dicts,ssl_dicts,files_dicts
202.55.225.134,0x310f4,C66u4c2TvddpYDXfx4,SF,4.049808,320,692,58576,9,tcp,6106,6478,443,9,ssl,2017-07-07T19:23:04.82359Z,192.168.10.14,0,0,0,1,4,[],[],[],[],[],[],[],['TLSv12'],['TLS_ECDHE_RSA_WITH_AES_256_GCM_SHA384'],[None],[None],['SSL'],"['1edaf9ae99ce2920667d0e9a8b3f8c9c', '1d3554048578b03f42424dbf20730a3f', '59211541b0372206f6b8087f7dcb78c8', '83e10465b722ef33ff0b6f535e8d996b']",[],[],[],"[{'ssl.version': 'TLSv12', 'ssl.curve': None, 'ssl.cipher': 'TLS_ECDHE_RSA_WITH_AES_256_GCM_SHA384', 'ssl.validation_status': None, 'count': 1}]","[{'files.source': 'SSL', 'file.md5s': {'1edaf9ae99ce2920667d0e9a8b3f8c9c', '1d3554048578b03f42424dbf20730a3f', '59211541b0372206f6b8087f7dcb78c8', '83e10465b722ef33ff0b6f535e8d996b'}, 'count': 4}]"
202.55.225.134,0x497c7,C8waap4A29mHckVlv9,SF,3.939447,320,652,10001,8,tcp,6106,6478,443,9,ssl,2017-07-07T19:23:54.227362Z,192.168.10.9,0,0,0,1,4,[],[],[],[],[],[],[],['TLSv12'],['TLS_ECDHE_RSA_WITH_AES_256_GCM_SHA384'],[None],[None],['SSL'],"['83e10465b722ef33ff0b6f535e8d996b', '59211541b0372206f6b8087f7dcb78c8', '1edaf9ae99ce2920667d0e9a8b3f8c9c', '1d3554048578b03f42424dbf20730a3f']",[],[],[],"[{'ssl.version': 'TLSv12', 'ssl.curve': None, 'ssl.cipher': 'TLS_ECDHE_RSA_WITH_AES_256_GCM_SHA384', 'ssl.validation_status': None, 'count': 1}]","[{'files.source': 'SSL', 'file.md5s': {'83e10465b722ef33ff0b6f535e8d996b', '59211541b0372206f6b8087f7dcb78c8', '1edaf9ae99ce2920667d0e9a8b3f8c9c', '1d3554048578b03f42424dbf20730a3f'}, 'count': 4}]"
202.55.225.134,0x16e755,CKqSC7r6RItJOWWO,SF,0.982359,684,1016,9997,8,tcp,6614,6986,443,9,ssl,2017-07-07T19:23:54.198071Z,192.168.10.9,0,0,0,1,4,[],[],[],[],[],[],[],['TLSv12'],['TLS_ECDHE_RSA_WITH_AES_256_GCM_SHA384'],[None],[None],['SSL'],"['1edaf9ae99ce2920667d0e9a8b3f8c9c', '1d3554048578b03f42424dbf20730a3f', '59211541b0372206f6b8087f7dcb78c8', '83e10465b722ef33ff0b6f535e8d996b']",[],[],[],"[{'ssl.version': 'TLSv12', 'ssl.curve': None, 'ssl.cipher': 'TLS_ECDHE_RSA_WITH_AES_256_GCM_SHA384', 'ssl.validation_status': None, 'count': 1}]","[{'files.source': 'SSL', 'file.md5s': {'1edaf9ae99ce2920667d0e9a8b3f8c9c', '1d3554048578b03f42424dbf20730a3f', '59211541b0372206f6b8087f7dcb78c8', '83e10465b722ef33ff0b6f535e8d996b'}, 'count': 4}]"
202.55.225.134,0x2f512e,CzrEJr204mrrP4yf9k,SF,1.129981,834,1246,58567,10,tcp,6815,7147,443,8,ssl,2017-07-07T19:23:04.73957Z,192.168.10.14,0,0,0,1,4,[],[],[],[],[],[],[],['TLSv12'],['TLS_ECDHE_RSA_WITH_AES_256_GCM_SHA384'],[None],[None],['SSL'],"['1edaf9ae99ce2920667d0e9a8b3f8c9c', '1d3554048578b03f42424dbf20730a3f', '59211541b0372206f6b8087f7dcb78c8', '83e10465b722ef33ff0b6f535e8d996b']",[],[],[],"[{'ssl.version': 'TLSv12', 'ssl.curve': None, 'ssl.cipher': 'TLS_ECDHE_RSA_WITH_AES_256_GCM_SHA384', 'ssl.validation_status': None, 'count': 1}]","[{'files.source': 'SSL', 'file.md5s': {'1edaf9ae99ce2920667d0e9a8b3f8c9c', '1d3554048578b03f42424dbf20730a3f', '59211541b0372206f6b8087f7dcb78c8', '83e10465b722ef33ff0b6f535e8d996b'}, 'count': 4}]"
