originated_ip,uid,connection.uid,connection.conn_state,connection.duration,connection.orig_bytes,connection.orig_ip_bytes,connection.orig_p,connection.orig_pkts,connection.proto,connection.resp_bytes,connection.resp_ip_bytes,connection.resp_p,connection.resp_pkts,connection.service,connection.ts,responded_ip,dns_count,ssh_count,http_count,ssl_count,files_count,dns_qtype,dns_rcode,ssh_auth_attempts,ssh_host_key,http_method,http_status_code,http_user_agent,ssl_version,ssl_cipher,ssl_curve,ssl_validation_status,files_source,file_md5,dns_dicts,ssh_dicts,http_dicts,ssl_dicts,files_dicts
199.59.148.23,0x16e59e,CcmH4q3F3m3UeeWcAj,SF,180.975151,1361,2253,58103,22,tcp,4792,5564,443,19,ssl,2017-07-07T19:05:00.793713Z,192.168.10.14,0,0,0,1,2,[],[],[],[],[],[],[],['TLSv12'],['TLS_ECDHE_RSA_WITH_AES_128_GCM_SHA256'],[None],[None],['SSL'],"['aaee5cf8b0d8596d2e0cbe67421cf7db', 'f1cc95b5046050bf4ff1b05bedeb499c']",[],[],[],"[{'ssl.version': 'TLSv12', 'ssl.curve': None, 'ssl.cipher': 'TLS_ECDHE_RSA_WITH_AES_128_GCM_SHA256', 'ssl.validation_status': None, 'count': 1}]","[{'files.source': 'SSL', 'file.md5s': {'aaee5cf8b0d8596d2e0cbe67421cf7db', 'f1cc95b5046050bf4ff1b05bedeb499c'}, 'count': 2}]"
199.59.148.23,0x293514,CUiFhNIYTGNylZQW1,SF,180.895673,1354,2206,56157,21,tcp,4792,5644,443,21,ssl,2017-07-07T19:05:28.417234Z,192.168.10.5,0,0,0,1,2,[],[],[],[],[],[],[],['TLSv12'],['TLS_ECDHE_RSA_WITH_AES_128_GCM_SHA256'],[None],[None],['SSL'],"['aaee5cf8b0d8596d2e0cbe67421cf7db', 'f1cc95b5046050bf4ff1b05bedeb499c']",[],[],[],"[{'ssl.version': 'TLSv12', 'ssl.curve': None, 'ssl.cipher': 'TLS_ECDHE_RSA_WITH_AES_128_GCM_SHA256', 'ssl.validation_status': None, 'count': 1}]","[{'files.source': 'SSL', 'file.md5s': {'aaee5cf8b0d8596d2e0cbe67421cf7db', 'f1cc95b5046050bf4ff1b05bedeb499c'}, 'count': 2}]"
199.59.148.23,0x2dc73f,CPY72GOXmM2U1VWS5,SF,181.97517,4254,5590,33166,26,tcp,4745,5689,443,18,ssl,2017-07-07T18:57:09.950709Z,192.168.10.19,0,0,0,1,0,[],[],[],[],[],[],[],['TLSv12'],['TLS_ECDHE_RSA_WITH_AES_128_GCM_SHA256'],[None],[None],[],[],[],[],[],"[{'ssl.version': 'TLSv12', 'ssl.curve': None, 'ssl.cipher': 'TLS_ECDHE_RSA_WITH_AES_128_GCM_SHA256', 'ssl.validation_status': None, 'count': 1}]",[]
199.59.148.23,0x2f4dde,Cy0w8V19rmHA3o3dw2,SF,0.251155,517,813,33194,6,tcp,137,353,443,4,ssl,2017-07-07T19:01:10.856855Z,192.168.10.19,0,0,0,1,0,[],[],[],[],[],[],[],['TLSv12'],['TLS_ECDHE_RSA_WITH_AES_128_GCM_SHA256'],[None],[None],[],[],[],[],[],"[{'ssl.version': 'TLSv12', 'ssl.curve': None, 'ssl.cipher': 'TLS_ECDHE_RSA_WITH_AES_128_GCM_SHA256', 'ssl.validation_status': None, 'count': 1}]",[]
