originated_ip,uid,connection.uid,connection.conn_state,connection.duration,connection.orig_bytes,connection.orig_ip_bytes,connection.orig_p,connection.orig_pkts,connection.proto,connection.resp_bytes,connection.resp_ip_bytes,connection.resp_p,connection.resp_pkts,connection.service,connection.ts,responded_ip,dns_count,ssh_count,http_count,ssl_count,files_count,dns_qtype,dns_rcode,ssh_auth_attempts,ssh_host_key,http_method,http_status_code,http_user_agent,ssl_version,ssl_cipher,ssl_curve,ssl_validation_status,files_source,file_md5,dns_dicts,ssh_dicts,http_dicts,ssl_dicts,files_dicts
108.161.188.192,0xf445c,Cvtu8h3HZebYrlDUdi,SF,14.114737,836,1368,59126,13,tcp,5315,5887,443,14,ssl,2017-07-07T19:06:58.984867Z,192.168.10.15,0,0,0,1,3,[],[],[],[],[],[],[],['TLSv12'],['TLS_ECDHE_RSA_WITH_AES_128_GCM_SHA256'],[None],[None],['SSL'],"['db78cbd190952735d940bc80ac2432c0', '1a9a69a81f6da92d87f7694e16d8b879', '7ac669987eb2b934f8825d605f89e4ab']",[],[],[],"[{'ssl.version': 'TLSv12', 'ssl.curve': None, 'ssl.cipher': 'TLS_ECDHE_RSA_WITH_AES_128_GCM_SHA256', 'ssl.validation_status': None, 'count': 1}]","[{'files.source': 'SSL', 'file.md5s': {'db78cbd190952735d940bc80ac2432c0', '1a9a69a81f6da92d87f7694e16d8b879', '7ac669987eb2b934f8825d605f89e4ab'}, 'count': 3}]"
108.161.188.192,0x155ff3,CiWc3DvlVAR36tgLh,RSTO,168.029608,882,1494,59352,15,tcp,6190,6682,443,12,ssl,2017-07-07T19:12:07.390068Z,192.168.10.15,0,0,0,1,3,[],[],[],[],[],[],[],['TLSv12'],['TLS_ECDHE_RSA_WITH_AES_128_GCM_SHA256'],[None],[None],['SSL'],"['db78cbd190952735d940bc80ac2432c0', '1a9a69a81f6da92d87f7694e16d8b879', '7ac669987eb2b934f8825d605f89e4ab']",[],[],[],"[{'ssl.version': 'TLSv12', 'ssl.curve': None, 'ssl.cipher': 'TLS_ECDHE_RSA_WITH_AES_128_GCM_SHA256', 'ssl.validation_status': None, 'count': 1}]","[{'files.source': 'SSL', 'file.md5s': {'db78cbd190952735d940bc80ac2432c0', '1a9a69a81f6da92d87f7694e16d8b879', '7ac669987eb2b934f8825d605f89e4ab'}, 'count': 3}]"
108.161.188.192,0x293388,CpGiUc3EGNbzX396Tj,SF,89.679285,882,1586,59055,17,tcp,6192,7066,443,15,ssl,2017-07-07T19:01:49.050702Z,192.168.10.15,0,0,0,1,3,[],[],[],[],[],[],[],['TLSv12'],['TLS_ECDHE_RSA_WITH_AES_128_GCM_SHA256'],[None],[None],['SSL'],"['db78cbd190952735d940bc80ac2432c0', '1a9a69a81f6da92d87f7694e16d8b879', '7ac669987eb2b934f8825d605f89e4ab']",[],[],[],"[{'ssl.version': 'TLSv12', 'ssl.curve': None, 'ssl.cipher': 'TLS_ECDHE_RSA_WITH_AES_128_GCM_SHA256', 'ssl.validation_status': None, 'count': 1}]","[{'files.source': 'SSL', 'file.md5s': {'db78cbd190952735d940bc80ac2432c0', '1a9a69a81f6da92d87f7694e16d8b879', '7ac669987eb2b934f8825d605f89e4ab'}, 'count': 3}]"
108.161.188.192,0x2c40dc,C80y6I2VNK60wkXPE6,SF,149.576438,928,1660,58584,18,tcp,5431,6083,443,16,ssl,2017-07-07T18:56:39.602751Z,192.168.10.15,0,0,0,1,3,[],[],[],[],[],[],[],['TLSv12'],['TLS_ECDHE_RSA_WITH_AES_128_GCM_SHA256'],[None],[None],['SSL'],"['db78cbd190952735d940bc80ac2432c0', '1a9a69a81f6da92d87f7694e16d8b879', '7ac669987eb2b934f8825d605f89e4ab']",[],[],[],"[{'ssl.version': 'TLSv12', 'ssl.curve': None, 'ssl.cipher': 'TLS_ECDHE_RSA_WITH_AES_128_GCM_SHA256', 'ssl.validation_status': None, 'count': 1}]","[{'files.source': 'SSL', 'file.md5s': {'db78cbd190952735d940bc80ac2432c0', '1a9a69a81f6da92d87f7694e16d8b879', '7ac669987eb2b934f8825d605f89e4ab'}, 'count': 3}]"
