originated_ip,uid,connection.uid,connection.conn_state,connection.duration,connection.orig_bytes,connection.orig_ip_bytes,connection.orig_p,connection.orig_pkts,connection.proto,connection.resp_bytes,connection.resp_ip_bytes,connection.resp_p,connection.resp_pkts,connection.service,connection.ts,responded_ip,dns_count,ssh_count,http_count,ssl_count,files_count,dns_qtype,dns_rcode,ssh_auth_attempts,ssh_host_key,http_method,http_status_code,http_user_agent,ssl_version,ssl_cipher,ssl_curve,ssl_validation_status,files_source,file_md5,dns_dicts,ssh_dicts,http_dicts,ssl_dicts,files_dicts
198.100.147.178,0x1ac48,C1u9R5b0aRSOAj4Qe,SF,0.01703,48,76,123,1,udp,48,76,123,1,ntp,2017-07-07T19:12:07.158487Z,192.168.10.17,0,0,0,0,0,,,,,,,,,,,,,,,,,,
198.100.147.178,0x7c42c,Cb9fz24RMQkepDLih2,SF,0.016834,48,76,123,1,udp,48,76,123,1,ntp,2017-07-07T19:08:27.519304Z,192.168.10.19,0,0,0,0,0,,,,,,,,,,,,,,,,,,
198.100.147.178,0x20294f,CdpCzob61szPM4RT3,SF,0.017045,48,76,123,1,udp,48,76,123,1,ntp,2017-07-07T19:04:18.457256Z,192.168.10.50,0,0,0,0,0,,,,,,,,,,,,,,,,,,
198.100.147.178,0x264faa,CWYueB2DUBWhTUwtHb,S0,0.0,0,76,123,1,udp,0,0,123,0,ntp,2017-07-07T19:22:20.457352Z,192.168.10.50,0,0,0,0,0,,,,,,,,,,,,,,,,,,
