originated_ip,uid,connection.uid,connection.conn_state,connection.duration,connection.orig_bytes,connection.orig_ip_bytes,connection.orig_p,connection.orig_pkts,connection.proto,connection.resp_bytes,connection.resp_ip_bytes,connection.resp_p,connection.resp_pkts,connection.service,connection.ts,responded_ip,dns_count,ssh_count,http_count,ssl_count,files_count,dns_qtype,dns_rcode,ssh_auth_attempts,ssh_host_key,http_method,http_status_code,http_user_agent,ssl_version,ssl_cipher,ssl_curve,ssl_validation_status,files_source,file_md5,dns_dicts,ssh_dicts,http_dicts,ssl_dicts,files_dicts
157.240.18.5,0x1560ee,CR4Hbo4oQo8lhA6sAl,SF,0.366906,496,1036,46862,10,tcp,4090,4722,443,12,ssl,2017-07-07T19:19:46.192745Z,192.168.10.16,0,0,0,1,0,[],[],[],[],[],[],[],['TLSv12'],['TLS_ECDHE_RSA_WITH_AES_128_GCM_SHA256'],[None],[None],[],[],[],[],[],"[{'ssl.version': 'TLSv12', 'ssl.curve': None, 'ssl.cipher': 'TLS_ECDHE_RSA_WITH_AES_128_GCM_SHA256', 'ssl.validation_status': None, 'count': 1}]",[]
157.240.18.5,0x16e766,CjjnRa4JBuo9A60VOh,SF,181.325946,12033,16333,46850,83,tcp,142746,148075,443,101,ssl,2017-07-07T19:19:45.66893Z,192.168.10.16,0,0,0,1,2,[],[],[],[],[],[],[],['TLSv12'],['TLS_ECDHE_RSA_WITH_AES_128_GCM_SHA256'],[None],[None],['SSL'],"['aaee5cf8b0d8596d2e0cbe67421cf7db', '98c9dcca1a2bbd92a1704c58802890aa']",[],[],[],"[{'ssl.version': 'TLSv12', 'ssl.curve': None, 'ssl.cipher': 'TLS_ECDHE_RSA_WITH_AES_128_GCM_SHA256', 'ssl.validation_status': None, 'count': 1}]","[{'files.source': 'SSL', 'file.md5s': {'aaee5cf8b0d8596d2e0cbe67421cf7db', '98c9dcca1a2bbd92a1704c58802890aa'}, 'count': 2}]"
157.240.18.5,0x2c43dd,CxBTmOBub9iwKMREd,SF,0.314177,2482,3610,46852,22,tcp,7885,8898,443,18,ssl,2017-07-07T19:19:45.668957Z,192.168.10.16,0,0,0,1,2,[],[],[],[],[],[],[],['TLSv12'],['TLS_ECDHE_RSA_WITH_AES_128_GCM_SHA256'],[None],[None],['SSL'],"['aaee5cf8b0d8596d2e0cbe67421cf7db', '98c9dcca1a2bbd92a1704c58802890aa']",[],[],[],"[{'ssl.version': 'TLSv12', 'ssl.curve': None, 'ssl.cipher': 'TLS_ECDHE_RSA_WITH_AES_128_GCM_SHA256', 'ssl.validation_status': None, 'count': 1}]","[{'files.source': 'SSL', 'file.md5s': {'aaee5cf8b0d8596d2e0cbe67421cf7db', '98c9dcca1a2bbd92a1704c58802890aa'}, 'count': 2}]"
157.240.18.5,0x2dcac7,C4QEguHMWILbdavs2,SF,0.359001,496,1036,46864,10,tcp,4090,4722,443,12,ssl,2017-07-07T19:19:46.200448Z,192.168.10.16,0,0,0,1,0,[],[],[],[],[],[],[],['TLSv12'],['TLS_ECDHE_RSA_WITH_AES_128_GCM_SHA256'],[None],[None],[],[],[],[],[],"[{'ssl.version': 'TLSv12', 'ssl.curve': None, 'ssl.cipher': 'TLS_ECDHE_RSA_WITH_AES_128_GCM_SHA256', 'ssl.validation_status': None, 'count': 1}]",[]
