originated_ip,uid,connection.uid,connection.conn_state,connection.duration,connection.orig_bytes,connection.orig_ip_bytes,connection.orig_p,connection.orig_pkts,connection.proto,connection.resp_bytes,connection.resp_ip_bytes,connection.resp_p,connection.resp_pkts,connection.service,connection.ts,responded_ip,dns_count,ssh_count,http_count,ssl_count,files_count,dns_qtype,dns_rcode,ssh_auth_attempts,ssh_host_key,http_method,http_status_code,http_user_agent,ssl_version,ssl_cipher,ssl_curve,ssl_validation_status,files_source,file_md5,dns_dicts,ssh_dicts,http_dicts,ssl_dicts,files_dicts
130.211.5.178,0xc37d6,C7p7qr3r7VT8gQinZk,SF,0.679336,1342,2034,59274,17,tcp,7846,8578,443,18,ssl,2017-07-07T19:11:20.996375Z,192.168.10.15,0,0,0,1,4,[],[],[],[],[],[],[],['TLSv12'],['TLS_ECDHE_RSA_WITH_AES_128_GCM_SHA256'],[None],[None],['SSL'],"['83e10465b722ef33ff0b6f535e8d996b', '1edaf9ae99ce2920667d0e9a8b3f8c9c', '1d3554048578b03f42424dbf20730a3f', 'a59de9f62e9037497bbe067028fbd105']",[],[],[],"[{'ssl.version': 'TLSv12', 'ssl.curve': None, 'ssl.cipher': 'TLS_ECDHE_RSA_WITH_AES_128_GCM_SHA256', 'ssl.validation_status': None, 'count': 1}]","[{'files.source': 'SSL', 'file.md5s': {'83e10465b722ef33ff0b6f535e8d996b', '1edaf9ae99ce2920667d0e9a8b3f8c9c', '1d3554048578b03f42424dbf20730a3f', 'a59de9f62e9037497bbe067028fbd105'}, 'count': 4}]"
130.211.5.178,0xc3945,CUgXgl1VdnMIJfy3Q6,SF,0.259064,524,976,59713,11,tcp,6214,6626,443,10,ssl,2017-07-07T19:20:31.399442Z,192.168.10.15,0,0,0,1,4,[],[],[],[],[],[],[],['TLSv12'],['TLS_ECDHE_RSA_WITH_AES_128_GCM_SHA256'],[None],[None],['SSL'],"['1edaf9ae99ce2920667d0e9a8b3f8c9c', '1d3554048578b03f42424dbf20730a3f', '83e10465b722ef33ff0b6f535e8d996b', 'a59de9f62e9037497bbe067028fbd105']",[],[],[],"[{'ssl.version': 'TLSv12', 'ssl.curve': None, 'ssl.cipher': 'TLS_ECDHE_RSA_WITH_AES_128_GCM_SHA256', 'ssl.validation_status': None, 'count': 1}]","[{'files.source': 'SSL', 'file.md5s': {'1edaf9ae99ce2920667d0e9a8b3f8c9c', '1d3554048578b03f42424dbf20730a3f', '83e10465b722ef33ff0b6f535e8d996b', 'a59de9f62e9037497bbe067028fbd105'}, 'count': 4}]"
130.211.5.178,0x2935c6,Ck6QLt4dNnae9SXbR4,SF,181.0377,700,1472,59278,19,tcp,6352,7044,443,17,ssl,2017-07-07T19:11:21.058584Z,192.168.10.15,0,0,0,1,4,[],[],[],[],[],[],[],['TLSv12'],['TLS_ECDHE_RSA_WITH_AES_128_GCM_SHA256'],[None],[None],['SSL'],"['83e10465b722ef33ff0b6f535e8d996b', '1edaf9ae99ce2920667d0e9a8b3f8c9c', '1d3554048578b03f42424dbf20730a3f', 'a59de9f62e9037497bbe067028fbd105']",[],[],[],"[{'ssl.version': 'TLSv12', 'ssl.curve': None, 'ssl.cipher': 'TLS_ECDHE_RSA_WITH_AES_128_GCM_SHA256', 'ssl.validation_status': None, 'count': 1}]","[{'files.source': 'SSL', 'file.md5s': {'83e10465b722ef33ff0b6f535e8d996b', '1edaf9ae99ce2920667d0e9a8b3f8c9c', '1d3554048578b03f42424dbf20730a3f', 'a59de9f62e9037497bbe067028fbd105'}, 'count': 4}]"
130.211.5.178,0x2f51af,C9ry1d3DGRzZX4zOg3,SF,180.619826,1673,2685,59712,25,tcp,9756,10688,443,23,ssl,2017-07-07T19:20:31.389478Z,192.168.10.15,0,0,0,1,4,[],[],[],[],[],[],[],['TLSv12'],['TLS_ECDHE_RSA_WITH_AES_128_GCM_SHA256'],[None],[None],['SSL'],"['1edaf9ae99ce2920667d0e9a8b3f8c9c', '1d3554048578b03f42424dbf20730a3f', '83e10465b722ef33ff0b6f535e8d996b', 'a59de9f62e9037497bbe067028fbd105']",[],[],[],"[{'ssl.version': 'TLSv12', 'ssl.curve': None, 'ssl.cipher': 'TLS_ECDHE_RSA_WITH_AES_128_GCM_SHA256', 'ssl.validation_status': None, 'count': 1}]","[{'files.source': 'SSL', 'file.md5s': {'1edaf9ae99ce2920667d0e9a8b3f8c9c', '1d3554048578b03f42424dbf20730a3f', '83e10465b722ef33ff0b6f535e8d996b', 'a59de9f62e9037497bbe067028fbd105'}, 'count': 4}]"
