originated_ip,uid,connection.uid,connection.conn_state,connection.duration,connection.orig_bytes,connection.orig_ip_bytes,connection.orig_p,connection.orig_pkts,connection.proto,connection.resp_bytes,connection.resp_ip_bytes,connection.resp_p,connection.resp_pkts,connection.service,connection.ts,responded_ip,dns_count,ssh_count,http_count,ssl_count,files_count,dns_qtype,dns_rcode,ssh_auth_attempts,ssh_host_key,http_method,http_status_code,http_user_agent,ssl_version,ssl_cipher,ssl_curve,ssl_validation_status,files_source,file_md5,dns_dicts,ssh_dicts,http_dicts,ssl_dicts,files_dicts
184.172.43.156,0xad547,CjCq0WAl4lAn4obJ5,SF,3.127957,438,702,56298,6,tcp,834,1018,80,4,http,2017-07-07T19:14:34.786304Z,192.168.10.5,0,0,1,0,1,[],[],[],[],['GET'],[200],[None],[],[],[],[],['HTTP'],['31202e82c07d78c0e79dd64333988a4c'],[],[],"[{'http.user_agent': None, 'http.method': 'GET', 'http.status_code': 200, 'count': 1}]",[],"[{'files.source': 'HTTP', 'file.md5s': {'31202e82c07d78c0e79dd64333988a4c'}, 'count': 1}]"
184.172.43.156,0xde2dd,CA7V2j3IkIAhw06L9g,SF,0.147956,450,662,56295,5,tcp,834,1006,80,4,http,2017-07-07T19:14:34.781587Z,192.168.10.5,0,0,1,0,1,[],[],[],[],['GET'],[200],[None],[],[],[],[],['HTTP'],['31202e82c07d78c0e79dd64333988a4c'],[],[],"[{'http.user_agent': None, 'http.method': 'GET', 'http.status_code': 200, 'count': 1}]",[],"[{'files.source': 'HTTP', 'file.md5s': {'31202e82c07d78c0e79dd64333988a4c'}, 'count': 1}]"
184.172.43.156,0xf6913,CDIwrb1S6bLZTLZOi6,SF,0.146254,431,643,56296,5,tcp,834,1006,80,4,http,2017-07-07T19:14:34.781892Z,192.168.10.5,0,0,1,0,1,[],[],[],[],['GET'],[200],[None],[],[],[],[],['HTTP'],['31202e82c07d78c0e79dd64333988a4c'],[],[],"[{'http.user_agent': None, 'http.method': 'GET', 'http.status_code': 200, 'count': 1}]",[],"[{'files.source': 'HTTP', 'file.md5s': {'31202e82c07d78c0e79dd64333988a4c'}, 'count': 1}]"
184.172.43.156,0x2dedd9,CUpUD324ddAToGGjt7,SF,5.296509,0,172,56297,4,tcp,187,279,80,2,,2017-07-07T19:14:34.786252Z,192.168.10.5,0,0,1,0,1,[],[],[],[],[''],[400],[None],[],[],[],[],['HTTP'],['01f4771c47a56dbdf77642c80eb9b799'],[],[],"[{'http.user_agent': None, 'http.method': '', 'http.status_code': 400, 'count': 1}]",[],"[{'files.source': 'HTTP', 'file.md5s': {'01f4771c47a56dbdf77642c80eb9b799'}, 'count': 1}]"
