originated_ip,uid,connection.uid,connection.conn_state,connection.duration,connection.orig_bytes,connection.orig_ip_bytes,connection.orig_p,connection.orig_pkts,connection.proto,connection.resp_bytes,connection.resp_ip_bytes,connection.resp_p,connection.resp_pkts,connection.service,connection.ts,responded_ip,dns_count,ssh_count,http_count,ssl_count,files_count,dns_qtype,dns_rcode,ssh_auth_attempts,ssh_host_key,http_method,http_status_code,http_user_agent,ssl_version,ssl_cipher,ssl_curve,ssl_validation_status,files_source,file_md5,dns_dicts,ssh_dicts,http_dicts,ssl_dicts,files_dicts
198.50.139.209,0x18f81,C2fvXU3znEZpBMb716,SF,0.016424,48,76,123,1,udp,48,76,123,1,ntp,2017-07-07T18:56:39.798591Z,192.168.10.12,0,0,0,0,0,,,,,,,,,,,,,,,,,,
198.50.139.209,0x7ca66,CKReQ7495AG676nyqc,SF,0.016739,48,76,123,1,udp,48,76,123,1,ntp,2017-07-07T19:13:44.798954Z,192.168.10.12,0,0,0,0,0,,,,,,,,,,,,,,,,,,
198.50.139.209,0x1585c9,CbxIsJ1mGdor1MHDre,SF,0.016778,48,76,123,1,udp,48,76,123,1,ntp,2017-07-07T19:18:11.197556Z,192.168.10.16,0,0,0,0,0,,,,,,,,,,,,,,,,,,
198.50.139.209,0x1d0dcb,C5FfG5S0gd2V4x6Gd,SF,0.016513,48,76,123,1,udp,48,76,123,1,ntp,2017-07-07T19:00:07.19731Z,192.168.10.16,0,0,0,0,0,,,,,,,,,,,,,,,,,,
