originated_ip,uid,connection.uid,connection.conn_state,connection.duration,connection.orig_bytes,connection.orig_ip_bytes,connection.orig_p,connection.orig_pkts,connection.proto,connection.resp_bytes,connection.resp_ip_bytes,connection.resp_p,connection.resp_pkts,connection.service,connection.ts,responded_ip,dns_count,ssh_count,http_count,ssl_count,files_count,dns_qtype,dns_rcode,ssh_auth_attempts,ssh_host_key,http_method,http_status_code,http_user_agent,ssl_version,ssl_cipher,ssl_curve,ssl_validation_status,files_source,file_md5,dns_dicts,ssh_dicts,http_dicts,ssl_dicts,files_dicts
172.217.6.198,0xf44dc,CMlXbevTM6K5tceQ,RSTO,214.756661,2137,2949,59268,20,tcp,7793,8605,443,20,ssl,2017-07-07T19:11:20.66296Z,192.168.10.15,0,0,0,1,0,[],[],[],[],[],[],[],['TLSv12'],['TLS_ECDHE_RSA_WITH_AES_128_GCM_SHA256'],[None],[None],[],[],[],[],[],"[{'ssl.version': 'TLSv12', 'ssl.curve': None, 'ssl.cipher': 'TLS_ECDHE_RSA_WITH_AES_128_GCM_SHA256', 'ssl.validation_status': None, 'count': 1}]",[]
172.217.6.198,0x1d00e2,CXdKnX14yu57C28xa2,SF,0.326075,532,1036,9689,12,tcp,4192,4602,443,9,ssl,2017-07-07T19:08:24.605116Z,192.168.10.8,0,0,0,1,3,[],[],[],[],[],[],[],['TLSv12'],['TLS_ECDHE_RSA_WITH_AES_128_GCM_SHA256'],[None],[None],['SSL'],"['2e7db2a31d0e3da4b25f49b9542a2e1a', '17866ccbd224bd2ff9df48b95118f935', '7b735095313bb7062039fbd94e7f87c1']",[],[],[],"[{'ssl.version': 'TLSv12', 'ssl.curve': None, 'ssl.cipher': 'TLS_ECDHE_RSA_WITH_AES_128_GCM_SHA256', 'ssl.validation_status': None, 'count': 1}]","[{'files.source': 'SSL', 'file.md5s': {'2e7db2a31d0e3da4b25f49b9542a2e1a', '17866ccbd224bd2ff9df48b95118f935', '7b735095313bb7062039fbd94e7f87c1'}, 'count': 3}]"
172.217.6.198,0x2628b1,CrCY0z2KEmyHTMhIac,RSTO,163.783571,4752,5924,9690,29,tcp,16328,17900,443,39,ssl,2017-07-07T19:08:24.60523Z,192.168.10.8,0,0,0,1,3,[],[],[],[],[],[],[],['TLSv12'],['TLS_ECDHE_RSA_WITH_AES_128_GCM_SHA256'],[None],[None],['SSL'],"['2e7db2a31d0e3da4b25f49b9542a2e1a', '17866ccbd224bd2ff9df48b95118f935', '7b735095313bb7062039fbd94e7f87c1']",[],[],[],"[{'ssl.version': 'TLSv12', 'ssl.curve': None, 'ssl.cipher': 'TLS_ECDHE_RSA_WITH_AES_128_GCM_SHA256', 'ssl.validation_status': None, 'count': 1}]","[{'files.source': 'SSL', 'file.md5s': {'2e7db2a31d0e3da4b25f49b9542a2e1a', '17866ccbd224bd2ff9df48b95118f935', '7b735095313bb7062039fbd94e7f87c1'}, 'count': 3}]"
172.217.6.198,0x2dc8db,CsaxPW2SZqGiIvdAse,SF,183.646703,1451,2503,59146,26,tcp,5041,5933,443,22,ssl,2017-07-07T19:07:00.656488Z,192.168.10.15,0,0,0,1,3,[],[],[],[],[],[],[],['TLSv12'],['TLS_ECDHE_RSA_WITH_AES_128_GCM_SHA256'],[None],[None],['SSL'],"['2e7db2a31d0e3da4b25f49b9542a2e1a', '17866ccbd224bd2ff9df48b95118f935', '7b735095313bb7062039fbd94e7f87c1']",[],[],[],"[{'ssl.version': 'TLSv12', 'ssl.curve': None, 'ssl.cipher': 'TLS_ECDHE_RSA_WITH_AES_128_GCM_SHA256', 'ssl.validation_status': None, 'count': 1}]","[{'files.source': 'SSL', 'file.md5s': {'2e7db2a31d0e3da4b25f49b9542a2e1a', '17866ccbd224bd2ff9df48b95118f935', '7b735095313bb7062039fbd94e7f87c1'}, 'count': 3}]"
