originated_ip,uid,connection.uid,connection.conn_state,connection.duration,connection.orig_bytes,connection.orig_ip_bytes,connection.orig_p,connection.orig_pkts,connection.proto,connection.resp_bytes,connection.resp_ip_bytes,connection.resp_p,connection.resp_pkts,connection.service,connection.ts,responded_ip,dns_count,ssh_count,http_count,ssl_count,files_count,dns_qtype,dns_rcode,ssh_auth_attempts,ssh_host_key,http_method,http_status_code,http_user_agent,ssl_version,ssl_cipher,ssl_curve,ssl_validation_status,files_source,file_md5,dns_dicts,ssh_dicts,http_dicts,ssl_dicts,files_dicts
139.162.41.250,0x61da8,CmH8w52mJbZ8a9phMc,SF,1.710636,1122,1494,59021,9,tcp,137,389,443,6,ssl,2017-07-07T18:59:47.277198Z,192.168.10.15,0,0,0,1,0,[],[],[],[],[],[],[],['TLSv12'],['TLS_ECDHE_RSA_WITH_AES_128_GCM_SHA256'],[None],[None],[],[],[],[],[],"[{'ssl.version': 'TLSv12', 'ssl.curve': None, 'ssl.cipher': 'TLS_ECDHE_RSA_WITH_AES_128_GCM_SHA256', 'ssl.validation_status': None, 'count': 1}]",[]
139.162.41.250,0x19f3ca,CvPbm515YOCYYahApe,SF,3.294317,317,649,58992,8,tcp,5077,5449,443,9,ssl,2017-07-07T18:59:43.079454Z,192.168.10.15,0,0,0,1,3,[],[],[],[],[],[],[],['TLSv12'],['TLS_ECDHE_RSA_WITH_AES_128_GCM_SHA256'],[None],[None],['SSL'],"['1edaf9ae99ce2920667d0e9a8b3f8c9c', '35662b66c7c9272615c4641ae02e3792', '83e10465b722ef33ff0b6f535e8d996b']",[],[],[],"[{'ssl.version': 'TLSv12', 'ssl.curve': None, 'ssl.cipher': 'TLS_ECDHE_RSA_WITH_AES_128_GCM_SHA256', 'ssl.validation_status': None, 'count': 1}]","[{'files.source': 'SSL', 'file.md5s': {'1edaf9ae99ce2920667d0e9a8b3f8c9c', '35662b66c7c9272615c4641ae02e3792', '83e10465b722ef33ff0b6f535e8d996b'}, 'count': 3}]"
139.162.41.250,0x2c4323,C3KD8D4HHXkuYMuPh2,RSTR,3.924131,840,1212,58979,9,tcp,5077,5449,443,9,ssl,2017-07-07T18:59:42.591191Z,192.168.10.15,0,0,0,1,3,[],[],[],[],[],[],[],['TLSv12'],['TLS_ECDHE_RSA_WITH_AES_128_GCM_SHA256'],[None],[None],['SSL'],"['1edaf9ae99ce2920667d0e9a8b3f8c9c', '35662b66c7c9272615c4641ae02e3792', '83e10465b722ef33ff0b6f535e8d996b']",[],[],[],"[{'ssl.version': 'TLSv12', 'ssl.curve': None, 'ssl.cipher': 'TLS_ECDHE_RSA_WITH_AES_128_GCM_SHA256', 'ssl.validation_status': None, 'count': 1}]","[{'files.source': 'SSL', 'file.md5s': {'1edaf9ae99ce2920667d0e9a8b3f8c9c', '35662b66c7c9272615c4641ae02e3792', '83e10465b722ef33ff0b6f535e8d996b'}, 'count': 3}]"
139.162.41.250,0x2f50bf,Ce3xdB4K4961cp83qb,SF,0.859029,1091,1383,59030,7,tcp,996,1328,443,8,ssl,2017-07-07T18:59:49.082391Z,192.168.10.15,0,0,0,1,0,[],[],[],[],[],[],[],['TLSv12'],['TLS_ECDHE_RSA_WITH_AES_128_GCM_SHA256'],[None],[None],[],[],[],[],[],"[{'ssl.version': 'TLSv12', 'ssl.curve': None, 'ssl.cipher': 'TLS_ECDHE_RSA_WITH_AES_128_GCM_SHA256', 'ssl.validation_status': None, 'count': 1}]",[]
