originated_ip,uid,connection.uid,connection.conn_state,connection.duration,connection.orig_bytes,connection.orig_ip_bytes,connection.orig_p,connection.orig_pkts,connection.proto,connection.resp_bytes,connection.resp_ip_bytes,connection.resp_p,connection.resp_pkts,connection.service,connection.ts,responded_ip,dns_count,ssh_count,http_count,ssl_count,files_count,dns_qtype,dns_rcode,ssh_auth_attempts,ssh_host_key,http_method,http_status_code,http_user_agent,ssl_version,ssl_cipher,ssl_curve,ssl_validation_status,files_source,file_md5,dns_dicts,ssh_dicts,http_dicts,ssl_dicts,files_dicts
172.217.10.65,0xc3746,CCU0Gn2D7pxVtiilC6,RSTO,215.664734,2137,5389,59252,81,tcp,168068,173440,443,134,ssl,2017-07-07T19:11:19.755188Z,192.168.10.15,0,0,0,1,0,[],[],[],[],[],[],[],['TLSv12'],['TLS_ECDHE_RSA_WITH_AES_128_GCM_SHA256'],[None],[None],[],[],[],[],[],"[{'ssl.version': 'TLSv12', 'ssl.curve': None, 'ssl.cipher': 'TLS_ECDHE_RSA_WITH_AES_128_GCM_SHA256', 'ssl.validation_status': None, 'count': 1}]",[]
172.217.10.65,0x233ca4,CFrrPX1MgCFvPSWOv2,SF,5.29418,0,172,59330,4,tcp,0,92,80,2,,2017-07-07T19:11:34.38173Z,192.168.10.15,0,0,0,0,0,[],[],[],[],[],[],[],[],[],[],[],[],[],[],[],[],[],[]
172.217.10.65,0x2abba8,CW8t4Q3tryr3IfOZB9,SF,184.46863,1686,14978,59136,332,tcp,837886,859138,443,531,ssl,2017-07-07T19:06:59.835251Z,192.168.10.15,0,0,0,1,3,[],[],[],[],[],[],[],['TLSv12'],['TLS_ECDHE_RSA_WITH_AES_128_GCM_SHA256'],[None],[None],['SSL'],"['58a6ebc56b0bef22027399c4ee59aed8', '2e7db2a31d0e3da4b25f49b9542a2e1a', '17866ccbd224bd2ff9df48b95118f935']",[],[],[],"[{'ssl.version': 'TLSv12', 'ssl.curve': None, 'ssl.cipher': 'TLS_ECDHE_RSA_WITH_AES_128_GCM_SHA256', 'ssl.validation_status': None, 'count': 1}]","[{'files.source': 'SSL', 'file.md5s': {'58a6ebc56b0bef22027399c4ee59aed8', '2e7db2a31d0e3da4b25f49b9542a2e1a', '17866ccbd224bd2ff9df48b95118f935'}, 'count': 3}]"
172.217.10.65,0x2c646f,CyL061stPrO3F9Q6c,SF,5.277955,0,172,59247,4,tcp,0,92,80,2,,2017-07-07T19:11:19.703585Z,192.168.10.15,0,0,0,0,0,[],[],[],[],[],[],[],[],[],[],[],[],[],[],[],[],[],[]
