originated_ip,uid,connection.uid,connection.conn_state,connection.duration,connection.orig_bytes,connection.orig_ip_bytes,connection.orig_p,connection.orig_pkts,connection.proto,connection.resp_bytes,connection.resp_ip_bytes,connection.resp_p,connection.resp_pkts,connection.service,connection.ts,responded_ip,dns_count,ssh_count,http_count,ssl_count,files_count,dns_qtype,dns_rcode,ssh_auth_attempts,ssh_host_key,http_method,http_status_code,http_user_agent,ssl_version,ssl_cipher,ssl_curve,ssl_validation_status,files_source,file_md5,dns_dicts,ssh_dicts,http_dicts,ssl_dicts,files_dicts
184.84.243.199,0x950e6,CWzGEkYe0tCx11iPd,SF,175.759848,584,1572,9812,24,tcp,768,1852,80,22,http,2017-07-07T19:17:20.815784Z,192.168.10.8,0,0,1,0,2,[],[],[],[],['GET'],[200],[None],[],[],[],[],['HTTP'],['ae780585f49b94ce1444eb7d28906123'],[],[],"[{'http.user_agent': None, 'http.method': 'GET', 'http.status_code': 200, 'count': 1}]",[],"[{'files.source': 'HTTP', 'file.md5s': {'ae780585f49b94ce1444eb7d28906123'}, 'count': 2}]"
184.84.243.199,0x1b9215,CXuYDN1ZBRngPOW0Le,SF,115.46253,294,1186,58086,17,tcp,384,1172,80,15,http,2017-07-07T19:10:38.19332Z,192.168.10.16,0,0,1,0,1,[],[],[],[],['GET'],[200],[None],[],[],[],[],['HTTP'],['ae780585f49b94ce1444eb7d28906123'],[],[],"[{'http.user_agent': None, 'http.method': 'GET', 'http.status_code': 200, 'count': 1}]",[],"[{'files.source': 'HTTP', 'file.md5s': {'ae780585f49b94ce1444eb7d28906123'}, 'count': 1}]"
184.84.243.199,0x1ea32d,CdhUtR3Hs28iWrIDSh,SF,115.871831,292,995,9647,17,tcp,384,1128,80,15,http,2017-07-07T19:12:11.737454Z,192.168.10.9,0,0,1,0,1,[],[],[],[],['GET'],[200],[None],[],[],[],[],['HTTP'],['ae780585f49b94ce1444eb7d28906123'],[],[],"[{'http.user_agent': None, 'http.method': 'GET', 'http.status_code': 200, 'count': 1}]",[],"[{'files.source': 'HTTP', 'file.md5s': {'ae780585f49b94ce1444eb7d28906123'}, 'count': 1}]"
184.84.243.199,0x27ad74,C1H2783vhrK9wSQjkh,SF,115.08166,292,995,56084,17,tcp,384,1128,80,15,http,2017-07-07T18:57:05.074262Z,192.168.10.5,0,0,1,0,1,[],[],[],[],['GET'],[200],[None],[],[],[],[],['HTTP'],['ae780585f49b94ce1444eb7d28906123'],[],[],"[{'http.user_agent': None, 'http.method': 'GET', 'http.status_code': 200, 'count': 1}]",[],"[{'files.source': 'HTTP', 'file.md5s': {'ae780585f49b94ce1444eb7d28906123'}, 'count': 1}]"
