originated_ip,uid,connection.uid,connection.conn_state,connection.duration,connection.orig_bytes,connection.orig_ip_bytes,connection.orig_p,connection.orig_pkts,connection.proto,connection.resp_bytes,connection.resp_ip_bytes,connection.resp_p,connection.resp_pkts,connection.service,connection.ts,responded_ip,dns_count,ssh_count,http_count,ssl_count,files_count,dns_qtype,dns_rcode,ssh_auth_attempts,ssh_host_key,http_method,http_status_code,http_user_agent,ssl_version,ssl_cipher,ssl_curve,ssl_validation_status,files_source,file_md5,dns_dicts,ssh_dicts,http_dicts,ssl_dicts,files_dicts
104.16.4.3,0x32817,Cjr0k94iHvc5KZErTb,SF,46.033116,252,668,58153,10,tcp,318,738,80,9,http,2017-07-07T19:09:27.250255Z,192.168.10.14,0,0,1,0,0,[],[],[],[],['GET'],[301],[None],[],[],[],[],[],[],[],[],"[{'http.user_agent': None, 'http.method': 'GET', 'http.status_code': 301, 'count': 1}]",[],[]
104.16.4.3,0x1cffc5,Cm4W9grDG2GjOrDmi,SF,180.457162,881,2093,58160,30,tcp,34471,35723,443,31,ssl,2017-07-07T19:09:28.224099Z,192.168.10.14,0,0,0,1,5,[],[],[],[],[],[],[],['TLSv12'],['TLS_ECDHE_RSA_WITH_AES_128_GCM_SHA256'],[None],[None],['SSL'],"['1edaf9ae99ce2920667d0e9a8b3f8c9c', '83e10465b722ef33ff0b6f535e8d996b', '78b593651944832d10fef6d6612a2f97', 'e8f786f726bdddb00bb974895ccb5ae3', '1d3554048578b03f42424dbf20730a3f']",[],[],[],"[{'ssl.version': 'TLSv12', 'ssl.curve': None, 'ssl.cipher': 'TLS_ECDHE_RSA_WITH_AES_128_GCM_SHA256', 'ssl.validation_status': None, 'count': 1}]","[{'files.source': 'SSL', 'file.md5s': {'1edaf9ae99ce2920667d0e9a8b3f8c9c', '83e10465b722ef33ff0b6f535e8d996b', '78b593651944832d10fef6d6612a2f97', 'e8f786f726bdddb00bb974895ccb5ae3', '1d3554048578b03f42424dbf20730a3f'}, 'count': 5}]"
104.16.4.3,0x2c625a,CtWTOv4Tedei5GMxtg,SF,5.615092,0,172,58155,4,tcp,0,92,80,2,,2017-07-07T19:09:27.250476Z,192.168.10.14,0,0,0,0,0,[],[],[],[],[],[],[],[],[],[],[],[],[],[],[],[],[],[]
104.16.4.3,0x2f6f4c,CVvOdu3zQqFlmpsTS4,SF,5.614881,0,172,58154,4,tcp,0,92,80,2,,2017-07-07T19:09:27.25036Z,192.168.10.14,0,0,0,0,0,[],[],[],[],[],[],[],[],[],[],[],[],[],[],[],[],[],[]
