originated_ip,uid,connection.uid,connection.conn_state,connection.duration,connection.orig_bytes,connection.orig_ip_bytes,connection.orig_p,connection.orig_pkts,connection.proto,connection.resp_bytes,connection.resp_ip_bytes,connection.resp_p,connection.resp_pkts,connection.service,connection.ts,responded_ip,dns_count,ssh_count,http_count,ssl_count,files_count,dns_qtype,dns_rcode,ssh_auth_attempts,ssh_host_key,http_method,http_status_code,http_user_agent,ssl_version,ssl_cipher,ssl_curve,ssl_validation_status,files_source,file_md5,dns_dicts,ssh_dicts,http_dicts,ssl_dicts,files_dicts
172.217.6.227,0x188d1,CPjwvu2q4vTmgsHZt6,SF,180.276525,703,1435,59226,18,tcp,4678,5290,443,15,ssl,2017-07-07T19:11:17.785852Z,192.168.10.15,0,0,0,1,3,[],[],[],[],[],[],[],['TLSv12'],['TLS_ECDHE_ECDSA_WITH_AES_128_GCM_SHA256'],[None],[None],['SSL'],"['2e7db2a31d0e3da4b25f49b9542a2e1a', 'e4c21e11b8ea0b8afac5f67feffe032b', '17866ccbd224bd2ff9df48b95118f935']",[],[],[],"[{'ssl.version': 'TLSv12', 'ssl.curve': None, 'ssl.cipher': 'TLS_ECDHE_ECDSA_WITH_AES_128_GCM_SHA256', 'ssl.validation_status': None, 'count': 1}]","[{'files.source': 'SSL', 'file.md5s': {'2e7db2a31d0e3da4b25f49b9542a2e1a', 'e4c21e11b8ea0b8afac5f67feffe032b', '17866ccbd224bd2ff9df48b95118f935'}, 'count': 3}]"
172.217.6.227,0x13d807,CPDKSS22o4v9GmmDog,SF,180.153138,703,1435,58229,18,tcp,4676,5288,443,15,ssl,2017-07-07T19:13:55.398489Z,192.168.10.14,0,0,0,1,3,[],[],[],[],[],[],[],['TLSv12'],['TLS_ECDHE_ECDSA_WITH_AES_128_GCM_SHA256'],[None],[None],['SSL'],"['2e7db2a31d0e3da4b25f49b9542a2e1a', '17866ccbd224bd2ff9df48b95118f935', '2446fa633d27755d6b0403be0b8c2cbe']",[],[],[],"[{'ssl.version': 'TLSv12', 'ssl.curve': None, 'ssl.cipher': 'TLS_ECDHE_ECDSA_WITH_AES_128_GCM_SHA256', 'ssl.validation_status': None, 'count': 1}]","[{'files.source': 'SSL', 'file.md5s': {'2e7db2a31d0e3da4b25f49b9542a2e1a', '17866ccbd224bd2ff9df48b95118f935', '2446fa633d27755d6b0403be0b8c2cbe'}, 'count': 3}]"
172.217.6.227,0x27b04c,Cs77d2222vRIohPRf,SF,0.404615,527,1239,36564,14,tcp,4538,5014,443,9,ssl,2017-07-07T19:13:41.563796Z,192.168.10.16,0,0,0,1,3,[],[],[],[],[],[],[],['TLSv12'],['TLS_ECDHE_ECDSA_WITH_AES_128_GCM_SHA256'],[None],[None],['SSL'],"['2e7db2a31d0e3da4b25f49b9542a2e1a', '17866ccbd224bd2ff9df48b95118f935', '2446fa633d27755d6b0403be0b8c2cbe']",[],[],[],"[{'ssl.version': 'TLSv12', 'ssl.curve': None, 'ssl.cipher': 'TLS_ECDHE_ECDSA_WITH_AES_128_GCM_SHA256', 'ssl.validation_status': None, 'count': 1}]","[{'files.source': 'SSL', 'file.md5s': {'2e7db2a31d0e3da4b25f49b9542a2e1a', '17866ccbd224bd2ff9df48b95118f935', '2446fa633d27755d6b0403be0b8c2cbe'}, 'count': 3}]"
172.217.6.227,0x2c41b4,Cx7F7r2wjKP0YY7J09,SF,7.26132,488,1172,36570,13,tcp,4538,5066,443,10,ssl,2017-07-07T19:13:41.596902Z,192.168.10.16,0,0,0,1,0,[],[],[],[],[],[],[],['TLSv12'],['TLS_ECDHE_ECDSA_WITH_AES_128_GCM_SHA256'],[None],[None],[],[],[],[],[],"[{'ssl.version': 'TLSv12', 'ssl.curve': None, 'ssl.cipher': 'TLS_ECDHE_ECDSA_WITH_AES_128_GCM_SHA256', 'ssl.validation_status': None, 'count': 1}]",[]
