originated_ip,uid,connection.uid,connection.conn_state,connection.duration,connection.orig_bytes,connection.orig_ip_bytes,connection.orig_p,connection.orig_pkts,connection.proto,connection.resp_bytes,connection.resp_ip_bytes,connection.resp_p,connection.resp_pkts,connection.service,connection.ts,responded_ip,dns_count,ssh_count,http_count,ssl_count,files_count,dns_qtype,dns_rcode,ssh_auth_attempts,ssh_host_key,http_method,http_status_code,http_user_agent,ssl_version,ssl_cipher,ssl_curve,ssl_validation_status,files_source,file_md5,dns_dicts,ssh_dicts,http_dicts,ssl_dicts,files_dicts
123.134.184.160,0x7a4be,CMEUR24XJNAnTVvYsl,SF,38.999777,1711,3246,56382,38,tcp,69573,71461,443,46,ssl,2017-07-07T19:19:01.049528Z,192.168.10.5,0,0,0,1,3,[],[],[],[],[],[],[],['TLSv12'],['TLS_ECDHE_RSA_WITH_AES_128_GCM_SHA256'],[None],[None],['SSL'],"['23bb075facfbfb026935b31fb6ee063b', '2e7db2a31d0e3da4b25f49b9542a2e1a', '56a046399f611ea69fb4a08b50e9f733']",[],[],[],"[{'ssl.version': 'TLSv12', 'ssl.curve': None, 'ssl.cipher': 'TLS_ECDHE_RSA_WITH_AES_128_GCM_SHA256', 'ssl.validation_status': None, 'count': 1}]","[{'files.source': 'SSL', 'file.md5s': {'23bb075facfbfb026935b31fb6ee063b', '2e7db2a31d0e3da4b25f49b9542a2e1a', '56a046399f611ea69fb4a08b50e9f733'}, 'count': 3}]"
123.134.184.160,0xf45c8,C2lYNl1UzWiQ0ggwaa,SF,39.563834,1022,3565,56381,58,tcp,109788,112489,443,66,ssl,2017-07-07T19:19:01.04942Z,192.168.10.5,0,0,0,1,3,[],[],[],[],[],[],[],['TLSv12'],['TLS_ECDHE_RSA_WITH_AES_128_GCM_SHA256'],[None],[None],['SSL'],"['23bb075facfbfb026935b31fb6ee063b', '2e7db2a31d0e3da4b25f49b9542a2e1a', '56a046399f611ea69fb4a08b50e9f733']",[],[],[],"[{'ssl.version': 'TLSv12', 'ssl.curve': None, 'ssl.cipher': 'TLS_ECDHE_RSA_WITH_AES_128_GCM_SHA256', 'ssl.validation_status': None, 'count': 1}]","[{'files.source': 'SSL', 'file.md5s': {'23bb075facfbfb026935b31fb6ee063b', '2e7db2a31d0e3da4b25f49b9542a2e1a', '56a046399f611ea69fb4a08b50e9f733'}, 'count': 3}]"
123.134.184.160,0x200ee7,CKd2SR1oJy6d2cyonc,SF,5.545887,599,891,56410,7,tcp,152,404,443,6,ssl,2017-07-07T19:19:04.514695Z,192.168.10.5,0,0,0,1,0,[],[],[],[],[],[],[],['TLSv12'],['TLS_ECDHE_RSA_WITH_AES_128_GCM_SHA256'],[None],[None],[],[],[],[],[],"[{'ssl.version': 'TLSv12', 'ssl.curve': None, 'ssl.cipher': 'TLS_ECDHE_RSA_WITH_AES_128_GCM_SHA256', 'ssl.validation_status': None, 'count': 1}]",[]
123.134.184.160,0x2dca47,CluqY74p1PaSFrUzff,SF,38.482113,675,1290,56383,15,tcp,13058,13786,443,17,ssl,2017-07-07T19:19:01.301638Z,192.168.10.5,0,0,0,1,3,[],[],[],[],[],[],[],['TLSv12'],['TLS_ECDHE_RSA_WITH_AES_128_GCM_SHA256'],[None],[None],['SSL'],"['23bb075facfbfb026935b31fb6ee063b', '2e7db2a31d0e3da4b25f49b9542a2e1a', '56a046399f611ea69fb4a08b50e9f733']",[],[],[],"[{'ssl.version': 'TLSv12', 'ssl.curve': None, 'ssl.cipher': 'TLS_ECDHE_RSA_WITH_AES_128_GCM_SHA256', 'ssl.validation_status': None, 'count': 1}]","[{'files.source': 'SSL', 'file.md5s': {'23bb075facfbfb026935b31fb6ee063b', '2e7db2a31d0e3da4b25f49b9542a2e1a', '56a046399f611ea69fb4a08b50e9f733'}, 'count': 3}]"
