originated_ip,uid,connection.uid,connection.conn_state,connection.duration,connection.orig_bytes,connection.orig_ip_bytes,connection.orig_p,connection.orig_pkts,connection.proto,connection.resp_bytes,connection.resp_ip_bytes,connection.resp_p,connection.resp_pkts,connection.service,connection.ts,responded_ip,dns_count,ssh_count,http_count,ssl_count,files_count,dns_qtype,dns_rcode,ssh_auth_attempts,ssh_host_key,http_method,http_status_code,http_user_agent,ssl_version,ssl_cipher,ssl_curve,ssl_validation_status,files_source,file_md5,dns_dicts,ssh_dicts,http_dicts,ssl_dicts,files_dicts
198.51.152.184,0x10c951,CylHsO13y7woE7IUyg,SF,5.59751,765,1265,57048,12,tcp,7191,7639,443,11,ssl,2017-07-07T19:00:10.897561Z,192.168.10.12,0,0,0,1,0,[],[],[],[],[],[],[],['TLSv12'],['TLS_ECDHE_ECDSA_WITH_AES_256_GCM_SHA384'],[None],[None],[],[],[],[],[],"[{'ssl.version': 'TLSv12', 'ssl.curve': None, 'ssl.cipher': 'TLS_ECDHE_ECDSA_WITH_AES_256_GCM_SHA384', 'ssl.validation_status': None, 'count': 1}]",[]
198.51.152.184,0x1d0b49,Cs4H5XwXUoANpgzAg,SF,5.601877,0,180,37336,4,tcp,0,88,80,2,,2017-07-07T18:58:42.632361Z,192.168.10.16,0,0,0,0,0,[],[],[],[],[],[],[],[],[],[],[],[],[],[],[],[],[],[]
198.51.152.184,0x27b42d,CyYpyg3H2CyBFlE9s3,SF,5.049818,548,768,37334,5,tcp,616,824,80,5,http,2017-07-07T18:58:42.632332Z,192.168.10.16,0,0,1,0,0,[],[],[],[],['GET'],[302],[None],[],[],[],[],[],[],[],[],"[{'http.user_agent': None, 'http.method': 'GET', 'http.status_code': 302, 'count': 1}]",[],[]
198.51.152.184,0x2936c9,CsXLnQ2KoFkouiWZF6,SF,6.030177,817,1317,36762,12,tcp,7204,7692,443,12,ssl,2017-07-07T19:13:14.171576Z,192.168.10.17,0,0,0,1,0,[],[],[],[],[],[],[],['TLSv12'],['TLS_ECDHE_ECDSA_WITH_AES_128_GCM_SHA256'],[None],[None],[],[],[],[],[],"[{'ssl.version': 'TLSv12', 'ssl.curve': None, 'ssl.cipher': 'TLS_ECDHE_ECDSA_WITH_AES_128_GCM_SHA256', 'ssl.validation_status': None, 'count': 1}]",[]
