originated_ip,uid,connection.uid,connection.conn_state,connection.duration,connection.orig_bytes,connection.orig_ip_bytes,connection.orig_p,connection.orig_pkts,connection.proto,connection.resp_bytes,connection.resp_ip_bytes,connection.resp_p,connection.resp_pkts,connection.service,connection.ts,responded_ip,dns_count,ssh_count,http_count,ssl_count,files_count,dns_qtype,dns_rcode,ssh_auth_attempts,ssh_host_key,http_method,http_status_code,http_user_agent,ssl_version,ssl_cipher,ssl_curve,ssl_validation_status,files_source,file_md5,dns_dicts,ssh_dicts,http_dicts,ssl_dicts,files_dicts
151.101.117.108,0x92be2,C68avk1QDIhcSMPOW2,SF,5.331582,348,720,59666,9,tcp,5024,5316,443,7,ssl,2017-07-07T19:20:29.792412Z,192.168.10.15,0,0,0,1,3,[],[],[],[],[],[],[],['TLSv12'],['TLS_ECDHE_RSA_WITH_AES_128_GCM_SHA256'],[None],[None],['SSL'],"['d9643927731b8e30f9d83f2adbef7ed8', '3aa083f44ef3c000ae9da6e5b8aa5c03', '460a584cfb574eeef279b733960e2789']",[],[],[],"[{'ssl.version': 'TLSv12', 'ssl.curve': None, 'ssl.cipher': 'TLS_ECDHE_RSA_WITH_AES_128_GCM_SHA256', 'ssl.validation_status': None, 'count': 1}]","[{'files.source': 'SSL', 'file.md5s': {'d9643927731b8e30f9d83f2adbef7ed8', '3aa083f44ef3c000ae9da6e5b8aa5c03', '460a584cfb574eeef279b733960e2789'}, 'count': 3}]"
151.101.117.108,0x19f41b,CrRjRv3xa2J5nTdEH2,SF,5.413056,348,760,59771,10,tcp,5024,5316,443,7,ssl,2017-07-07T19:20:33.713927Z,192.168.10.15,0,0,0,1,3,[],[],[],[],[],[],[],['TLSv12'],['TLS_ECDHE_RSA_WITH_AES_128_GCM_SHA256'],[None],[None],['SSL'],"['460a584cfb574eeef279b733960e2789', '3aa083f44ef3c000ae9da6e5b8aa5c03', 'd9643927731b8e30f9d83f2adbef7ed8']",[],[],[],"[{'ssl.version': 'TLSv12', 'ssl.curve': None, 'ssl.cipher': 'TLS_ECDHE_RSA_WITH_AES_128_GCM_SHA256', 'ssl.validation_status': None, 'count': 1}]","[{'files.source': 'SSL', 'file.md5s': {'460a584cfb574eeef279b733960e2789', '3aa083f44ef3c000ae9da6e5b8aa5c03', 'd9643927731b8e30f9d83f2adbef7ed8'}, 'count': 3}]"
151.101.117.108,0x1b7a9e,Cwu8uz2ceLnZfh1h17,SF,116.242676,2825,4008,59770,29,tcp,28449,29953,443,34,ssl,2017-07-07T19:20:33.713468Z,192.168.10.15,0,0,0,1,3,[],[],[],[],[],[],[],['TLSv12'],['TLS_ECDHE_RSA_WITH_AES_128_GCM_SHA256'],[None],[None],['SSL'],"['d9643927731b8e30f9d83f2adbef7ed8', '3aa083f44ef3c000ae9da6e5b8aa5c03', '460a584cfb574eeef279b733960e2789']",[],[],[],"[{'ssl.version': 'TLSv12', 'ssl.curve': None, 'ssl.cipher': 'TLS_ECDHE_RSA_WITH_AES_128_GCM_SHA256', 'ssl.validation_status': None, 'count': 1}]","[{'files.source': 'SSL', 'file.md5s': {'d9643927731b8e30f9d83f2adbef7ed8', '3aa083f44ef3c000ae9da6e5b8aa5c03', '460a584cfb574eeef279b733960e2789'}, 'count': 3}]"
151.101.117.108,0x231c8d,CGUpb22qgMYF7t0qK6,SF,5.331345,348,720,59665,9,tcp,5024,5316,443,7,ssl,2017-07-07T19:20:29.792312Z,192.168.10.15,0,0,0,1,3,[],[],[],[],[],[],[],['TLSv12'],['TLS_ECDHE_RSA_WITH_AES_128_GCM_SHA256'],[None],[None],['SSL'],"['d9643927731b8e30f9d83f2adbef7ed8', '3aa083f44ef3c000ae9da6e5b8aa5c03', '460a584cfb574eeef279b733960e2789']",[],[],[],"[{'ssl.version': 'TLSv12', 'ssl.curve': None, 'ssl.cipher': 'TLS_ECDHE_RSA_WITH_AES_128_GCM_SHA256', 'ssl.validation_status': None, 'count': 1}]","[{'files.source': 'SSL', 'file.md5s': {'d9643927731b8e30f9d83f2adbef7ed8', '3aa083f44ef3c000ae9da6e5b8aa5c03', '460a584cfb574eeef279b733960e2789'}, 'count': 3}]"
