originated_ip,uid,connection.uid,connection.conn_state,connection.duration,connection.orig_bytes,connection.orig_ip_bytes,connection.orig_p,connection.orig_pkts,connection.proto,connection.resp_bytes,connection.resp_ip_bytes,connection.resp_p,connection.resp_pkts,connection.service,connection.ts,responded_ip,dns_count,ssh_count,http_count,ssl_count,files_count,dns_qtype,dns_rcode,ssh_auth_attempts,ssh_host_key,http_method,http_status_code,http_user_agent,ssl_version,ssl_cipher,ssl_curve,ssl_validation_status,files_source,file_md5,dns_dicts,ssh_dicts,http_dicts,ssl_dicts,files_dicts
146.88.138.32,0x12504c,CLLs5B1LBfcfGKApO,SF,94.530189,1103,1835,58605,18,tcp,7320,8052,443,18,ssl,2017-07-07T18:56:43.382766Z,192.168.10.15,0,0,0,1,4,[],[],[],[],[],[],[],['TLSv12'],['TLS_ECDHE_RSA_WITH_AES_128_GCM_SHA256'],[None],[None],['SSL'],"['d5baa0835bd46a893455b77cafac4d66', '83e10465b722ef33ff0b6f535e8d996b', '1edaf9ae99ce2920667d0e9a8b3f8c9c', '1d3554048578b03f42424dbf20730a3f']",[],[],[],"[{'ssl.version': 'TLSv12', 'ssl.curve': None, 'ssl.cipher': 'TLS_ECDHE_RSA_WITH_AES_128_GCM_SHA256', 'ssl.validation_status': None, 'count': 1}]","[{'files.source': 'SSL', 'file.md5s': {'d5baa0835bd46a893455b77cafac4d66', '83e10465b722ef33ff0b6f535e8d996b', '1edaf9ae99ce2920667d0e9a8b3f8c9c', '1d3554048578b03f42424dbf20730a3f'}, 'count': 4}]"
146.88.138.32,0x186d20,Ccl0DW0lQ7E8Dw0hd,SF,74.93144,1103,1961,59156,20,tcp,7317,8089,443,19,ssl,2017-07-07T19:07:02.911231Z,192.168.10.15,0,0,0,1,4,[],[],[],[],[],[],[],['TLSv12'],['TLS_ECDHE_RSA_WITH_AES_128_GCM_SHA256'],[None],[None],['SSL'],"['d5baa0835bd46a893455b77cafac4d66', '83e10465b722ef33ff0b6f535e8d996b', '1edaf9ae99ce2920667d0e9a8b3f8c9c', '1d3554048578b03f42424dbf20730a3f']",[],[],[],"[{'ssl.version': 'TLSv12', 'ssl.curve': None, 'ssl.cipher': 'TLS_ECDHE_RSA_WITH_AES_128_GCM_SHA256', 'ssl.validation_status': None, 'count': 1}]","[{'files.source': 'SSL', 'file.md5s': {'d5baa0835bd46a893455b77cafac4d66', '83e10465b722ef33ff0b6f535e8d996b', '1edaf9ae99ce2920667d0e9a8b3f8c9c', '1d3554048578b03f42424dbf20730a3f'}, 'count': 4}]"
146.88.138.32,0x200f4f,CtTQniedl476H03W6,SF,65.417573,1103,1915,59400,20,tcp,7374,8186,443,20,ssl,2017-07-07T19:12:11.9126Z,192.168.10.15,0,0,0,1,4,[],[],[],[],[],[],[],['TLSv12'],['TLS_ECDHE_RSA_WITH_AES_128_GCM_SHA256'],[None],[None],['SSL'],"['1edaf9ae99ce2920667d0e9a8b3f8c9c', 'd5baa0835bd46a893455b77cafac4d66', '83e10465b722ef33ff0b6f535e8d996b', '1d3554048578b03f42424dbf20730a3f']",[],[],[],"[{'ssl.version': 'TLSv12', 'ssl.curve': None, 'ssl.cipher': 'TLS_ECDHE_RSA_WITH_AES_128_GCM_SHA256', 'ssl.validation_status': None, 'count': 1}]","[{'files.source': 'SSL', 'file.md5s': {'1edaf9ae99ce2920667d0e9a8b3f8c9c', 'd5baa0835bd46a893455b77cafac4d66', '83e10465b722ef33ff0b6f535e8d996b', '1d3554048578b03f42424dbf20730a3f'}, 'count': 4}]"
146.88.138.32,0x2ab9f2,CwqRmn4xZ9AgwTwAId,SF,31.343268,1057,1829,59069,19,tcp,7329,8061,443,18,ssl,2017-07-07T19:01:53.796589Z,192.168.10.15,0,0,0,1,4,[],[],[],[],[],[],[],['TLSv12'],['TLS_ECDHE_RSA_WITH_AES_128_GCM_SHA256'],[None],[None],['SSL'],"['d5baa0835bd46a893455b77cafac4d66', '1d3554048578b03f42424dbf20730a3f', '83e10465b722ef33ff0b6f535e8d996b', '1edaf9ae99ce2920667d0e9a8b3f8c9c']",[],[],[],"[{'ssl.version': 'TLSv12', 'ssl.curve': None, 'ssl.cipher': 'TLS_ECDHE_RSA_WITH_AES_128_GCM_SHA256', 'ssl.validation_status': None, 'count': 1}]","[{'files.source': 'SSL', 'file.md5s': {'d5baa0835bd46a893455b77cafac4d66', '1d3554048578b03f42424dbf20730a3f', '83e10465b722ef33ff0b6f535e8d996b', '1edaf9ae99ce2920667d0e9a8b3f8c9c'}, 'count': 4}]"
