originated_ip,uid,connection.uid,connection.conn_state,connection.duration,connection.orig_bytes,connection.orig_ip_bytes,connection.orig_p,connection.orig_pkts,connection.proto,connection.resp_bytes,connection.resp_ip_bytes,connection.resp_p,connection.resp_pkts,connection.service,connection.ts,responded_ip,dns_count,ssh_count,http_count,ssl_count,files_count,dns_qtype,dns_rcode,ssh_auth_attempts,ssh_host_key,http_method,http_status_code,http_user_agent,ssl_version,ssl_cipher,ssl_curve,ssl_validation_status,files_source,file_md5,dns_dicts,ssh_dicts,http_dicts,ssl_dicts,files_dicts
172.217.10.232,0x61e25,CGk8s9291uwHTslb03,S1,116.688836,834,2046,58537,30,tcp,48474,50126,443,41,ssl,2017-07-07T19:23:01.582722Z,192.168.10.14,0,0,0,1,3,[],[],[],[],[],[],[],['TLSv12'],['TLS_ECDHE_RSA_WITH_AES_128_GCM_SHA256'],[None],[None],['SSL'],"['2e7db2a31d0e3da4b25f49b9542a2e1a', '17866ccbd224bd2ff9df48b95118f935', '471b437617b4cdfcc85dc5c53e3b2c7d']",[],[],[],"[{'ssl.version': 'TLSv12', 'ssl.curve': None, 'ssl.cipher': 'TLS_ECDHE_RSA_WITH_AES_128_GCM_SHA256', 'ssl.validation_status': None, 'count': 1}]","[{'files.source': 'SSL', 'file.md5s': {'2e7db2a31d0e3da4b25f49b9542a2e1a', '17866ccbd224bd2ff9df48b95118f935', '471b437617b4cdfcc85dc5c53e3b2c7d'}, 'count': 3}]"
172.217.10.232,0xf6b9e,C1BOCe3ADeqmvdokgg,S1,90.473137,302,1123,56442,20,tcp,24551,25671,80,25,http,2017-07-07T19:23:28.388799Z,192.168.10.5,0,0,1,0,1,[],[],[],[],['GET'],[200],[None],[],[],[],[],['HTTP'],[''],[],[],"[{'http.user_agent': None, 'http.method': 'GET', 'http.status_code': 200, 'count': 1}]",[],"[{'files.source': 'HTTP', 'file.md5s': {''}, 'count': 1}]"
172.217.10.232,0x203638,CoY3uA3kpt7REqvmA5,SF,5.113224,0,172,56443,4,tcp,0,92,80,2,,2017-07-07T19:23:28.422074Z,192.168.10.5,0,0,0,0,0,[],[],[],[],[],[],[],[],[],[],[],[],[],[],[],[],[],[]
172.217.10.232,0x2c43b7,CmqTvN1ULMytcTm2Y9,S1,59.654556,810,2182,9873,34,tcp,64145,66317,443,54,ssl,2017-07-07T19:23:48.732514Z,192.168.10.9,0,0,0,1,3,[],[],[],[],[],[],[],['TLSv12'],['TLS_ECDHE_RSA_WITH_AES_128_GCM_SHA256'],[None],[None],['SSL'],"['2e7db2a31d0e3da4b25f49b9542a2e1a', '17866ccbd224bd2ff9df48b95118f935', '471b437617b4cdfcc85dc5c53e3b2c7d']",[],[],[],"[{'ssl.version': 'TLSv12', 'ssl.curve': None, 'ssl.cipher': 'TLS_ECDHE_RSA_WITH_AES_128_GCM_SHA256', 'ssl.validation_status': None, 'count': 1}]","[{'files.source': 'SSL', 'file.md5s': {'2e7db2a31d0e3da4b25f49b9542a2e1a', '17866ccbd224bd2ff9df48b95118f935', '471b437617b4cdfcc85dc5c53e3b2c7d'}, 'count': 3}]"
