originated_ip,uid,connection.uid,connection.conn_state,connection.duration,connection.orig_bytes,connection.orig_ip_bytes,connection.orig_p,connection.orig_pkts,connection.proto,connection.resp_bytes,connection.resp_ip_bytes,connection.resp_p,connection.resp_pkts,connection.service,connection.ts,responded_ip,dns_count,ssh_count,http_count,ssl_count,files_count,dns_qtype,dns_rcode,ssh_auth_attempts,ssh_host_key,http_method,http_status_code,http_user_agent,ssl_version,ssl_cipher,ssl_curve,ssl_validation_status,files_source,file_md5,dns_dicts,ssh_dicts,http_dicts,ssl_dicts,files_dicts
144.217.240.204,0x1b095,CGnbM73uxjsCYR0v5b,SF,0.016315,48,76,123,1,udp,48,76,123,1,ntp,2017-07-07T19:22:53.158776Z,192.168.10.17,0,0,0,0,0,,,,,,,,,,,,,,,,,,
144.217.240.204,0x4bd45,CMIHdix0bFDI2d6Y7,SF,0.016408,48,76,123,1,udp,48,76,123,1,ntp,2017-07-07T19:24:35.519802Z,192.168.10.19,0,0,0,0,0,,,,,,,,,,,,,,,,,,
144.217.240.204,0x7c37c,C4MYev2TDdfGlgZgSd,SF,0.016299,48,76,123,1,udp,48,76,123,1,ntp,2017-07-07T19:06:30.519228Z,192.168.10.19,0,0,0,0,0,,,,,,,,,,,,,,,,,,
144.217.240.204,0x2335c0,CnLqwl3x0bfyDQf70i,SF,0.017215,48,76,123,1,udp,48,76,123,1,ntp,2017-07-07T19:04:50.158294Z,192.168.10.17,0,0,0,0,0,,,,,,,,,,,,,,,,,,
