originated_ip,uid,connection.uid,connection.conn_state,connection.duration,connection.orig_bytes,connection.orig_ip_bytes,connection.orig_p,connection.orig_pkts,connection.proto,connection.resp_bytes,connection.resp_ip_bytes,connection.resp_p,connection.resp_pkts,connection.service,connection.ts,responded_ip,dns_count,ssh_count,http_count,ssl_count,files_count,dns_qtype,dns_rcode,ssh_auth_attempts,ssh_host_key,http_method,http_status_code,http_user_agent,ssl_version,ssl_cipher,ssl_curve,ssl_validation_status,files_source,file_md5,dns_dicts,ssh_dicts,http_dicts,ssl_dicts,files_dicts
192.0.72.3,0x92d5c,Cc2nRb1MZzHvyGHKT6,SF,0.24523,0,172,2978,4,tcp,0,92,443,2,,2017-07-06T13:58:48.042179Z,192.168.10.9,0,0,0,0,0,[],[],[],[],[],[],[],[],[],[],[],[],[],[],[],[],[],[]
192.0.72.3,0x1e85f4,CDLom83iE5P7HyYSug,SF,1.087167,845,2097,2977,31,tcp,54470,56082,443,40,ssl,2017-07-06T13:58:48.028795Z,192.168.10.9,0,0,0,1,4,[],[],[],[],[],[],[],['TLSv12'],['TLS_ECDHE_RSA_WITH_AES_128_GCM_SHA256'],[None],[None],['SSL'],"['fc4da1498323cfc825c865cde55ca982', 'bd4b8b6c1b054322e79ec338a0f1065c', '81528b89e165204a75ad85e8c388cd68', '96c25031bc0dc35cfba723731e1b4140']",[],[],[],"[{'ssl.cipher': 'TLS_ECDHE_RSA_WITH_AES_128_GCM_SHA256', 'ssl.validation_status': None, 'ssl.curve': None, 'ssl.version': 'TLSv12', 'count': 1}]","[{'file.md5s': {'fc4da1498323cfc825c865cde55ca982', 'bd4b8b6c1b054322e79ec338a0f1065c', '81528b89e165204a75ad85e8c388cd68', '96c25031bc0dc35cfba723731e1b4140'}, 'files.source': 'SSL', 'count': 4}]"
192.0.72.3,0x200d05,CyFx8a3CfS6oxljhS,SF,182.533727,4851,79311,2975,1689,tcp,4165668,4241820,443,1872,ssl,2017-07-06T13:58:48.012269Z,192.168.10.9,0,0,0,1,4,[],[],[],[],[],[],[],['TLSv12'],['TLS_ECDHE_RSA_WITH_AES_128_GCM_SHA256'],[None],[None],['SSL'],"['fc4da1498323cfc825c865cde55ca982', 'bd4b8b6c1b054322e79ec338a0f1065c', '81528b89e165204a75ad85e8c388cd68', '96c25031bc0dc35cfba723731e1b4140']",[],[],[],"[{'ssl.cipher': 'TLS_ECDHE_RSA_WITH_AES_128_GCM_SHA256', 'ssl.validation_status': None, 'ssl.curve': None, 'ssl.version': 'TLSv12', 'count': 1}]","[{'file.md5s': {'fc4da1498323cfc825c865cde55ca982', 'bd4b8b6c1b054322e79ec338a0f1065c', '81528b89e165204a75ad85e8c388cd68', '96c25031bc0dc35cfba723731e1b4140'}, 'files.source': 'SSL', 'count': 4}]"
192.0.72.3,0x2f531d,CMJn9u6coLCms2aNf,SF,0.231988,0,172,2979,4,tcp,0,92,443,2,,2017-07-06T13:58:48.05501Z,192.168.10.9,0,0,0,0,0,[],[],[],[],[],[],[],[],[],[],[],[],[],[],[],[],[],[]
