originated_ip,uid,connection.uid,connection.conn_state,connection.duration,connection.orig_bytes,connection.orig_ip_bytes,connection.orig_p,connection.orig_pkts,connection.proto,connection.resp_bytes,connection.resp_ip_bytes,connection.resp_p,connection.resp_pkts,connection.service,connection.ts,responded_ip,dns_count,ssh_count,http_count,ssl_count,files_count,dns_qtype,dns_rcode,ssh_auth_attempts,ssh_host_key,http_method,http_status_code,http_user_agent,ssl_version,ssl_cipher,ssl_curve,ssl_validation_status,files_source,file_md5,dns_dicts,ssh_dicts,http_dicts,ssl_dicts,files_dicts
146.88.138.76,0x7a273,CuWxEe41ACUloqR0Oe,SF,5.937948,599,891,50942,7,tcp,156,408,443,6,ssl,2017-07-06T13:54:21.955449Z,192.168.10.8,0,0,0,1,0,[],[],[],[],[],[],[],['TLSv12'],['TLS_ECDHE_RSA_WITH_AES_128_GCM_SHA256'],[None],[None],[],[],[],[],[],"[{'ssl.cipher': 'TLS_ECDHE_RSA_WITH_AES_128_GCM_SHA256', 'ssl.validation_status': None, 'ssl.curve': None, 'ssl.version': 'TLSv12', 'count': 1}]",[]
146.88.138.76,0x13d76b,Cjr7km2ESXXbPJxpzh,SF,4.188409,6488,7020,50939,13,tcp,11678,12370,443,17,ssl,2017-07-06T13:54:21.829979Z,192.168.10.8,0,0,0,1,5,[],[],[],[],[],[],[],['TLSv12'],['TLS_ECDHE_RSA_WITH_AES_128_GCM_SHA256'],[None],[None],['SSL'],"['7425ea09385eb18a08f70d66721e9005', '1edaf9ae99ce2920667d0e9a8b3f8c9c', '83e10465b722ef33ff0b6f535e8d996b', 'cbc6f11cb569692bda40581c6de77615', '1d3554048578b03f42424dbf20730a3f']",[],[],[],"[{'ssl.cipher': 'TLS_ECDHE_RSA_WITH_AES_128_GCM_SHA256', 'ssl.validation_status': None, 'ssl.curve': None, 'ssl.version': 'TLSv12', 'count': 1}]","[{'file.md5s': {'7425ea09385eb18a08f70d66721e9005', '1edaf9ae99ce2920667d0e9a8b3f8c9c', '83e10465b722ef33ff0b6f535e8d996b', 'cbc6f11cb569692bda40581c6de77615', '1d3554048578b03f42424dbf20730a3f'}, 'files.source': 'SSL', 'count': 5}]"
146.88.138.76,0x21930b,CnpM8o3SZ6eVvFYnvk,SF,4.188401,6487,6979,50940,12,tcp,11678,12370,443,17,ssl,2017-07-06T13:54:21.830076Z,192.168.10.8,0,0,0,1,4,[],[],[],[],[],[],[],['TLSv12'],['TLS_ECDHE_RSA_WITH_AES_128_GCM_SHA256'],[None],[None],['SSL'],"['1edaf9ae99ce2920667d0e9a8b3f8c9c', '83e10465b722ef33ff0b6f535e8d996b', '1d3554048578b03f42424dbf20730a3f', 'cbc6f11cb569692bda40581c6de77615']",[],[],[],"[{'ssl.cipher': 'TLS_ECDHE_RSA_WITH_AES_128_GCM_SHA256', 'ssl.validation_status': None, 'ssl.curve': None, 'ssl.version': 'TLSv12', 'count': 1}]","[{'file.md5s': {'1edaf9ae99ce2920667d0e9a8b3f8c9c', '83e10465b722ef33ff0b6f535e8d996b', '1d3554048578b03f42424dbf20730a3f', 'cbc6f11cb569692bda40581c6de77615'}, 'files.source': 'SSL', 'count': 4}]"
146.88.138.76,0x231990,C1cvzj1NGQk1FQupsj,SF,5.973933,599,891,50941,7,tcp,156,408,443,6,ssl,2017-07-06T13:54:21.919467Z,192.168.10.8,0,0,0,1,0,[],[],[],[],[],[],[],['TLSv12'],['TLS_ECDHE_RSA_WITH_AES_128_GCM_SHA256'],[None],[None],[],[],[],[],[],"[{'ssl.cipher': 'TLS_ECDHE_RSA_WITH_AES_128_GCM_SHA256', 'ssl.validation_status': None, 'ssl.curve': None, 'ssl.version': 'TLSv12', 'count': 1}]",[]
