originated_ip,uid,connection.uid,connection.conn_state,connection.duration,connection.orig_bytes,connection.orig_ip_bytes,connection.orig_p,connection.orig_pkts,connection.proto,connection.resp_bytes,connection.resp_ip_bytes,connection.resp_p,connection.resp_pkts,connection.service,connection.ts,responded_ip,dns_count,ssh_count,http_count,ssl_count,files_count,dns_qtype,dns_rcode,ssh_auth_attempts,ssh_host_key,http_method,http_status_code,http_user_agent,ssl_version,ssl_cipher,ssl_curve,ssl_validation_status,files_source,file_md5,dns_dicts,ssh_dicts,http_dicts,ssl_dicts,files_dicts
140.90.33.11,0x186ef9,CFgcYA1aMqnePFS9oa,S0,2.999608,0,104,51020,2,tcp,0,0,443,0,,2017-07-06T13:47:44.167827Z,192.168.10.5,0,0,0,0,0,,,,,,,,,,,,,,,,,,
140.90.33.11,0x201052,CxZsTs2Am3Jq3kHt98,S0,2.999644,0,104,51021,2,tcp,0,0,443,0,,2017-07-06T13:47:44.417789Z,192.168.10.5,0,0,0,0,0,,,,,,,,,,,,,,,,,,
140.90.33.11,0x201053,Cfsh6u32FOtJjgIAc5,S0,0.0,0,48,51021,1,tcp,0,0,443,0,,2017-07-06T13:47:53.433034Z,192.168.10.5,0,0,0,0,0,,,,,,,,,,,,,,,,,,
140.90.33.11,0x262a69,Cew0c411haEge6hHr4,S0,0.0,0,48,51020,1,tcp,0,0,443,0,,2017-07-06T13:47:53.167447Z,192.168.10.5,0,0,0,0,0,,,,,,,,,,,,,,,,,,
