originated_ip,uid,connection.uid,connection.conn_state,connection.duration,connection.orig_bytes,connection.orig_ip_bytes,connection.orig_p,connection.orig_pkts,connection.proto,connection.resp_bytes,connection.resp_ip_bytes,connection.resp_p,connection.resp_pkts,connection.service,connection.ts,responded_ip,dns_count,ssh_count,http_count,ssl_count,files_count,dns_qtype,dns_rcode,ssh_auth_attempts,ssh_host_key,http_method,http_status_code,http_user_agent,ssl_version,ssl_cipher,ssl_curve,ssl_validation_status,files_source,file_md5,dns_dicts,ssh_dicts,http_dicts,ssl_dicts,files_dicts
140.90.200.11,0xf474c,C9HVM11R54KzIVlha,S0,2.999629,0,104,51024,2,tcp,0,0,443,0,,2017-07-06T13:48:26.167657Z,192.168.10.5,0,0,0,0,0,,,,,,,,,,,,,,,,,,
140.90.200.11,0x10cdeb,CVJG1z1Sx032HLAmoa,S0,2.999645,0,104,51025,2,tcp,0,0,443,0,,2017-07-06T13:48:26.448896Z,192.168.10.5,0,0,0,0,0,,,,,,,,,,,,,,,,,,
140.90.200.11,0x201073,CFc4NJ1AsiPy7xG6Ge,S0,0.0,0,48,51024,1,tcp,0,0,443,0,,2017-07-06T13:48:35.167292Z,192.168.10.5,0,0,0,0,0,,,,,,,,,,,,,,,,,,
140.90.200.11,0x293800,C0sKx433slhDt8FKKf,S0,0.0,0,48,51025,1,tcp,0,0,443,0,,2017-07-06T13:48:35.448534Z,192.168.10.5,0,0,0,0,0,,,,,,,,,,,,,,,,,,
