originated_ip,uid,connection.uid,connection.conn_state,connection.duration,connection.orig_bytes,connection.orig_ip_bytes,connection.orig_p,connection.orig_pkts,connection.proto,connection.resp_bytes,connection.resp_ip_bytes,connection.resp_p,connection.resp_pkts,connection.service,connection.ts,responded_ip,dns_count,ssh_count,http_count,ssl_count,files_count,dns_qtype,dns_rcode,ssh_auth_attempts,ssh_host_key,http_method,http_status_code,http_user_agent,ssl_version,ssl_cipher,ssl_curve,ssl_validation_status,files_source,file_md5,dns_dicts,ssh_dicts,http_dicts,ssl_dicts,files_dicts
151.101.20.249,0x7e,CtACy42PNKrdhbND79,SF,116.059879,371,1074,60932,17,tcp,845,1589,80,15,http,2017-07-06T13:35:52.097367Z,192.168.10.14,0,0,1,0,1,[],[],[],[],['GET'],[200],[None],[],[],[],[],['HTTP'],['58cb0fea703132c309d086a937ee4d01'],[],[],"[{'http.method': 'GET', 'http.user_agent': None, 'http.status_code': 200, 'count': 1}]",[],"[{'file.md5s': {'58cb0fea703132c309d086a937ee4d01'}, 'files.source': 'HTTP', 'count': 1}]"
151.101.20.249,0xaae94,CTAxPV2s9hEEOKTQrb,SF,115.638885,869,1932,53855,26,tcp,17358,18622,443,28,ssl,2017-07-06T13:45:24.968831Z,192.168.10.15,0,0,0,1,2,[],[],[],[],[],[],[],['TLSv12'],['TLS_ECDHE_RSA_WITH_AES_128_GCM_SHA256'],[None],[None],['SSL'],"['aaee5cf8b0d8596d2e0cbe67421cf7db', '8fcd10e6956e7abdbadb08c0a600a1dc']",[],[],[],"[{'ssl.cipher': 'TLS_ECDHE_RSA_WITH_AES_128_GCM_SHA256', 'ssl.validation_status': None, 'ssl.curve': None, 'ssl.version': 'TLSv12', 'count': 1}]","[{'file.md5s': {'aaee5cf8b0d8596d2e0cbe67421cf7db', '8fcd10e6956e7abdbadb08c0a600a1dc'}, 'files.source': 'SSL', 'count': 2}]"
151.101.20.249,0x10ca4b,CNN6oANhjTcSnulLe,SF,5.37778,0,172,60931,4,tcp,0,92,80,2,,2017-07-06T13:35:52.097254Z,192.168.10.14,0,0,0,0,0,[],[],[],[],[],[],[],[],[],[],[],[],[],[],[],[],[],[]
151.101.20.249,0x2f4d8a,CL1kIC4qDKCUZpmpWa,SF,135.656797,560,1744,60877,29,tcp,28962,30518,80,35,http,2017-07-06T13:35:51.512399Z,192.168.10.14,0,0,1,0,2,[],[],[],[],['GET'],[200],[None],[],[],[],[],['HTTP'],"['', '6a8871e35dafa903af30fb766f5701ec']",[],[],"[{'http.method': 'GET', 'http.user_agent': None, 'http.status_code': 200, 'count': 1}]",[],"[{'file.md5s': {'', '6a8871e35dafa903af30fb766f5701ec'}, 'files.source': 'HTTP', 'count': 2}]"
