originated_ip,uid,connection.uid,connection.conn_state,connection.duration,connection.orig_bytes,connection.orig_ip_bytes,connection.orig_p,connection.orig_pkts,connection.proto,connection.resp_bytes,connection.resp_ip_bytes,connection.resp_p,connection.resp_pkts,connection.service,connection.ts,responded_ip,dns_count,ssh_count,http_count,ssl_count,files_count,dns_qtype,dns_rcode,ssh_auth_attempts,ssh_host_key,http_method,http_status_code,http_user_agent,ssl_version,ssl_cipher,ssl_curve,ssl_validation_status,files_source,file_md5,dns_dicts,ssh_dicts,http_dicts,ssl_dicts,files_dicts
185.167.164.39,0x34d,CObRc51iorX1eHwGia,SF,5.480186,0,172,61495,4,tcp,0,128,80,3,,2017-07-06T13:40:33.949429Z,192.168.10.14,0,0,0,0,0,[],[],[],[],[],[],[],[],[],[],[],[],[],[],[],[],[],[]
185.167.164.39,0x496b3,CzCnzwv3OnXVRMtZ7,SF,15.484663,344,637,61494,7,tcp,240,448,80,5,http,2017-07-06T13:40:33.949323Z,192.168.10.14,0,0,1,0,0,[],[],[],[],['GET'],[302],[None],[],[],[],[],[],[],[],[],"[{'http.method': 'GET', 'http.user_agent': None, 'http.status_code': 302, 'count': 1}]",[],[]
185.167.164.39,0x7a192,CMWGQp39F7VE8cTYFf,SF,180.89167,1006,1778,54173,19,tcp,4385,4993,443,15,ssl,2017-07-06T13:49:16.621267Z,192.168.10.15,0,0,0,1,2,[],[],[],[],[],[],[],['TLSv12'],['TLS_ECDHE_RSA_WITH_AES_128_GCM_SHA256'],[None],[None],['SSL'],"['8f166e3a1bf991f5ca68d3e11038c91d', '36a4b6859fd764e787ee42fd3a9305db']",[],[],[],"[{'ssl.cipher': 'TLS_ECDHE_RSA_WITH_AES_128_GCM_SHA256', 'ssl.validation_status': None, 'ssl.curve': None, 'ssl.version': 'TLSv12', 'count': 1}]","[{'file.md5s': {'8f166e3a1bf991f5ca68d3e11038c91d', '36a4b6859fd764e787ee42fd3a9305db'}, 'files.source': 'SSL', 'count': 2}]"
185.167.164.39,0x2319e0,Cw6ofZ1RndS5X5eoz9,SF,16.731383,757,1130,61400,9,tcp,537,785,80,6,http,2017-07-06T13:40:27.699577Z,192.168.10.14,0,0,1,0,1,[],[],[],[],['GET'],[200],[None],[],[],[],[],['HTTP'],['28d6814f309ea289f847c69cf91194c6'],[],[],"[{'http.method': 'GET', 'http.user_agent': None, 'http.status_code': 200, 'count': 1}]",[],"[{'file.md5s': {'28d6814f309ea289f847c69cf91194c6'}, 'files.source': 'HTTP', 'count': 1}]"
