originated_ip,uid,connection.uid,connection.conn_state,connection.duration,connection.orig_bytes,connection.orig_ip_bytes,connection.orig_p,connection.orig_pkts,connection.proto,connection.resp_bytes,connection.resp_ip_bytes,connection.resp_p,connection.resp_pkts,connection.service,connection.ts,responded_ip,dns_count,ssh_count,http_count,ssl_count,files_count,dns_qtype,dns_rcode,ssh_auth_attempts,ssh_host_key,http_method,http_status_code,http_user_agent,ssl_version,ssl_cipher,ssl_curve,ssl_validation_status,files_source,file_md5,dns_dicts,ssh_dicts,http_dicts,ssl_dicts,files_dicts
184.73.198.136,0x1b780c,CQAYZz39alEBjvwWDh,SF,1.43914,962,1374,50699,10,tcp,5048,5420,443,9,ssl,2017-07-06T13:51:42.255744Z,192.168.10.8,0,0,0,1,3,[],[],[],[],[],[],[],['TLSv12'],['TLS_ECDHE_RSA_WITH_AES_128_GCM_SHA256'],[None],[None],['SSL'],"['345eff15b7a49add451b65a7f4bdc6ae', '36ba4bc015940a584f4b78ba4ae18e8f', '9fc05d26f1654e9339be10a81016e954']",[],[],[],"[{'ssl.cipher': 'TLS_ECDHE_RSA_WITH_AES_128_GCM_SHA256', 'ssl.validation_status': None, 'ssl.curve': None, 'ssl.version': 'TLSv12', 'count': 1}]","[{'file.md5s': {'345eff15b7a49add451b65a7f4bdc6ae', '36ba4bc015940a584f4b78ba4ae18e8f', '9fc05d26f1654e9339be10a81016e954'}, 'files.source': 'SSL', 'count': 3}]"
184.73.198.136,0x21938a,Cff7bU3OXPVnbP8Ng,SF,0.207504,892,1352,43630,11,tcp,5033,5405,443,9,ssl,2017-07-06T14:01:31.593706Z,192.168.10.12,0,0,0,1,0,[],[],[],[],[],[],[],['TLSv12'],['TLS_ECDHE_RSA_WITH_AES_128_GCM_SHA256'],[None],[None],[],[],[],[],[],"[{'ssl.cipher': 'TLS_ECDHE_RSA_WITH_AES_128_GCM_SHA256', 'ssl.validation_status': None, 'ssl.curve': None, 'ssl.version': 'TLSv12', 'count': 1}]",[]
184.73.198.136,0x2aba20,CAVwxG4NUUCmzr06U5,SF,0.456783,1158,1490,50713,8,tcp,586,918,443,8,ssl,2017-07-06T13:51:43.022251Z,192.168.10.8,0,0,0,1,0,[],[],[],[],[],[],[],['TLSv12'],['TLS_ECDHE_RSA_WITH_AES_128_GCM_SHA256'],[None],[None],[],[],[],[],[],"[{'ssl.cipher': 'TLS_ECDHE_RSA_WITH_AES_128_GCM_SHA256', 'ssl.validation_status': None, 'ssl.curve': None, 'ssl.version': 'TLSv12', 'count': 1}]",[]
184.73.198.136,0x2f4e1b,Cs2Ncb3CH9ZGkQLJyb,SF,1.436297,914,1286,50668,9,tcp,5047,5419,443,9,ssl,2017-07-06T13:51:42.009079Z,192.168.10.8,0,0,0,1,3,[],[],[],[],[],[],[],['TLSv12'],['TLS_ECDHE_RSA_WITH_AES_128_GCM_SHA256'],[None],[None],['SSL'],"['345eff15b7a49add451b65a7f4bdc6ae', '36ba4bc015940a584f4b78ba4ae18e8f', '9fc05d26f1654e9339be10a81016e954']",[],[],[],"[{'ssl.cipher': 'TLS_ECDHE_RSA_WITH_AES_128_GCM_SHA256', 'ssl.validation_status': None, 'ssl.curve': None, 'ssl.version': 'TLSv12', 'count': 1}]","[{'file.md5s': {'345eff15b7a49add451b65a7f4bdc6ae', '36ba4bc015940a584f4b78ba4ae18e8f', '9fc05d26f1654e9339be10a81016e954'}, 'files.source': 'SSL', 'count': 3}]"
