originated_ip,uid,connection.uid,connection.conn_state,connection.duration,connection.orig_bytes,connection.orig_ip_bytes,connection.orig_p,connection.orig_pkts,connection.proto,connection.resp_bytes,connection.resp_ip_bytes,connection.resp_p,connection.resp_pkts,connection.service,connection.ts,responded_ip,dns_count,ssh_count,http_count,ssl_count,files_count,dns_qtype,dns_rcode,ssh_auth_attempts,ssh_host_key,http_method,http_status_code,http_user_agent,ssl_version,ssl_cipher,ssl_curve,ssl_validation_status,files_source,file_md5,dns_dicts,ssh_dicts,http_dicts,ssl_dicts,files_dicts
172.217.3.98,0x49678,CioZZ71q6VHoHfe9k,SF,190.745975,12024,13716,53799,42,tcp,5796,7688,443,47,ssl,2017-07-06T13:45:22.888211Z,192.168.10.15,0,0,0,1,3,[],[],[],[],[],[],[],['TLSv12'],['TLS_ECDHE_RSA_WITH_AES_128_GCM_SHA256'],[None],[None],['SSL'],"['2e7db2a31d0e3da4b25f49b9542a2e1a', '17866ccbd224bd2ff9df48b95118f935', '0a0c52c7c8ad1678e13b59c49dfe62dc']",[],[],[],"[{'ssl.cipher': 'TLS_ECDHE_RSA_WITH_AES_128_GCM_SHA256', 'ssl.validation_status': None, 'ssl.curve': None, 'ssl.version': 'TLSv12', 'count': 1}]","[{'file.md5s': {'2e7db2a31d0e3da4b25f49b9542a2e1a', '17866ccbd224bd2ff9df48b95118f935', '0a0c52c7c8ad1678e13b59c49dfe62dc'}, 'files.source': 'SSL', 'count': 3}]"
172.217.3.98,0xf4492,CQX6981btbg72XxT1e,SF,336.792953,2648,4072,50158,35,tcp,7951,9403,443,36,ssl,2017-07-06T13:43:37.686549Z,192.168.10.8,0,0,0,1,3,[],[],[],[],[],[],[],['TLSv12'],['TLS_ECDHE_RSA_WITH_AES_128_GCM_SHA256'],[None],[None],['SSL'],"['2e7db2a31d0e3da4b25f49b9542a2e1a', '17866ccbd224bd2ff9df48b95118f935', '0a0c52c7c8ad1678e13b59c49dfe62dc']",[],[],[],"[{'ssl.cipher': 'TLS_ECDHE_RSA_WITH_AES_128_GCM_SHA256', 'ssl.validation_status': None, 'ssl.curve': None, 'ssl.version': 'TLSv12', 'count': 1}]","[{'file.md5s': {'2e7db2a31d0e3da4b25f49b9542a2e1a', '17866ccbd224bd2ff9df48b95118f935', '0a0c52c7c8ad1678e13b59c49dfe62dc'}, 'files.source': 'SSL', 'count': 3}]"
172.217.3.98,0x231abd,Cgoa4K1gJErp9VC6li,RSTO,0.326704,541,953,50157,10,tcp,4166,4538,443,9,ssl,2017-07-06T13:43:37.686432Z,192.168.10.8,0,0,0,1,3,[],[],[],[],[],[],[],['TLSv12'],['TLS_ECDHE_RSA_WITH_AES_128_GCM_SHA256'],[None],[None],['SSL'],"['2e7db2a31d0e3da4b25f49b9542a2e1a', '17866ccbd224bd2ff9df48b95118f935', '0a0c52c7c8ad1678e13b59c49dfe62dc']",[],[],[],"[{'ssl.cipher': 'TLS_ECDHE_RSA_WITH_AES_128_GCM_SHA256', 'ssl.validation_status': None, 'ssl.curve': None, 'ssl.version': 'TLSv12', 'count': 1}]","[{'file.md5s': {'2e7db2a31d0e3da4b25f49b9542a2e1a', '17866ccbd224bd2ff9df48b95118f935', '0a0c52c7c8ad1678e13b59c49dfe62dc'}, 'files.source': 'SSL', 'count': 3}]"
172.217.3.98,0x2932ef,CzTtiw2WxRIQ6FZLvj,RSTO,0.933463,510,882,53857,9,tcp,4447,4779,443,8,ssl,2017-07-06T13:45:25.577749Z,192.168.10.15,0,0,0,1,3,[],[],[],[],[],[],[],['TLSv12'],['TLS_ECDHE_ECDSA_WITH_AES_128_GCM_SHA256'],[None],[None],['SSL'],"['2e7db2a31d0e3da4b25f49b9542a2e1a', '17866ccbd224bd2ff9df48b95118f935', 'd3e4d146acfc49c2e28249dcdcfacaee']",[],[],[],"[{'ssl.cipher': 'TLS_ECDHE_ECDSA_WITH_AES_128_GCM_SHA256', 'ssl.validation_status': None, 'ssl.curve': None, 'ssl.version': 'TLSv12', 'count': 1}]","[{'file.md5s': {'2e7db2a31d0e3da4b25f49b9542a2e1a', '17866ccbd224bd2ff9df48b95118f935', 'd3e4d146acfc49c2e28249dcdcfacaee'}, 'files.source': 'SSL', 'count': 3}]"
