originated_ip,uid,connection.uid,connection.conn_state,connection.duration,connection.orig_bytes,connection.orig_ip_bytes,connection.orig_p,connection.orig_pkts,connection.proto,connection.resp_bytes,connection.resp_ip_bytes,connection.resp_p,connection.resp_pkts,connection.service,connection.ts,responded_ip,dns_count,ssh_count,http_count,ssl_count,files_count,dns_qtype,dns_rcode,ssh_auth_attempts,ssh_host_key,http_method,http_status_code,http_user_agent,ssl_version,ssl_cipher,ssl_curve,ssl_validation_status,files_source,file_md5,dns_dicts,ssh_dicts,http_dicts,ssl_dicts,files_dicts
148.251.237.106,0x61ae3,C7lvbuzBiuDRE80m8,RSTO,0.538801,528,940,54109,10,tcp,5433,5845,443,10,ssl,2017-07-06T13:49:14.724847Z,192.168.10.15,0,0,0,1,4,[],[],[],[],[],[],[],['TLSv12'],['TLS_ECDHE_RSA_WITH_AES_128_GCM_SHA256'],[None],[None],['SSL'],"['1edaf9ae99ce2920667d0e9a8b3f8c9c', '83e10465b722ef33ff0b6f535e8d996b', '4eead41533ed9f4eec94e0d425c48df1', '2971117aa4d0a3c3cb8e32031aa5c6f4']",[],[],[],"[{'ssl.cipher': 'TLS_ECDHE_RSA_WITH_AES_128_GCM_SHA256', 'ssl.validation_status': None, 'ssl.curve': None, 'ssl.version': 'TLSv12', 'count': 1}]","[{'file.md5s': {'1edaf9ae99ce2920667d0e9a8b3f8c9c', '83e10465b722ef33ff0b6f535e8d996b', '4eead41533ed9f4eec94e0d425c48df1', '2971117aa4d0a3c3cb8e32031aa5c6f4'}, 'files.source': 'SSL', 'count': 4}]"
148.251.237.106,0xc3570,CmqkJY1SBfIekKM8Nh,SF,0.569057,559,1011,54110,11,tcp,5433,5845,443,10,ssl,2017-07-06T13:49:14.725Z,192.168.10.15,0,0,0,1,4,[],[],[],[],[],[],[],['TLSv12'],['TLS_ECDHE_RSA_WITH_AES_128_GCM_SHA256'],[None],[None],['SSL'],"['1edaf9ae99ce2920667d0e9a8b3f8c9c', '4eead41533ed9f4eec94e0d425c48df1', '83e10465b722ef33ff0b6f535e8d996b', '2971117aa4d0a3c3cb8e32031aa5c6f4']",[],[],[],"[{'ssl.cipher': 'TLS_ECDHE_RSA_WITH_AES_128_GCM_SHA256', 'ssl.validation_status': None, 'ssl.curve': None, 'ssl.version': 'TLSv12', 'count': 1}]","[{'file.md5s': {'1edaf9ae99ce2920667d0e9a8b3f8c9c', '4eead41533ed9f4eec94e0d425c48df1', '83e10465b722ef33ff0b6f535e8d996b', '2971117aa4d0a3c3cb8e32031aa5c6f4'}, 'files.source': 'SSL', 'count': 4}]"
148.251.237.106,0x13d68d,CcZCxB3yB1U1tdgBFb,SF,181.870329,13647,14779,54108,28,tcp,7078,8250,443,29,ssl,2017-07-06T13:49:14.724559Z,192.168.10.15,0,0,0,1,4,[],[],[],[],[],[],[],['TLSv12'],['TLS_ECDHE_RSA_WITH_AES_128_GCM_SHA256'],[None],[None],['SSL'],"['1edaf9ae99ce2920667d0e9a8b3f8c9c', '4eead41533ed9f4eec94e0d425c48df1', '83e10465b722ef33ff0b6f535e8d996b', '2971117aa4d0a3c3cb8e32031aa5c6f4']",[],[],[],"[{'ssl.cipher': 'TLS_ECDHE_RSA_WITH_AES_128_GCM_SHA256', 'ssl.validation_status': None, 'ssl.curve': None, 'ssl.version': 'TLSv12', 'count': 1}]","[{'file.md5s': {'1edaf9ae99ce2920667d0e9a8b3f8c9c', '4eead41533ed9f4eec94e0d425c48df1', '83e10465b722ef33ff0b6f535e8d996b', '2971117aa4d0a3c3cb8e32031aa5c6f4'}, 'files.source': 'SSL', 'count': 4}]"
148.251.237.106,0x200b8b,Cv1Ki61ccuf3E7lVH,SF,0.848297,2701,3353,54111,16,tcp,8503,9155,443,16,ssl,2017-07-06T13:49:14.72514Z,192.168.10.15,0,0,0,1,4,[],[],[],[],[],[],[],['TLSv12'],['TLS_ECDHE_RSA_WITH_AES_128_GCM_SHA256'],[None],[None],['SSL'],"['1edaf9ae99ce2920667d0e9a8b3f8c9c', '83e10465b722ef33ff0b6f535e8d996b', '4eead41533ed9f4eec94e0d425c48df1', '2971117aa4d0a3c3cb8e32031aa5c6f4']",[],[],[],"[{'ssl.cipher': 'TLS_ECDHE_RSA_WITH_AES_128_GCM_SHA256', 'ssl.validation_status': None, 'ssl.curve': None, 'ssl.version': 'TLSv12', 'count': 1}]","[{'file.md5s': {'1edaf9ae99ce2920667d0e9a8b3f8c9c', '83e10465b722ef33ff0b6f535e8d996b', '4eead41533ed9f4eec94e0d425c48df1', '2971117aa4d0a3c3cb8e32031aa5c6f4'}, 'files.source': 'SSL', 'count': 4}]"
