originated_ip,uid,connection.uid,connection.conn_state,connection.duration,connection.orig_bytes,connection.orig_ip_bytes,connection.orig_p,connection.orig_pkts,connection.proto,connection.resp_bytes,connection.resp_ip_bytes,connection.resp_p,connection.resp_pkts,connection.service,connection.ts,responded_ip,dns_count,ssh_count,http_count,ssl_count,files_count,dns_qtype,dns_rcode,ssh_auth_attempts,ssh_host_key,http_method,http_status_code,http_user_agent,ssl_version,ssl_cipher,ssl_curve,ssl_validation_status,files_source,file_md5,dns_dicts,ssh_dicts,http_dicts,ssl_dicts,files_dicts
169.54.33.150,0x61ade,CACN494so1z6oTAOK1,SF,65.188602,1378,2036,54068,16,tcp,3956,4640,443,15,ssl,2017-07-06T13:49:13.510057Z,192.168.10.15,0,0,0,1,2,[],[],[],[],[],[],[],['TLSv12'],['TLS_ECDHE_RSA_WITH_AES_128_GCM_SHA256'],[None],[None],['SSL'],"['c98a5202c10a5914228378b09052b8e5', '901103db6490bcba382e65f965386519']",[],[],[],"[{'ssl.cipher': 'TLS_ECDHE_RSA_WITH_AES_128_GCM_SHA256', 'ssl.validation_status': None, 'ssl.curve': None, 'ssl.version': 'TLSv12', 'count': 1}]","[{'file.md5s': {'c98a5202c10a5914228378b09052b8e5', '901103db6490bcba382e65f965386519'}, 'files.source': 'SSL', 'count': 2}]"
169.54.33.150,0x21920d,CUbwPR1qO2wDoEpnM7,SF,5.972198,350,722,54071,9,tcp,3431,3683,443,6,ssl,2017-07-06T13:49:13.549824Z,192.168.10.15,0,0,0,1,2,[],[],[],[],[],[],[],['TLSv12'],['TLS_ECDHE_RSA_WITH_AES_128_GCM_SHA256'],[None],[None],['SSL'],"['c98a5202c10a5914228378b09052b8e5', '901103db6490bcba382e65f965386519']",[],[],[],"[{'ssl.cipher': 'TLS_ECDHE_RSA_WITH_AES_128_GCM_SHA256', 'ssl.validation_status': None, 'ssl.curve': None, 'ssl.version': 'TLSv12', 'count': 1}]","[{'file.md5s': {'c98a5202c10a5914228378b09052b8e5', '901103db6490bcba382e65f965386519'}, 'files.source': 'SSL', 'count': 2}]"
169.54.33.150,0x27aca0,CtHbww1YHE4ttbvah6,SF,65.337004,1945,2683,54067,18,tcp,4607,5331,443,16,ssl,2017-07-06T13:49:13.509667Z,192.168.10.15,0,0,0,1,2,[],[],[],[],[],[],[],['TLSv12'],['TLS_ECDHE_RSA_WITH_AES_128_GCM_SHA256'],[None],[None],['SSL'],"['c98a5202c10a5914228378b09052b8e5', '901103db6490bcba382e65f965386519']",[],[],[],"[{'ssl.cipher': 'TLS_ECDHE_RSA_WITH_AES_128_GCM_SHA256', 'ssl.validation_status': None, 'ssl.curve': None, 'ssl.version': 'TLSv12', 'count': 1}]","[{'file.md5s': {'c98a5202c10a5914228378b09052b8e5', '901103db6490bcba382e65f965386519'}, 'files.source': 'SSL', 'count': 2}]"
169.54.33.150,0x2dc725,CFS3w42U0aCBL8DAhf,SF,5.972557,350,722,54072,9,tcp,3431,3683,443,6,ssl,2017-07-06T13:49:13.549965Z,192.168.10.15,0,0,0,1,2,[],[],[],[],[],[],[],['TLSv12'],['TLS_ECDHE_RSA_WITH_AES_128_GCM_SHA256'],[None],[None],['SSL'],"['c98a5202c10a5914228378b09052b8e5', '901103db6490bcba382e65f965386519']",[],[],[],"[{'ssl.cipher': 'TLS_ECDHE_RSA_WITH_AES_128_GCM_SHA256', 'ssl.validation_status': None, 'ssl.curve': None, 'ssl.version': 'TLSv12', 'count': 1}]","[{'file.md5s': {'c98a5202c10a5914228378b09052b8e5', '901103db6490bcba382e65f965386519'}, 'files.source': 'SSL', 'count': 2}]"
