originated_ip,uid,connection.uid,connection.conn_state,connection.duration,connection.orig_bytes,connection.orig_ip_bytes,connection.orig_p,connection.orig_pkts,connection.proto,connection.resp_bytes,connection.resp_ip_bytes,connection.resp_p,connection.resp_pkts,connection.service,connection.ts,responded_ip,dns_count,ssh_count,http_count,ssl_count,files_count,dns_qtype,dns_rcode,ssh_auth_attempts,ssh_host_key,http_method,http_status_code,http_user_agent,ssl_version,ssl_cipher,ssl_curve,ssl_validation_status,files_source,file_md5,dns_dicts,ssh_dicts,http_dicts,ssl_dicts,files_dicts
104.88.70.158,0xc3765,CPLp0VkId8GGi8c48,SF,5.18932,347,759,50943,10,tcp,4822,5194,443,9,ssl,2017-07-06T13:38:12.536486Z,192.168.10.5,0,0,0,1,3,[],[],[],[],[],[],[],['TLSv12'],['TLS_ECDHE_RSA_WITH_AES_256_GCM_SHA384'],[None],[None],['SSL'],"['23d5858ebc8986107cb7ac1e17f726c5', 'f91ffee6a36b998841d467dde5f8977a', '797958945a2b4ffd262c294d769e06fc']",[],[],[],"[{'ssl.cipher': 'TLS_ECDHE_RSA_WITH_AES_256_GCM_SHA384', 'ssl.validation_status': None, 'ssl.curve': None, 'ssl.version': 'TLSv12', 'count': 1}]","[{'file.md5s': {'23d5858ebc8986107cb7ac1e17f726c5', 'f91ffee6a36b998841d467dde5f8977a', '797958945a2b4ffd262c294d769e06fc'}, 'files.source': 'SSL', 'count': 3}]"
104.88.70.158,0x21920b,CX5SAr0cC0b3hGVdh,SF,5.3593,347,759,54059,10,tcp,4822,5194,443,9,ssl,2017-07-06T13:49:13.133553Z,192.168.10.15,0,0,0,1,3,[],[],[],[],[],[],[],['TLSv12'],['TLS_ECDHE_RSA_WITH_AES_256_GCM_SHA384'],[None],[None],['SSL'],"['23d5858ebc8986107cb7ac1e17f726c5', 'f91ffee6a36b998841d467dde5f8977a', '797958945a2b4ffd262c294d769e06fc']",[],[],[],"[{'ssl.cipher': 'TLS_ECDHE_RSA_WITH_AES_256_GCM_SHA384', 'ssl.validation_status': None, 'ssl.curve': None, 'ssl.version': 'TLSv12', 'count': 1}]","[{'file.md5s': {'23d5858ebc8986107cb7ac1e17f726c5', 'f91ffee6a36b998841d467dde5f8977a', '797958945a2b4ffd262c294d769e06fc'}, 'files.source': 'SSL', 'count': 3}]"
104.88.70.158,0x2c40b1,CEYng71ZLL38mSQVwh,RSTR,115.350453,675,1818,54058,28,tcp,25460,26844,443,31,ssl,2017-07-06T13:49:13.133393Z,192.168.10.15,0,0,0,1,0,[],[],[],[],[],[],[],['TLSv12'],['TLS_ECDHE_RSA_WITH_AES_256_GCM_SHA384'],[None],[None],[],[],[],[],[],"[{'ssl.cipher': 'TLS_ECDHE_RSA_WITH_AES_256_GCM_SHA384', 'ssl.validation_status': None, 'ssl.curve': None, 'ssl.version': 'TLSv12', 'count': 1}]",[]
104.88.70.158,0x2f4fd0,C3UWm7kTztF8Zp93i,RSTR,115.470309,672,1855,50942,29,tcp,25460,26884,443,32,ssl,2017-07-06T13:38:12.536346Z,192.168.10.5,0,0,0,1,3,[],[],[],[],[],[],[],['TLSv12'],['TLS_ECDHE_RSA_WITH_AES_256_GCM_SHA384'],[None],[None],['SSL'],"['23d5858ebc8986107cb7ac1e17f726c5', 'f91ffee6a36b998841d467dde5f8977a', '797958945a2b4ffd262c294d769e06fc']",[],[],[],"[{'ssl.cipher': 'TLS_ECDHE_RSA_WITH_AES_256_GCM_SHA384', 'ssl.validation_status': None, 'ssl.curve': None, 'ssl.version': 'TLSv12', 'count': 1}]","[{'file.md5s': {'23d5858ebc8986107cb7ac1e17f726c5', 'f91ffee6a36b998841d467dde5f8977a', '797958945a2b4ffd262c294d769e06fc'}, 'files.source': 'SSL', 'count': 3}]"
