originated_ip,uid,connection.uid,connection.conn_state,connection.duration,connection.orig_bytes,connection.orig_ip_bytes,connection.orig_p,connection.orig_pkts,connection.proto,connection.resp_bytes,connection.resp_ip_bytes,connection.resp_p,connection.resp_pkts,connection.service,connection.ts,responded_ip,dns_count,ssh_count,http_count,ssl_count,files_count,dns_qtype,dns_rcode,ssh_auth_attempts,ssh_host_key,http_method,http_status_code,http_user_agent,ssl_version,ssl_cipher,ssl_curve,ssl_validation_status,files_source,file_md5,dns_dicts,ssh_dicts,http_dicts,ssl_dicts,files_dicts
185.147.176.24,0xc39ae,CeEpcN16udpsjGT5Y2,SF,10.367678,350,602,2930,6,tcp,1547,1799,80,6,http,2017-07-06T13:52:04.027247Z,192.168.10.9,0,0,1,0,1,[],[],[],[],['GET'],[200],[None],[],[],[],[],['HTTP'],['59f7a2d7b89db5153a3aa56f648594b8'],[],[],"[{'http.method': 'GET', 'http.user_agent': None, 'http.status_code': 200, 'count': 1}]",[],"[{'file.md5s': {'59f7a2d7b89db5153a3aa56f648594b8'}, 'files.source': 'HTTP', 'count': 1}]"
185.147.176.24,0x186eb5,CA2gdv4YVQYBL69Kx5,SF,10.390577,412,705,2917,7,tcp,3538,3910,80,9,http,2017-07-06T13:52:03.590915Z,192.168.10.9,0,0,1,0,1,[],[],[],[],['GET'],[200],[None],[],[],[],[],['HTTP'],['a16f85ae1369260a60f4c8c3d2d46792'],[],[],"[{'http.method': 'GET', 'http.user_agent': None, 'http.status_code': 200, 'count': 1}]",[],"[{'file.md5s': {'a16f85ae1369260a60f4c8c3d2d46792'}, 'files.source': 'HTTP', 'count': 1}]"
185.147.176.24,0x186ebb,COiLP841JgkeqX35m5,SF,5.486519,0,172,2918,4,tcp,187,359,80,4,,2017-07-06T13:52:03.640866Z,192.168.10.9,0,0,1,0,1,[],[],[],[],[''],[400],[None],[],[],[],[],['HTTP'],['01f4771c47a56dbdf77642c80eb9b799'],[],[],"[{'http.method': '', 'http.user_agent': None, 'http.status_code': 400, 'count': 1}]",[],"[{'file.md5s': {'01f4771c47a56dbdf77642c80eb9b799'}, 'files.source': 'HTTP', 'count': 1}]"
185.147.176.24,0x29378c,Co1u1o1wBBEMMNBT23,SF,10.377928,425,1357,2929,23,tcp,54993,56445,80,36,http,2017-07-06T13:52:04.02718Z,192.168.10.9,0,0,1,0,1,[],[],[],[],['GET'],[200],[None],[],[],[],[],['HTTP'],[''],[],[],"[{'http.method': 'GET', 'http.user_agent': None, 'http.status_code': 200, 'count': 1}]",[],"[{'file.md5s': {''}, 'files.source': 'HTTP', 'count': 1}]"
