originated_ip,uid,connection.uid,connection.conn_state,connection.duration,connection.orig_bytes,connection.orig_ip_bytes,connection.orig_p,connection.orig_pkts,connection.proto,connection.resp_bytes,connection.resp_ip_bytes,connection.resp_p,connection.resp_pkts,connection.service,connection.ts,responded_ip,dns_count,ssh_count,http_count,ssl_count,files_count,dns_qtype,dns_rcode,ssh_auth_attempts,ssh_host_key,http_method,http_status_code,http_user_agent,ssl_version,ssl_cipher,ssl_curve,ssl_validation_status,files_source,file_md5,dns_dicts,ssh_dicts,http_dicts,ssl_dicts,files_dicts
185.36.171.181,0x49400,CRegnq1KtaI2Vzxylf,SF,0.262978,301,513,61364,5,tcp,1786,1998,80,5,http,2017-07-06T13:40:26.806706Z,192.168.10.14,0,0,1,0,1,[],[],[],[],['GET'],[200],[None],[],[],[],[],['HTTP'],['32017ba16ff325bd5063d91d7be2b00b'],[],[],"[{'http.method': 'GET', 'http.user_agent': None, 'http.status_code': 200, 'count': 1}]",[],"[{'file.md5s': {'32017ba16ff325bd5063d91d7be2b00b'}, 'files.source': 'HTTP', 'count': 1}]"
185.36.171.181,0xdbd4b,CqsZ5326H0UhUHGbrk,SF,3.657016,408,700,61363,7,tcp,7678,8010,80,8,http,2017-07-06T13:40:26.806608Z,192.168.10.14,0,0,1,0,1,[],[],[],[],['GET'],[200],[None],[],[],[],[],['HTTP'],[''],[],[],"[{'http.method': 'GET', 'http.user_agent': None, 'http.status_code': 200, 'count': 1}]",[],"[{'file.md5s': {''}, 'files.source': 'HTTP', 'count': 1}]"
185.36.171.181,0x21934d,CJFlgA1pA4AC6VuqVh,SF,0.254255,320,532,61488,5,tcp,293,465,80,4,http,2017-07-06T13:40:30.340075Z,192.168.10.14,0,0,1,0,1,[],[],[],[],['GET'],[200],[None],[],[],[],[],['HTTP'],['d8bceb62778602b8b1c46f401f42cb33'],[],[],"[{'http.method': 'GET', 'http.user_agent': None, 'http.status_code': 200, 'count': 1}]",[],"[{'file.md5s': {'d8bceb62778602b8b1c46f401f42cb33'}, 'files.source': 'HTTP', 'count': 1}]"
185.36.171.181,0x293630,CUl25b4JSMOVqbO2pj,SF,6.1282,0,172,61489,4,tcp,0,92,80,2,,2017-07-06T13:40:30.387953Z,192.168.10.14,0,0,0,0,0,[],[],[],[],[],[],[],[],[],[],[],[],[],[],[],[],[],[]
