originated_ip,uid,connection.uid,connection.conn_state,connection.duration,connection.orig_bytes,connection.orig_ip_bytes,connection.orig_p,connection.orig_pkts,connection.proto,connection.resp_bytes,connection.resp_ip_bytes,connection.resp_p,connection.resp_pkts,connection.service,connection.ts,responded_ip,dns_count,ssh_count,http_count,ssl_count,files_count,dns_qtype,dns_rcode,ssh_auth_attempts,ssh_host_key,http_method,http_status_code,http_user_agent,ssl_version,ssl_cipher,ssl_curve,ssl_validation_status,files_source,file_md5,dns_dicts,ssh_dicts,http_dicts,ssl_dicts,files_dicts
192.82.242.21,0x188c2,CHe6b24DrQQTmCC066,SF,0.371345,2813,3225,53684,10,tcp,5857,6301,443,11,ssl,2017-07-06T13:41:30.787671Z,192.168.10.15,0,0,0,1,3,[],[],[],[],[],[],[],['TLSv12'],['TLS_RSA_WITH_3DES_EDE_CBC_SHA'],[None],[None],['SSL'],"['1edaf9ae99ce2920667d0e9a8b3f8c9c', '9129733212d5f5651864d86b7bae0b98', 'db8d951b442ca02001a94b9de11b05f9']",[],[],[],"[{'ssl.cipher': 'TLS_RSA_WITH_3DES_EDE_CBC_SHA', 'ssl.validation_status': None, 'ssl.curve': None, 'ssl.version': 'TLSv12', 'count': 1}]","[{'file.md5s': {'1edaf9ae99ce2920667d0e9a8b3f8c9c', '9129733212d5f5651864d86b7bae0b98', 'db8d951b442ca02001a94b9de11b05f9'}, 'files.source': 'SSL', 'count': 3}]"
192.82.242.21,0x155edf,CJLhYx2mITL4z1M0r5,SF,5.50672,560,972,53683,10,tcp,4567,4931,443,9,ssl,2017-07-06T13:41:30.787527Z,192.168.10.15,0,0,0,1,3,[],[],[],[],[],[],[],['TLSv12'],['TLS_RSA_WITH_3DES_EDE_CBC_SHA'],[None],[None],['SSL'],"['1edaf9ae99ce2920667d0e9a8b3f8c9c', '9129733212d5f5651864d86b7bae0b98', 'db8d951b442ca02001a94b9de11b05f9']",[],[],[],"[{'ssl.cipher': 'TLS_RSA_WITH_3DES_EDE_CBC_SHA', 'ssl.validation_status': None, 'ssl.curve': None, 'ssl.version': 'TLSv12', 'count': 1}]","[{'file.md5s': {'1edaf9ae99ce2920667d0e9a8b3f8c9c', '9129733212d5f5651864d86b7bae0b98', 'db8d951b442ca02001a94b9de11b05f9'}, 'files.source': 'SSL', 'count': 3}]"
192.82.242.21,0x16e378,CkwTpP2y0rHrbE168k,SF,6.058306,592,964,53905,9,tcp,4567,4971,443,10,ssl,2017-07-06T13:45:28.230403Z,192.168.10.15,0,0,0,1,3,[],[],[],[],[],[],[],['TLSv12'],['TLS_RSA_WITH_3DES_EDE_CBC_SHA'],[None],[None],['SSL'],"['1edaf9ae99ce2920667d0e9a8b3f8c9c', '9129733212d5f5651864d86b7bae0b98', 'db8d951b442ca02001a94b9de11b05f9']",[],[],[],"[{'ssl.cipher': 'TLS_RSA_WITH_3DES_EDE_CBC_SHA', 'ssl.validation_status': None, 'ssl.curve': None, 'ssl.version': 'TLSv12', 'count': 1}]","[{'file.md5s': {'1edaf9ae99ce2920667d0e9a8b3f8c9c', '9129733212d5f5651864d86b7bae0b98', 'db8d951b442ca02001a94b9de11b05f9'}, 'files.source': 'SSL', 'count': 3}]"
192.82.242.21,0x2f4d72,C9e9B31ueImZe6PxUj,SF,1.233668,5120,5572,53911,11,tcp,5553,6077,443,13,ssl,2017-07-06T13:45:28.231389Z,192.168.10.15,0,0,0,1,3,[],[],[],[],[],[],[],['TLSv12'],['TLS_RSA_WITH_3DES_EDE_CBC_SHA'],[None],[None],['SSL'],"['1edaf9ae99ce2920667d0e9a8b3f8c9c', '9129733212d5f5651864d86b7bae0b98', 'db8d951b442ca02001a94b9de11b05f9']",[],[],[],"[{'ssl.cipher': 'TLS_RSA_WITH_3DES_EDE_CBC_SHA', 'ssl.validation_status': None, 'ssl.curve': None, 'ssl.version': 'TLSv12', 'count': 1}]","[{'file.md5s': {'1edaf9ae99ce2920667d0e9a8b3f8c9c', '9129733212d5f5651864d86b7bae0b98', 'db8d951b442ca02001a94b9de11b05f9'}, 'files.source': 'SSL', 'count': 3}]"
