originated_ip,uid,connection.uid,connection.conn_state,connection.duration,connection.orig_bytes,connection.orig_ip_bytes,connection.orig_p,connection.orig_pkts,connection.proto,connection.resp_bytes,connection.resp_ip_bytes,connection.resp_p,connection.resp_pkts,connection.service,connection.ts,responded_ip,dns_count,ssh_count,http_count,ssl_count,files_count,dns_qtype,dns_rcode,ssh_auth_attempts,ssh_host_key,http_method,http_status_code,http_user_agent,ssl_version,ssl_cipher,ssl_curve,ssl_validation_status,files_source,file_md5,dns_dicts,ssh_dicts,http_dicts,ssl_dicts,files_dicts
140.90.33.21,0x18b7c,CQNS6x240Xlq0lmGU2,S0,0.0,0,48,51022,1,tcp,0,0,443,0,,2017-07-06T13:48:14.167367Z,192.168.10.5,0,0,0,0,0,,,,,,,,,,,,,,,,,,
140.90.33.21,0x7a5fe,CfNqO44M1XZDjSRqqf,S0,2.999639,0,104,51023,2,tcp,0,0,443,0,,2017-07-06T13:48:05.448965Z,192.168.10.5,0,0,0,0,0,,,,,,,,,,,,,,,,,,
140.90.33.21,0x1561a5,CgRpWY18fW6nBn51X2,S0,2.999655,0,104,51022,2,tcp,0,0,443,0,,2017-07-06T13:48:05.167739Z,192.168.10.5,0,0,0,0,0,,,,,,,,,,,,,,,,,,
140.90.33.21,0x1561a8,CQ3Z9645IQl6bpUwm6,S0,0.0,0,48,51023,1,tcp,0,0,443,0,,2017-07-06T13:48:14.448611Z,192.168.10.5,0,0,0,0,0,,,,,,,,,,,,,,,,,,
