originated_ip,uid,connection.uid,connection.conn_state,connection.duration,connection.orig_bytes,connection.orig_ip_bytes,connection.orig_p,connection.orig_pkts,connection.proto,connection.resp_bytes,connection.resp_ip_bytes,connection.resp_p,connection.resp_pkts,connection.service,connection.ts,responded_ip,dns_count,ssh_count,http_count,ssl_count,files_count,dns_qtype,dns_rcode,ssh_auth_attempts,ssh_host_key,http_method,http_status_code,http_user_agent,ssl_version,ssl_cipher,ssl_curve,ssl_validation_status,files_source,file_md5,dns_dicts,ssh_dicts,http_dicts,ssl_dicts,files_dicts
180.189.10.49,0x92cfd,Ca1aLs3QwqIhVIjq16,SF,5.548527,0,172,50415,4,tcp,0,128,80,3,,2017-07-06T13:48:58.03588Z,192.168.10.8,0,0,0,0,0,[],[],[],[],[],[],[],[],[],[],[],[],[],[],[],[],[],[]
180.189.10.49,0xf4618,C18gQD1TbGVfSiWWG6,SF,4.045497,1985,2397,50397,10,tcp,11657,12305,80,16,http,2017-07-06T13:48:57.662067Z,192.168.10.8,0,0,1,0,3,[],[],[],[],['GET'],[200],[None],[],[],[],[],['HTTP'],"['', '729c3007a8ed0597531b0c76d54a94bb', 'dc5d1eb4ae6018a97fde61480db0ee29']",[],[],"[{'http.method': 'GET', 'http.user_agent': None, 'http.status_code': 200, 'count': 1}]",[],"[{'file.md5s': {'', '729c3007a8ed0597531b0c76d54a94bb', 'dc5d1eb4ae6018a97fde61480db0ee29'}, 'files.source': 'HTTP', 'count': 3}]"
180.189.10.49,0x27b024,CT23Ybvqov0OsCvx,SF,3.79903,1371,1755,50416,9,tcp,537,1207,80,8,http,2017-07-06T13:48:58.035904Z,192.168.10.8,0,0,1,0,2,[],[],[],[],['GET'],[200],[None],[],[],[],[],['HTTP'],"['eae136b5e704fd8d42344a8155c06815', '729c3007a8ed0597531b0c76d54a94bb']",[],[],"[{'http.method': 'GET', 'http.user_agent': None, 'http.status_code': 200, 'count': 1}]",[],"[{'file.md5s': {'eae136b5e704fd8d42344a8155c06815', '729c3007a8ed0597531b0c76d54a94bb'}, 'files.source': 'HTTP', 'count': 2}]"
180.189.10.49,0x2c43eb,CE7vYd2eKwQcyQNWFi,SF,4.094964,2288,2712,50398,10,tcp,2697,3380,80,12,http,2017-07-06T13:48:57.662254Z,192.168.10.8,0,0,1,0,4,[],[],[],[],['GET'],[200],[None],[],[],[],[],['HTTP'],"['729c3007a8ed0597531b0c76d54a94bb', '260eaf9c9eeb0f7b430d99ed5ce7e7f5', '115dcbae9b2ada7e48aaff9a86a94308', 'd7b98c7e7985237dee5c95a57962d64f']",[],[],"[{'http.method': 'GET', 'http.user_agent': None, 'http.status_code': 200, 'count': 1}]",[],"[{'file.md5s': {'729c3007a8ed0597531b0c76d54a94bb', '260eaf9c9eeb0f7b430d99ed5ce7e7f5', '115dcbae9b2ada7e48aaff9a86a94308', 'd7b98c7e7985237dee5c95a57962d64f'}, 'files.source': 'HTTP', 'count': 4}]"
