originated_ip,uid,connection.uid,connection.conn_state,connection.duration,connection.orig_bytes,connection.orig_ip_bytes,connection.orig_p,connection.orig_pkts,connection.proto,connection.resp_bytes,connection.resp_ip_bytes,connection.resp_p,connection.resp_pkts,connection.service,connection.ts,responded_ip,dns_count,ssh_count,http_count,ssl_count,files_count,dns_qtype,dns_rcode,ssh_auth_attempts,ssh_host_key,http_method,http_status_code,http_user_agent,ssl_version,ssl_cipher,ssl_curve,ssl_validation_status,files_source,file_md5,dns_dicts,ssh_dicts,http_dicts,ssl_dicts,files_dicts
104.20.15.243,0x4967b,C0ucdG4P2r7qAf6jZ4,SF,116.415659,657,1600,53810,23,tcp,10537,11641,443,24,ssl,2017-07-06T13:45:23.184501Z,192.168.10.15,0,0,0,1,4,[],[],[],[],[],[],[],['TLSv12'],['TLS_ECDHE_RSA_WITH_AES_128_GCM_SHA256'],[None],[None],['SSL'],"['277435d4379952b45bbdf8ac01a624af', '56d1789daea8ae7293ff80d959a950fc', '1edaf9ae99ce2920667d0e9a8b3f8c9c', '83e10465b722ef33ff0b6f535e8d996b']",[],[],[],"[{'ssl.cipher': 'TLS_ECDHE_RSA_WITH_AES_128_GCM_SHA256', 'ssl.validation_status': None, 'ssl.curve': None, 'ssl.version': 'TLSv12', 'count': 1}]","[{'file.md5s': {'277435d4379952b45bbdf8ac01a624af', '56d1789daea8ae7293ff80d959a950fc', '1edaf9ae99ce2920667d0e9a8b3f8c9c', '83e10465b722ef33ff0b6f535e8d996b'}, 'files.source': 'SSL', 'count': 4}]"
104.20.15.243,0xdbd21,CDMLVd2xYMPfXckK36,SF,180.67014,1125,1985,39848,21,tcp,6139,6791,443,16,ssl,2017-07-06T13:53:39.215894Z,192.168.10.51,0,0,0,1,0,[],[],[],[],[],[],[],['TLSv12'],['TLS_ECDHE_RSA_WITH_AES_128_GCM_SHA256'],[None],[None],[],[],[],[],[],"[{'ssl.cipher': 'TLS_ECDHE_RSA_WITH_AES_128_GCM_SHA256', 'ssl.validation_status': None, 'ssl.curve': None, 'ssl.version': 'TLSv12', 'count': 1}]",[]
104.20.15.243,0x13d7d3,Cgzdr01SoA8fiWOyJl,SF,5.128672,317,701,3162,9,tcp,5498,6144,443,9,ssl,2017-07-06T13:58:54.140813Z,192.168.10.9,0,0,0,1,4,[],[],[],[],[],[],[],['TLSv12'],['TLS_ECDHE_RSA_WITH_AES_128_GCM_SHA256'],[None],[None],['SSL'],"['277435d4379952b45bbdf8ac01a624af', '56d1789daea8ae7293ff80d959a950fc', '1edaf9ae99ce2920667d0e9a8b3f8c9c', '83e10465b722ef33ff0b6f535e8d996b']",[],[],[],"[{'ssl.cipher': 'TLS_ECDHE_RSA_WITH_AES_128_GCM_SHA256', 'ssl.validation_status': None, 'ssl.curve': None, 'ssl.version': 'TLSv12', 'count': 1}]","[{'file.md5s': {'277435d4379952b45bbdf8ac01a624af', '56d1789daea8ae7293ff80d959a950fc', '1edaf9ae99ce2920667d0e9a8b3f8c9c', '83e10465b722ef33ff0b6f535e8d996b'}, 'files.source': 'SSL', 'count': 4}]"
104.20.15.243,0x1e8622,ClaZLi3oMHI5MwO1j8,SF,115.340643,619,1522,3163,22,tcp,6809,7753,443,20,ssl,2017-07-06T13:58:54.140948Z,192.168.10.9,0,0,0,1,4,[],[],[],[],[],[],[],['TLSv12'],['TLS_ECDHE_RSA_WITH_AES_128_GCM_SHA256'],[None],[None],['SSL'],"['277435d4379952b45bbdf8ac01a624af', '56d1789daea8ae7293ff80d959a950fc', '1edaf9ae99ce2920667d0e9a8b3f8c9c', '83e10465b722ef33ff0b6f535e8d996b']",[],[],[],"[{'ssl.cipher': 'TLS_ECDHE_RSA_WITH_AES_128_GCM_SHA256', 'ssl.validation_status': None, 'ssl.curve': None, 'ssl.version': 'TLSv12', 'count': 1}]","[{'file.md5s': {'277435d4379952b45bbdf8ac01a624af', '56d1789daea8ae7293ff80d959a950fc', '1edaf9ae99ce2920667d0e9a8b3f8c9c', '83e10465b722ef33ff0b6f535e8d996b'}, 'files.source': 'SSL', 'count': 4}]"
