originated_ip,uid,connection.uid,connection.conn_state,connection.duration,connection.orig_bytes,connection.orig_ip_bytes,connection.orig_p,connection.orig_pkts,connection.proto,connection.resp_bytes,connection.resp_ip_bytes,connection.resp_p,connection.resp_pkts,connection.service,connection.ts,responded_ip,dns_count,ssh_count,http_count,ssl_count,files_count,dns_qtype,dns_rcode,ssh_auth_attempts,ssh_host_key,http_method,http_status_code,http_user_agent,ssl_version,ssl_cipher,ssl_curve,ssl_validation_status,files_source,file_md5,dns_dicts,ssh_dicts,http_dicts,ssl_dicts,files_dicts
157.240.18.35,0x2192a5,C3AgNT1rVWqYHCzjqf,RSTO,42.669139,840,1332,61737,12,tcp,4128,4540,443,10,ssl,2017-07-06T13:53:54.087096Z,192.168.10.14,0,0,0,1,2,[],[],[],[],[],[],[],['TLSv12'],['TLS_ECDHE_ECDSA_WITH_AES_128_GCM_SHA256'],[None],[None],['SSL'],"['aaee5cf8b0d8596d2e0cbe67421cf7db', 'b6d42815aa9efc1100380c2650b4c60c']",[],[],[],"[{'ssl.cipher': 'TLS_ECDHE_ECDSA_WITH_AES_128_GCM_SHA256', 'ssl.validation_status': None, 'ssl.curve': None, 'ssl.version': 'TLSv12', 'count': 1}]","[{'file.md5s': {'aaee5cf8b0d8596d2e0cbe67421cf7db', 'b6d42815aa9efc1100380c2650b4c60c'}, 'files.source': 'SSL', 'count': 2}]"
157.240.18.35,0x231866,CFUAsM1MwURWB2MwTf,SF,0.050785,77,353,46562,6,tcp,77,273,443,4,,2017-07-06T13:35:02.308347Z,192.168.10.16,0,0,0,0,0,[],[],[],[],[],[],[],[],[],[],[],[],[],[],[],[],[],[]
157.240.18.35,0x2ab988,C19obu2PQZg8ujeh58,SF,0.035446,77,237,2748,4,tcp,77,237,443,4,,2017-07-06T13:35:02.896247Z,192.168.10.9,0,0,0,0,0,[],[],[],[],[],[],[],[],[],[],[],[],[],[],[],[],[],[]
157.240.18.35,0x2f4f3a,Cx9bJ72k6tMlSXK4aj,SF,180.876809,1190,2410,39330,24,tcp,4510,5546,443,20,ssl,2017-07-06T14:01:28.666301Z,192.168.10.12,0,0,0,1,2,[],[],[],[],[],[],[],['TLSv12'],['TLS_ECDHE_ECDSA_WITH_AES_128_GCM_SHA256'],[None],[None],['SSL'],"['aaee5cf8b0d8596d2e0cbe67421cf7db', 'b6d42815aa9efc1100380c2650b4c60c']",[],[],[],"[{'ssl.cipher': 'TLS_ECDHE_ECDSA_WITH_AES_128_GCM_SHA256', 'ssl.validation_status': None, 'ssl.curve': None, 'ssl.version': 'TLSv12', 'count': 1}]","[{'file.md5s': {'aaee5cf8b0d8596d2e0cbe67421cf7db', 'b6d42815aa9efc1100380c2650b4c60c'}, 'files.source': 'SSL', 'count': 2}]"
