originated_ip,uid,connection.uid,connection.conn_state,connection.duration,connection.orig_bytes,connection.orig_ip_bytes,connection.orig_p,connection.orig_pkts,connection.proto,connection.resp_bytes,connection.resp_ip_bytes,connection.resp_p,connection.resp_pkts,connection.service,connection.ts,responded_ip,dns_count,ssh_count,http_count,ssl_count,files_count,dns_qtype,dns_rcode,ssh_auth_attempts,ssh_host_key,http_method,http_status_code,http_user_agent,ssl_version,ssl_cipher,ssl_curve,ssl_validation_status,files_source,file_md5,dns_dicts,ssh_dicts,http_dicts,ssl_dicts,files_dicts
101.79.243.153,0x30fd9,CHUN3B4b4gV1WDBS2h,SF,106.975873,1113,2582,61574,31,tcp,27596,30656,443,37,ssl,2017-07-06T13:44:57.014425Z,192.168.10.14,0,0,0,1,4,[],[],[],[],[],[],[],['TLSv12'],['TLS_ECDHE_RSA_WITH_AES_128_GCM_SHA256'],[None],[None],['SSL'],"['1edaf9ae99ce2920667d0e9a8b3f8c9c', '1d3554048578b03f42424dbf20730a3f', 'cc19dae065103979c7d318121a16de75', '9129733212d5f5651864d86b7bae0b98']",[],[],[],"[{'ssl.cipher': 'TLS_ECDHE_RSA_WITH_AES_128_GCM_SHA256', 'ssl.validation_status': None, 'ssl.curve': None, 'ssl.version': 'TLSv12', 'count': 1}]","[{'file.md5s': {'1edaf9ae99ce2920667d0e9a8b3f8c9c', '1d3554048578b03f42424dbf20730a3f', 'cc19dae065103979c7d318121a16de75', '9129733212d5f5651864d86b7bae0b98'}, 'files.source': 'SSL', 'count': 4}]"
101.79.243.153,0xdbe53,CMZO1k4YDbesBeWuc9,SF,100.74692,705,1646,61573,23,tcp,16891,18091,443,27,ssl,2017-07-06T13:44:57.000602Z,192.168.10.14,0,0,0,1,4,[],[],[],[],[],[],[],['TLSv12'],['TLS_ECDHE_RSA_WITH_AES_128_GCM_SHA256'],[None],[None],['SSL'],"['cc19dae065103979c7d318121a16de75', '1edaf9ae99ce2920667d0e9a8b3f8c9c', '9129733212d5f5651864d86b7bae0b98', '1d3554048578b03f42424dbf20730a3f']",[],[],[],"[{'ssl.cipher': 'TLS_ECDHE_RSA_WITH_AES_128_GCM_SHA256', 'ssl.validation_status': None, 'ssl.curve': None, 'ssl.version': 'TLSv12', 'count': 1}]","[{'file.md5s': {'cc19dae065103979c7d318121a16de75', '1edaf9ae99ce2920667d0e9a8b3f8c9c', '9129733212d5f5651864d86b7bae0b98', '1d3554048578b03f42424dbf20730a3f'}, 'files.source': 'SSL', 'count': 4}]"
101.79.243.153,0x1e8712,CRkkzWn7Qt8ZRGJt6,SF,107.00887,1112,2496,61572,34,tcp,31655,33295,443,38,ssl,2017-07-06T13:44:56.987408Z,192.168.10.14,0,0,0,1,4,[],[],[],[],[],[],[],['TLSv12'],['TLS_ECDHE_RSA_WITH_AES_128_GCM_SHA256'],[None],[None],['SSL'],"['1edaf9ae99ce2920667d0e9a8b3f8c9c', 'cc19dae065103979c7d318121a16de75', '1d3554048578b03f42424dbf20730a3f', '9129733212d5f5651864d86b7bae0b98']",[],[],[],"[{'ssl.cipher': 'TLS_ECDHE_RSA_WITH_AES_128_GCM_SHA256', 'ssl.validation_status': None, 'ssl.curve': None, 'ssl.version': 'TLSv12', 'count': 1}]","[{'file.md5s': {'1edaf9ae99ce2920667d0e9a8b3f8c9c', 'cc19dae065103979c7d318121a16de75', '1d3554048578b03f42424dbf20730a3f', '9129733212d5f5651864d86b7bae0b98'}, 'files.source': 'SSL', 'count': 4}]"
101.79.243.153,0x200e8d,CopU7A3jIZr8MdBAWa,SF,6.457973,352,764,61588,10,tcp,6424,6836,443,10,ssl,2017-07-06T13:44:57.238229Z,192.168.10.14,0,0,0,1,0,[],[],[],[],[],[],[],['TLSv12'],['TLS_ECDHE_RSA_WITH_AES_128_GCM_SHA256'],[None],[None],[],[],[],[],[],"[{'ssl.cipher': 'TLS_ECDHE_RSA_WITH_AES_128_GCM_SHA256', 'ssl.validation_status': None, 'ssl.curve': None, 'ssl.version': 'TLSv12', 'count': 1}]",[]
