originated_ip,uid,connection.uid,connection.conn_state,connection.duration,connection.orig_bytes,connection.orig_ip_bytes,connection.orig_p,connection.orig_pkts,connection.proto,connection.resp_bytes,connection.resp_ip_bytes,connection.resp_p,connection.resp_pkts,connection.service,connection.ts,responded_ip,dns_count,ssh_count,http_count,ssl_count,files_count,dns_qtype,dns_rcode,ssh_auth_attempts,ssh_host_key,http_method,http_status_code,http_user_agent,ssl_version,ssl_cipher,ssl_curve,ssl_validation_status,files_source,file_md5,dns_dicts,ssh_dicts,http_dicts,ssl_dicts,files_dicts
151.101.209.108,0x13d62d,CUJW13apl6BGifmRl,SF,115.452031,1210,2073,53831,21,tcp,6230,7174,443,20,ssl,2017-07-06T13:45:24.156573Z,192.168.10.15,0,0,0,1,3,[],[],[],[],[],[],[],['TLSv12'],['TLS_ECDHE_RSA_WITH_AES_128_GCM_SHA256'],[None],[None],['SSL'],"['d9643927731b8e30f9d83f2adbef7ed8', '28469f3e69e51842686e4a4c94cf3a87', 'd3b6433607576ac3ad51a145295a2a3a']",[],[],[],"[{'ssl.cipher': 'TLS_ECDHE_RSA_WITH_AES_128_GCM_SHA256', 'ssl.validation_status': None, 'ssl.curve': None, 'ssl.version': 'TLSv12', 'count': 1}]","[{'file.md5s': {'d9643927731b8e30f9d83f2adbef7ed8', '28469f3e69e51842686e4a4c94cf3a87', 'd3b6433607576ac3ad51a145295a2a3a'}, 'files.source': 'SSL', 'count': 3}]"
151.101.209.108,0x1e859d,C2IZD41jlJIqDnguie,SF,5.654562,0,172,61274,4,tcp,0,92,80,2,,2017-07-06T13:37:00.593714Z,192.168.10.14,0,0,0,0,0,[],[],[],[],[],[],[],[],[],[],[],[],[],[],[],[],[],[]
151.101.209.108,0x200b30,C3BoR83viMGp077Fu1,SF,5.688058,348,720,53829,9,tcp,5024,5316,443,7,ssl,2017-07-06T13:45:24.156248Z,192.168.10.15,0,0,0,1,3,[],[],[],[],[],[],[],['TLSv12'],['TLS_ECDHE_RSA_WITH_AES_128_GCM_SHA256'],[None],[None],['SSL'],"['d9643927731b8e30f9d83f2adbef7ed8', '28469f3e69e51842686e4a4c94cf3a87', 'd3b6433607576ac3ad51a145295a2a3a']",[],[],[],"[{'ssl.cipher': 'TLS_ECDHE_RSA_WITH_AES_128_GCM_SHA256', 'ssl.validation_status': None, 'ssl.curve': None, 'ssl.version': 'TLSv12', 'count': 1}]","[{'file.md5s': {'d9643927731b8e30f9d83f2adbef7ed8', '28469f3e69e51842686e4a4c94cf3a87', 'd3b6433607576ac3ad51a145295a2a3a'}, 'files.source': 'SSL', 'count': 3}]"
151.101.209.108,0x27ad6c,CmKjF34D9Wxrn9FLtc,SF,5.591547,0,172,61275,4,tcp,0,92,80,2,,2017-07-06T13:37:00.656969Z,192.168.10.14,0,0,0,0,0,[],[],[],[],[],[],[],[],[],[],[],[],[],[],[],[],[],[]
