originated_ip,uid,connection.uid,connection.conn_state,connection.duration,connection.orig_bytes,connection.orig_ip_bytes,connection.orig_p,connection.orig_pkts,connection.proto,connection.resp_bytes,connection.resp_ip_bytes,connection.resp_p,connection.resp_pkts,connection.service,connection.ts,responded_ip,dns_count,ssh_count,http_count,ssl_count,files_count,dns_qtype,dns_rcode,ssh_auth_attempts,ssh_host_key,http_method,http_status_code,http_user_agent,ssl_version,ssl_cipher,ssl_curve,ssl_validation_status,files_source,file_md5,dns_dicts,ssh_dicts,http_dicts,ssl_dicts,files_dicts
151.101.44.134,0x1884a,CHxIH61tRbRyiqqwej,SF,115.840283,1501,2324,3136,20,tcp,1075,1979,443,19,ssl,2017-07-06T13:58:52.659337Z,192.168.10.9,0,0,0,1,0,[],[],[],[],[],[],[],['TLSv12'],['TLS_ECDHE_RSA_WITH_AES_128_GCM_SHA256'],[None],[None],[],[],[],[],[],"[{'ssl.cipher': 'TLS_ECDHE_RSA_WITH_AES_128_GCM_SHA256', 'ssl.validation_status': None, 'ssl.curve': None, 'ssl.version': 'TLSv12', 'count': 1}]",[]
151.101.44.134,0xdbd60,CeuKlZ3jmUdMzjKTJ8,SF,5.628884,599,891,3134,7,tcp,191,443,443,6,ssl,2017-07-06T13:58:52.659142Z,192.168.10.9,0,0,0,1,0,[],[],[],[],[],[],[],['TLSv12'],['TLS_ECDHE_RSA_WITH_AES_128_GCM_SHA256'],[None],[None],[],[],[],[],[],"[{'ssl.cipher': 'TLS_ECDHE_RSA_WITH_AES_128_GCM_SHA256', 'ssl.validation_status': None, 'ssl.curve': None, 'ssl.version': 'TLSv12', 'count': 1}]",[]
151.101.44.134,0xf43d9,CnnAOt1CdeaZXGqTg7,SF,116.928641,4737,5840,3097,27,tcp,7613,8757,443,25,ssl,2017-07-06T13:58:51.569834Z,192.168.10.9,0,0,0,1,3,[],[],[],[],[],[],[],['TLSv12'],['TLS_ECDHE_RSA_WITH_AES_128_GCM_SHA256'],[None],[None],['SSL'],"['345eff15b7a49add451b65a7f4bdc6ae', '08c79eb516f6476ef3e88e8b35467e40', 'f15649db4bdba65d9297436fdae4ef2d']",[],[],[],"[{'ssl.cipher': 'TLS_ECDHE_RSA_WITH_AES_128_GCM_SHA256', 'ssl.validation_status': None, 'ssl.curve': None, 'ssl.version': 'TLSv12', 'count': 1}]","[{'file.md5s': {'345eff15b7a49add451b65a7f4bdc6ae', '08c79eb516f6476ef3e88e8b35467e40', 'f15649db4bdba65d9297436fdae4ef2d'}, 'files.source': 'SSL', 'count': 3}]"
151.101.44.134,0x1e8616,CjcRxB40tFx22Cp674,SF,5.626684,599,891,3135,7,tcp,191,443,443,6,ssl,2017-07-06T13:58:52.659256Z,192.168.10.9,0,0,0,1,0,[],[],[],[],[],[],[],['TLSv12'],['TLS_ECDHE_RSA_WITH_AES_128_GCM_SHA256'],[None],[None],[],[],[],[],[],"[{'ssl.cipher': 'TLS_ECDHE_RSA_WITH_AES_128_GCM_SHA256', 'ssl.validation_status': None, 'ssl.curve': None, 'ssl.version': 'TLSv12', 'count': 1}]",[]
