originated_ip,uid,connection.uid,connection.conn_state,connection.duration,connection.orig_bytes,connection.orig_ip_bytes,connection.orig_p,connection.orig_pkts,connection.proto,connection.resp_bytes,connection.resp_ip_bytes,connection.resp_p,connection.resp_pkts,connection.service,connection.ts,responded_ip,dns_count,ssh_count,http_count,ssl_count,files_count,dns_qtype,dns_rcode,ssh_auth_attempts,ssh_host_key,http_method,http_status_code,http_user_agent,ssl_version,ssl_cipher,ssl_curve,ssl_validation_status,files_source,file_md5,dns_dicts,ssh_dicts,http_dicts,ssl_dicts,files_dicts
104.16.32.229,0x125114,CYVwiaHaMuKjVQk63,SF,0.031181,517,777,32929,6,tcp,143,315,443,4,ssl,2017-07-06T13:55:19.590865Z,192.168.10.19,0,0,0,1,0,[],[],[],[],[],[],[],['TLSv12'],['TLS_ECDHE_ECDSA_WITH_AES_128_GCM_SHA256'],[None],[None],[],[],[],[],[],"[{'ssl.cipher': 'TLS_ECDHE_ECDSA_WITH_AES_128_GCM_SHA256', 'ssl.validation_status': None, 'ssl.curve': None, 'ssl.version': 'TLSv12', 'count': 1}]",[]
104.16.32.229,0x186b57,CNDMM83Q8IC6fgdJb4,SF,42.380631,1357,1817,32930,11,tcp,878,1210,443,8,ssl,2017-07-06T13:55:19.606537Z,192.168.10.19,0,0,0,1,0,[],[],[],[],[],[],[],['TLSv12'],['TLS_ECDHE_ECDSA_WITH_AES_128_GCM_SHA256'],[None],[None],[],[],[],[],[],"[{'ssl.cipher': 'TLS_ECDHE_ECDSA_WITH_AES_128_GCM_SHA256', 'ssl.validation_status': None, 'ssl.curve': None, 'ssl.version': 'TLSv12', 'count': 1}]",[]
104.16.32.229,0x219244,Cx88El2yIXWm4qcDXa,SF,0.031994,178,518,32913,8,tcp,3482,3734,443,6,ssl,2017-07-06T13:49:49.605642Z,192.168.10.19,0,0,0,1,4,[],[],[],[],[],[],[],['TLSv12'],['TLS_ECDHE_ECDSA_WITH_AES_128_GCM_SHA256'],[None],[None],['SSL'],"['630c596d484c49de5c5dfdc300cb85f7', '3b9b1692bd0b963ca15c165a03ffdaa6', 'c790a56c69cbaf0bf3f30a40d0a2aecc', '5e0e419b20ea575477f11b52e2c818e0']",[],[],[],"[{'ssl.cipher': 'TLS_ECDHE_ECDSA_WITH_AES_128_GCM_SHA256', 'ssl.validation_status': None, 'ssl.curve': None, 'ssl.version': 'TLSv12', 'count': 1}]","[{'file.md5s': {'630c596d484c49de5c5dfdc300cb85f7', '3b9b1692bd0b963ca15c165a03ffdaa6', 'c790a56c69cbaf0bf3f30a40d0a2aecc', '5e0e419b20ea575477f11b52e2c818e0'}, 'files.source': 'SSL', 'count': 4}]"
104.16.32.229,0x27acd2,CLiXtD1cW8pKycBg4k,SF,180.170379,1296,2156,32914,21,tcp,4614,5226,443,15,ssl,2017-07-06T13:49:49.621618Z,192.168.10.19,0,0,0,1,4,[],[],[],[],[],[],[],['TLSv12'],['TLS_ECDHE_ECDSA_WITH_AES_128_GCM_SHA256'],[None],[None],['SSL'],"['630c596d484c49de5c5dfdc300cb85f7', '3b9b1692bd0b963ca15c165a03ffdaa6', 'c790a56c69cbaf0bf3f30a40d0a2aecc', '5e0e419b20ea575477f11b52e2c818e0']",[],[],[],"[{'ssl.cipher': 'TLS_ECDHE_ECDSA_WITH_AES_128_GCM_SHA256', 'ssl.validation_status': None, 'ssl.curve': None, 'ssl.version': 'TLSv12', 'count': 1}]","[{'file.md5s': {'630c596d484c49de5c5dfdc300cb85f7', '3b9b1692bd0b963ca15c165a03ffdaa6', 'c790a56c69cbaf0bf3f30a40d0a2aecc', '5e0e419b20ea575477f11b52e2c818e0'}, 'files.source': 'SSL', 'count': 4}]"
