originated_ip,uid,connection.uid,connection.conn_state,connection.duration,connection.orig_bytes,connection.orig_ip_bytes,connection.orig_p,connection.orig_pkts,connection.proto,connection.resp_bytes,connection.resp_ip_bytes,connection.resp_p,connection.resp_pkts,connection.service,connection.ts,responded_ip,dns_count,ssh_count,http_count,ssl_count,files_count,dns_qtype,dns_rcode,ssh_auth_attempts,ssh_host_key,http_method,http_status_code,http_user_agent,ssl_version,ssl_cipher,ssl_curve,ssl_validation_status,files_source,file_md5,dns_dicts,ssh_dicts,http_dicts,ssl_dicts,files_dicts
192.132.33.27,0xb2,CbgJDj4IrU144ML13,SF,5.907714,583,995,60985,10,tcp,5590,5962,443,9,ssl,2017-07-06T13:35:53.571218Z,192.168.10.14,0,0,0,1,0,[],[],[],[],[],[],[],['TLSv12'],['TLS_RSA_WITH_AES_128_CBC_SHA'],[None],[None],[],[],[],[],[],"[{'ssl.cipher': 'TLS_RSA_WITH_AES_128_CBC_SHA', 'ssl.validation_status': None, 'ssl.curve': None, 'ssl.version': 'TLSv12', 'count': 1}]",[]
192.132.33.27,0xdbc1e,CYSEgv2qdNc6hFwm03,SF,116.377655,1036,1991,54195,23,tcp,6539,7678,443,23,ssl,2017-07-06T13:49:17.13519Z,192.168.10.15,0,0,0,1,4,[],[],[],[],[],[],[],['TLSv12'],['TLS_RSA_WITH_AES_128_CBC_SHA'],[None],[None],['SSL'],"['1edaf9ae99ce2920667d0e9a8b3f8c9c', '1d3554048578b03f42424dbf20730a3f', '83e10465b722ef33ff0b6f535e8d996b', '2ba467f99f6730a2b75153f1b9ad08d9']",[],[],[],"[{'ssl.cipher': 'TLS_RSA_WITH_AES_128_CBC_SHA', 'ssl.validation_status': None, 'ssl.curve': None, 'ssl.version': 'TLSv12', 'count': 1}]","[{'file.md5s': {'1edaf9ae99ce2920667d0e9a8b3f8c9c', '1d3554048578b03f42424dbf20730a3f', '83e10465b722ef33ff0b6f535e8d996b', '2ba467f99f6730a2b75153f1b9ad08d9'}, 'files.source': 'SSL', 'count': 4}]"
192.132.33.27,0x125179,C4sRns3voqC7FRnIye,SF,115.598082,1036,1979,60984,23,tcp,6059,7083,443,22,ssl,2017-07-06T13:35:53.571105Z,192.168.10.14,0,0,0,1,0,[],[],[],[],[],[],[],['TLSv12'],['TLS_RSA_WITH_AES_128_CBC_SHA'],[None],[None],[],[],[],[],[],"[{'ssl.cipher': 'TLS_RSA_WITH_AES_128_CBC_SHA', 'ssl.validation_status': None, 'ssl.curve': None, 'ssl.version': 'TLSv12', 'count': 1}]",[]
192.132.33.27,0x231a0b,C2XvYr2a7qymcg2Ge,SF,115.123182,418,1121,61299,17,tcp,720,1464,80,15,http,2017-07-06T13:37:13.072134Z,192.168.10.14,0,0,1,0,1,[],[],[],[],['GET'],[302],[None],[],[],[],[],['HTTP'],['bea4e1dfdb2b5da60744bf56959b9c00'],[],[],"[{'http.method': 'GET', 'http.user_agent': None, 'http.status_code': 302, 'count': 1}]",[],"[{'file.md5s': {'bea4e1dfdb2b5da60744bf56959b9c00'}, 'files.source': 'HTTP', 'count': 1}]"
