originated_ip,uid,connection.uid,connection.conn_state,connection.duration,connection.orig_bytes,connection.orig_ip_bytes,connection.orig_p,connection.orig_pkts,connection.proto,connection.resp_bytes,connection.resp_ip_bytes,connection.resp_p,connection.resp_pkts,connection.service,connection.ts,responded_ip,dns_count,ssh_count,http_count,ssl_count,files_count,dns_qtype,dns_rcode,ssh_auth_attempts,ssh_host_key,http_method,http_status_code,http_user_agent,ssl_version,ssl_cipher,ssl_curve,ssl_validation_status,files_source,file_md5,dns_dicts,ssh_dicts,http_dicts,ssl_dicts,files_dicts
185.167.164.41,0x10c998,CdvTaV2PvODTQw5wff,RSTO,1.353749,320,652,50714,8,tcp,4054,4342,443,7,ssl,2017-07-06T13:51:43.022357Z,192.168.10.8,0,0,0,1,2,[],[],[],[],[],[],[],['TLSv12'],['TLS_ECDHE_RSA_WITH_AES_128_GCM_SHA256'],[None],[None],['SSL'],"['8f166e3a1bf991f5ca68d3e11038c91d', '36a4b6859fd764e787ee42fd3a9305db']",[],[],[],"[{'ssl.cipher': 'TLS_ECDHE_RSA_WITH_AES_128_GCM_SHA256', 'ssl.validation_status': None, 'ssl.curve': None, 'ssl.version': 'TLSv12', 'count': 1}]","[{'file.md5s': {'8f166e3a1bf991f5ca68d3e11038c91d', '36a4b6859fd764e787ee42fd3a9305db'}, 'files.source': 'SSL', 'count': 2}]"
185.167.164.41,0x19f140,CsmxZl3A8G5HkgYRX5,SF,339.172171,1503,2675,50701,29,tcp,4964,5772,443,20,ssl,2017-07-06T13:51:42.444174Z,192.168.10.8,0,0,0,1,2,[],[],[],[],[],[],[],['TLSv12'],['TLS_ECDHE_RSA_WITH_AES_128_GCM_SHA256'],[None],[None],['SSL'],"['8f166e3a1bf991f5ca68d3e11038c91d', '36a4b6859fd764e787ee42fd3a9305db']",[],[],[],"[{'ssl.cipher': 'TLS_ECDHE_RSA_WITH_AES_128_GCM_SHA256', 'ssl.validation_status': None, 'ssl.curve': None, 'ssl.version': 'TLSv12', 'count': 1}]","[{'file.md5s': {'8f166e3a1bf991f5ca68d3e11038c91d', '36a4b6859fd764e787ee42fd3a9305db'}, 'files.source': 'SSL', 'count': 2}]"
185.167.164.41,0x2626a4,CEdJAc3sO0LuXhHYQe,RSTO,40.997413,781,1193,61784,10,tcp,4219,4547,443,8,ssl,2017-07-06T13:53:55.759256Z,192.168.10.14,0,0,0,1,2,[],[],[],[],[],[],[],['TLSv12'],['TLS_ECDHE_RSA_WITH_AES_128_GCM_SHA256'],[None],[None],['SSL'],"['8f166e3a1bf991f5ca68d3e11038c91d', '36a4b6859fd764e787ee42fd3a9305db']",[],[],[],"[{'ssl.cipher': 'TLS_ECDHE_RSA_WITH_AES_128_GCM_SHA256', 'ssl.validation_status': None, 'ssl.curve': None, 'ssl.version': 'TLSv12', 'count': 1}]","[{'file.md5s': {'8f166e3a1bf991f5ca68d3e11038c91d', '36a4b6859fd764e787ee42fd3a9305db'}, 'files.source': 'SSL', 'count': 2}]"
185.167.164.41,0x27ad2c,CHYGhknWCEBErBlvk,SF,184.710112,1051,1983,51146,23,tcp,4502,5270,443,19,ssl,2017-07-06T13:53:39.732111Z,192.168.10.5,0,0,0,1,2,[],[],[],[],[],[],[],['TLSv12'],['TLS_ECDHE_RSA_WITH_AES_128_GCM_SHA256'],[None],[None],['SSL'],"['36a4b6859fd764e787ee42fd3a9305db', '8f166e3a1bf991f5ca68d3e11038c91d']",[],[],[],"[{'ssl.cipher': 'TLS_ECDHE_RSA_WITH_AES_128_GCM_SHA256', 'ssl.validation_status': None, 'ssl.curve': None, 'ssl.version': 'TLSv12', 'count': 1}]","[{'file.md5s': {'36a4b6859fd764e787ee42fd3a9305db', '8f166e3a1bf991f5ca68d3e11038c91d'}, 'files.source': 'SSL', 'count': 2}]"
