originated_ip,uid,connection.uid,connection.conn_state,connection.duration,connection.orig_bytes,connection.orig_ip_bytes,connection.orig_p,connection.orig_pkts,connection.proto,connection.resp_bytes,connection.resp_ip_bytes,connection.resp_p,connection.resp_pkts,connection.service,connection.ts,responded_ip,dns_count,ssh_count,http_count,ssl_count,files_count,dns_qtype,dns_rcode,ssh_auth_attempts,ssh_host_key,http_method,http_status_code,http_user_agent,ssl_version,ssl_cipher,ssl_curve,ssl_validation_status,files_source,file_md5,dns_dicts,ssh_dicts,http_dicts,ssl_dicts,files_dicts
104.88.89.135,0x494ce,CdKlDH2QdZtWsxvjg6,RSTR,115.868611,914,1777,50106,21,tcp,5476,6500,443,22,ssl,2017-07-06T13:43:36.790158Z,192.168.10.8,0,0,0,1,3,[],[],[],[],[],[],[],['TLSv12'],['TLS_ECDHE_RSA_WITH_AES_256_GCM_SHA384'],[None],[None],['SSL'],"['1edaf9ae99ce2920667d0e9a8b3f8c9c', '9129733212d5f5651864d86b7bae0b98', 'c1a062d0f4d54792c5ce1432e45aee59']",[],[],[],"[{'ssl.cipher': 'TLS_ECDHE_RSA_WITH_AES_256_GCM_SHA384', 'ssl.validation_status': None, 'ssl.curve': None, 'ssl.version': 'TLSv12', 'count': 1}]","[{'file.md5s': {'1edaf9ae99ce2920667d0e9a8b3f8c9c', '9129733212d5f5651864d86b7bae0b98', 'c1a062d0f4d54792c5ce1432e45aee59'}, 'files.source': 'SSL', 'count': 3}]"
104.88.89.135,0xc359a,Cr1UWz4JLUwwbSjSU9,RSTR,116.051171,1007,2251,47963,24,tcp,5483,6583,443,21,ssl,2017-07-06T13:48:19.013169Z,192.168.10.51,0,0,0,1,0,[],[],[],[],[],[],[],['TLSv12'],['TLS_ECDHE_RSA_WITH_AES_128_GCM_SHA256'],[None],[None],[],[],[],[],[],"[{'ssl.cipher': 'TLS_ECDHE_RSA_WITH_AES_128_GCM_SHA256', 'ssl.validation_status': None, 'ssl.curve': None, 'ssl.version': 'TLSv12', 'count': 1}]",[]
104.88.89.135,0x13d659,C8TMVnVV7mzvejEY9,SF,125.297125,7661,8764,53766,27,tcp,6772,7956,443,26,ssl,2017-07-06T13:45:19.310793Z,192.168.10.15,0,0,0,1,0,[],[],[],[],[],[],[],['TLSv12'],['TLS_ECDHE_RSA_WITH_AES_256_GCM_SHA384'],[None],[None],[],[],[],[],[],"[{'ssl.cipher': 'TLS_ECDHE_RSA_WITH_AES_256_GCM_SHA384', 'ssl.validation_status': None, 'ssl.curve': None, 'ssl.version': 'TLSv12', 'count': 1}]",[]
104.88.89.135,0x19f183,Ci1RHq3Jt5SeUCBqpe,SF,5.617281,362,734,50107,9,tcp,5199,5571,443,9,ssl,2017-07-06T13:43:36.796151Z,192.168.10.8,0,0,0,1,3,[],[],[],[],[],[],[],['TLSv12'],['TLS_ECDHE_RSA_WITH_AES_256_GCM_SHA384'],[None],[None],['SSL'],"['1edaf9ae99ce2920667d0e9a8b3f8c9c', '9129733212d5f5651864d86b7bae0b98', 'c1a062d0f4d54792c5ce1432e45aee59']",[],[],[],"[{'ssl.cipher': 'TLS_ECDHE_RSA_WITH_AES_256_GCM_SHA384', 'ssl.validation_status': None, 'ssl.curve': None, 'ssl.version': 'TLSv12', 'count': 1}]","[{'file.md5s': {'1edaf9ae99ce2920667d0e9a8b3f8c9c', '9129733212d5f5651864d86b7bae0b98', 'c1a062d0f4d54792c5ce1432e45aee59'}, 'files.source': 'SSL', 'count': 3}]"
