originated_ip,uid,connection.uid,connection.conn_state,connection.duration,connection.orig_bytes,connection.orig_ip_bytes,connection.orig_p,connection.orig_pkts,connection.proto,connection.resp_bytes,connection.resp_ip_bytes,connection.resp_p,connection.resp_pkts,connection.service,connection.ts,responded_ip,dns_count,ssh_count,http_count,ssl_count,files_count,dns_qtype,dns_rcode,ssh_auth_attempts,ssh_host_key,http_method,http_status_code,http_user_agent,ssl_version,ssl_cipher,ssl_curve,ssl_validation_status,files_source,file_md5,dns_dicts,ssh_dicts,http_dicts,ssl_dicts,files_dicts
13.107.21.200,0x49543,CvcmU74hdy1SFUZnw4,RSTR,69.358624,1096,1936,54530,16,tcp,7269,8201,443,18,ssl,2017-07-06T13:54:09.242833Z,192.168.10.12,0,0,0,1,0,[],[],[],[],[],[],[],[''],[''],[None],[None],[],[],[],[],[],"[{'ssl.cipher': '', 'ssl.validation_status': None, 'ssl.curve': None, 'ssl.version': '', 'count': 1}]",[]
13.107.21.200,0x92ac1,Cco4b61ng3x2cdPy27,RSTR,70.339377,1533,2425,53816,17,tcp,7642,8678,443,20,ssl,2017-07-06T13:39:30.913644Z,192.168.10.12,0,0,0,1,0,[],[],[],[],[],[],[],[''],[''],[None],[None],[],[],[],[],[],"[{'ssl.cipher': '', 'ssl.validation_status': None, 'ssl.curve': None, 'ssl.version': '', 'count': 1}]",[]
13.107.21.200,0x26277a,Cv2lNp3LqvYoxioLu9,RSTR,65.113998,2701,3359,53604,16,tcp,7642,8526,443,20,ssl,2017-07-06T13:41:28.933849Z,192.168.10.15,0,0,0,1,3,[],[],[],[],[],[],[],['TLSv12'],['TLS_ECDHE_RSA_WITH_AES_256_CBC_SHA'],[None],[None],['SSL'],"['8215351153a75868f5d431571f0071eb', '402ce780143ed92b9d2bdb0cde182975', 'ef542d53fcc48d27e8a7ac684165ccfd']",[],[],[],"[{'ssl.cipher': 'TLS_ECDHE_RSA_WITH_AES_256_CBC_SHA', 'ssl.validation_status': None, 'ssl.curve': None, 'ssl.version': 'TLSv12', 'count': 1}]","[{'file.md5s': {'8215351153a75868f5d431571f0071eb', '402ce780143ed92b9d2bdb0cde182975', 'ef542d53fcc48d27e8a7ac684165ccfd'}, 'files.source': 'SSL', 'count': 3}]"
13.107.21.200,0x2c4213,C6Vxg24rd6jodqFYhb,RSTR,67.382496,1947,2605,53643,16,tcp,8506,9350,443,19,ssl,2017-07-06T13:41:29.791754Z,192.168.10.15,0,0,0,1,3,[],[],[],[],[],[],[],['TLSv12'],['TLS_ECDHE_RSA_WITH_AES_256_CBC_SHA'],[None],[None],['SSL'],"['402ce780143ed92b9d2bdb0cde182975', '8efccd945cc308aa6b9f626ecd55ba20', 'ef542d53fcc48d27e8a7ac684165ccfd']",[],[],[],"[{'ssl.cipher': 'TLS_ECDHE_RSA_WITH_AES_256_CBC_SHA', 'ssl.validation_status': None, 'ssl.curve': None, 'ssl.version': 'TLSv12', 'count': 1}]","[{'file.md5s': {'402ce780143ed92b9d2bdb0cde182975', '8efccd945cc308aa6b9f626ecd55ba20', 'ef542d53fcc48d27e8a7ac684165ccfd'}, 'files.source': 'SSL', 'count': 3}]"
