originated_ip,uid,connection.uid,connection.conn_state,connection.duration,connection.orig_bytes,connection.orig_ip_bytes,connection.orig_p,connection.orig_pkts,connection.proto,connection.resp_bytes,connection.resp_ip_bytes,connection.resp_p,connection.resp_pkts,connection.service,connection.ts,responded_ip,dns_count,ssh_count,http_count,ssl_count,files_count,dns_qtype,dns_rcode,ssh_auth_attempts,ssh_host_key,http_method,http_status_code,http_user_agent,ssl_version,ssl_cipher,ssl_curve,ssl_validation_status,files_source,file_md5,dns_dicts,ssh_dicts,http_dicts,ssl_dicts,files_dicts
136.243.33.19,0x62f,CcSVbE39rk6smXB9zd,SF,5.963844,0,216,56412,4,tcp,0,112,80,2,,2017-07-06T13:58:56.333538Z,192.168.10.16,0,0,0,0,0,[],[],[],[],[],[],[],[],[],[],[],[],[],[],[],[],[],[]
136.243.33.19,0x10cc9f,CK93xbnu9YAlhFenh,SF,90.230099,727,1567,56436,16,tcp,616,1300,80,13,http,2017-07-06T14:03:24.939541Z,192.168.10.16,0,0,1,0,2,[],[],[],[],['GET'],[200],[None],[],[],[],[],['HTTP'],['df3e567d6f16d040326c7a0ea29a4f41'],[],[],"[{'http.method': 'GET', 'http.user_agent': None, 'http.status_code': 200, 'count': 1}]",[],"[{'file.md5s': {'df3e567d6f16d040326c7a0ea29a4f41'}, 'files.source': 'HTTP', 'count': 2}]"
136.243.33.19,0x186d6b,CmqSRr2pnEaM7fLWWc,SF,69.779092,1627,2363,56410,14,tcp,599,1283,80,13,http,2017-07-06T13:58:56.246836Z,192.168.10.16,0,0,1,0,2,[],[],[],[],['GET'],[200],[None],[],[],[],[],['HTTP'],['df3e567d6f16d040326c7a0ea29a4f41'],[],[],"[{'http.method': 'GET', 'http.user_agent': None, 'http.status_code': 200, 'count': 1}]",[],"[{'file.md5s': {'df3e567d6f16d040326c7a0ea29a4f41'}, 'files.source': 'HTTP', 'count': 2}]"
136.243.33.19,0x2f50d5,CNftzNP85m5BcZjS1,SF,65.232788,402,1034,56408,12,tcp,308,940,80,12,http,2017-07-06T13:58:56.246822Z,192.168.10.16,0,0,1,0,1,[],[],[],[],['GET'],[200],[None],[],[],[],[],['HTTP'],['df3e567d6f16d040326c7a0ea29a4f41'],[],[],"[{'http.method': 'GET', 'http.user_agent': None, 'http.status_code': 200, 'count': 1}]",[],"[{'file.md5s': {'df3e567d6f16d040326c7a0ea29a4f41'}, 'files.source': 'HTTP', 'count': 1}]"
