originated_ip,uid,connection.uid,connection.conn_state,connection.duration,connection.orig_bytes,connection.orig_ip_bytes,connection.orig_p,connection.orig_pkts,connection.proto,connection.resp_bytes,connection.resp_ip_bytes,connection.resp_p,connection.resp_pkts,connection.service,connection.ts,responded_ip,dns_count,ssh_count,http_count,ssl_count,files_count,dns_qtype,dns_rcode,ssh_auth_attempts,ssh_host_key,http_method,http_status_code,http_user_agent,ssl_version,ssl_cipher,ssl_curve,ssl_validation_status,files_source,file_md5,dns_dicts,ssh_dicts,http_dicts,ssl_dicts,files_dicts
178.250.2.78,0x1e877a,CexPBO22ZvmNpWR1F4,SF,6.131868,592,1120,56688,10,tcp,4020,4496,443,9,ssl,2017-07-06T13:41:59.048098Z,192.168.10.12,0,0,0,1,0,[],[],[],[],[],[],[],['TLSv12'],['TLS_RSA_WITH_AES_128_CBC_SHA'],[None],[None],[],[],[],[],[],"[{'ssl.cipher': 'TLS_RSA_WITH_AES_128_CBC_SHA', 'ssl.validation_status': None, 'ssl.curve': None, 'ssl.version': 'TLSv12', 'count': 1}]",[]
178.250.2.78,0x23189b,C4fd7O3Y3kliquS4rh,SF,5.380913,628,1000,50419,9,tcp,4020,4388,443,9,ssl,2017-07-06T13:48:58.137242Z,192.168.10.8,0,0,0,1,3,[],[],[],[],[],[],[],['TLSv12'],['TLS_RSA_WITH_AES_128_CBC_SHA'],[None],[None],['SSL'],"['23d5858ebc8986107cb7ac1e17f726c5', 'f0dd39f8e346e6113263e66b7f252f2b', 'f91ffee6a36b998841d467dde5f8977a']",[],[],[],"[{'ssl.cipher': 'TLS_RSA_WITH_AES_128_CBC_SHA', 'ssl.validation_status': None, 'ssl.curve': None, 'ssl.version': 'TLSv12', 'count': 1}]","[{'file.md5s': {'23d5858ebc8986107cb7ac1e17f726c5', 'f0dd39f8e346e6113263e66b7f252f2b', 'f91ffee6a36b998841d467dde5f8977a'}, 'files.source': 'SSL', 'count': 3}]"
178.250.2.78,0x293330,CHGafe2BWNg1BVekg,SF,5.246275,628,1000,50420,9,tcp,4020,4348,443,8,ssl,2017-07-06T13:48:58.271885Z,192.168.10.8,0,0,0,1,3,[],[],[],[],[],[],[],['TLSv12'],['TLS_RSA_WITH_AES_128_CBC_SHA'],[None],[None],['SSL'],"['23d5858ebc8986107cb7ac1e17f726c5', 'f0dd39f8e346e6113263e66b7f252f2b', 'f91ffee6a36b998841d467dde5f8977a']",[],[],[],"[{'ssl.cipher': 'TLS_RSA_WITH_AES_128_CBC_SHA', 'ssl.validation_status': None, 'ssl.curve': None, 'ssl.version': 'TLSv12', 'count': 1}]","[{'file.md5s': {'23d5858ebc8986107cb7ac1e17f726c5', 'f0dd39f8e346e6113263e66b7f252f2b', 'f91ffee6a36b998841d467dde5f8977a'}, 'files.source': 'SSL', 'count': 3}]"
178.250.2.78,0x2dc709,CO4FB82ungbh7UA1H1,RSTR,50.622299,2020,2476,50410,11,tcp,4617,5185,443,14,ssl,2017-07-06T13:48:57.910153Z,192.168.10.8,0,0,0,1,3,[],[],[],[],[],[],[],['TLSv12'],['TLS_RSA_WITH_AES_128_CBC_SHA'],[None],[None],['SSL'],"['23d5858ebc8986107cb7ac1e17f726c5', 'f0dd39f8e346e6113263e66b7f252f2b', 'f91ffee6a36b998841d467dde5f8977a']",[],[],[],"[{'ssl.cipher': 'TLS_RSA_WITH_AES_128_CBC_SHA', 'ssl.validation_status': None, 'ssl.curve': None, 'ssl.version': 'TLSv12', 'count': 1}]","[{'file.md5s': {'23d5858ebc8986107cb7ac1e17f726c5', 'f0dd39f8e346e6113263e66b7f252f2b', 'f91ffee6a36b998841d467dde5f8977a'}, 'files.source': 'SSL', 'count': 3}]"
