originated_ip,uid,connection.uid,connection.conn_state,connection.duration,connection.orig_bytes,connection.orig_ip_bytes,connection.orig_p,connection.orig_pkts,connection.proto,connection.resp_bytes,connection.resp_ip_bytes,connection.resp_p,connection.resp_pkts,connection.service,connection.ts,responded_ip,dns_count,ssh_count,http_count,ssl_count,files_count,dns_qtype,dns_rcode,ssh_auth_attempts,ssh_host_key,http_method,http_status_code,http_user_agent,ssl_version,ssl_cipher,ssl_curve,ssl_validation_status,files_source,file_md5,dns_dicts,ssh_dicts,http_dicts,ssl_dicts,files_dicts
138.201.8.32,0xdbc14,CdlI374OGpAm4REju4,SF,0.41532,3365,3657,54148,7,tcp,747,1079,443,8,ssl,2017-07-06T13:49:15.600077Z,192.168.10.15,0,0,0,1,0,[],[],[],[],[],[],[],['TLSv12'],['TLS_RSA_WITH_AES_128_CBC_SHA'],[None],[None],[],[],[],[],[],"[{'ssl.cipher': 'TLS_RSA_WITH_AES_128_CBC_SHA', 'ssl.validation_status': None, 'ssl.curve': None, 'ssl.version': 'TLSv12', 'count': 1}]",[]
138.201.8.32,0xf42a9,Cw0sPe2XKfBwVR9Jhg,SF,5.885259,645,937,54154,7,tcp,161,413,443,6,ssl,2017-07-06T13:49:15.713486Z,192.168.10.15,0,0,0,1,0,[],[],[],[],[],[],[],['TLSv12'],['TLS_RSA_WITH_AES_128_CBC_SHA'],[None],[None],[],[],[],[],[],"[{'ssl.cipher': 'TLS_RSA_WITH_AES_128_CBC_SHA', 'ssl.validation_status': None, 'ssl.curve': None, 'ssl.version': 'TLSv12', 'count': 1}]",[]
138.201.8.32,0x125004,CkqLfmdoIVIm1lzLj,SF,0.906786,541,873,54121,8,tcp,3064,3316,443,6,ssl,2017-07-06T13:49:14.802305Z,192.168.10.15,0,0,0,1,2,[],[],[],[],[],[],[],['TLSv12'],['TLS_RSA_WITH_AES_128_CBC_SHA'],[None],[None],['SSL'],"['059215ad5cac5ca095e727c521e7dc1d', '51ee3eb661308e2d20e0436ed06679f0']",[],[],[],"[{'ssl.cipher': 'TLS_RSA_WITH_AES_128_CBC_SHA', 'ssl.validation_status': None, 'ssl.curve': None, 'ssl.version': 'TLSv12', 'count': 1}]","[{'file.md5s': {'059215ad5cac5ca095e727c521e7dc1d', '51ee3eb661308e2d20e0436ed06679f0'}, 'files.source': 'SSL', 'count': 2}]"
138.201.8.32,0x26260c,CG5HD31PUJR81PeII5,SF,0.618321,3266,3638,54120,9,tcp,3618,3990,443,9,ssl,2017-07-06T13:49:14.801844Z,192.168.10.15,0,0,0,1,2,[],[],[],[],[],[],[],['TLSv12'],['TLS_RSA_WITH_AES_128_CBC_SHA'],[None],[None],['SSL'],"['059215ad5cac5ca095e727c521e7dc1d', '51ee3eb661308e2d20e0436ed06679f0']",[],[],[],"[{'ssl.cipher': 'TLS_RSA_WITH_AES_128_CBC_SHA', 'ssl.validation_status': None, 'ssl.curve': None, 'ssl.version': 'TLSv12', 'count': 1}]","[{'file.md5s': {'059215ad5cac5ca095e727c521e7dc1d', '51ee3eb661308e2d20e0436ed06679f0'}, 'files.source': 'SSL', 'count': 2}]"
