originated_ip,uid,connection.uid,connection.conn_state,connection.duration,connection.orig_bytes,connection.orig_ip_bytes,connection.orig_p,connection.orig_pkts,connection.proto,connection.resp_bytes,connection.resp_ip_bytes,connection.resp_p,connection.resp_pkts,connection.service,connection.ts,responded_ip,dns_count,ssh_count,http_count,ssl_count,files_count,dns_qtype,dns_rcode,ssh_auth_attempts,ssh_host_key,http_method,http_status_code,http_user_agent,ssl_version,ssl_cipher,ssl_curve,ssl_validation_status,files_source,file_md5,dns_dicts,ssh_dicts,http_dicts,ssl_dicts,files_dicts
104.19.192.102,0x13d797,Cy6LOB12toSfnTKN94,RSTO,47.465338,1065,1437,51262,9,tcp,450,742,443,7,ssl,2017-07-06T13:56:46.319456Z,192.168.10.5,0,0,0,1,0,[],[],[],[],[],[],[],['TLSv12'],['TLS_ECDHE_ECDSA_WITH_AES_128_GCM_SHA256'],[None],[None],[],[],[],[],[],"[{'ssl.cipher': 'TLS_ECDHE_ECDSA_WITH_AES_128_GCM_SHA256', 'ssl.validation_status': None, 'ssl.curve': None, 'ssl.version': 'TLSv12', 'count': 1}]",[]
104.19.192.102,0x1b782b,CWccdn1VmtWtjPtem2,SF,0.176291,529,981,51097,11,tcp,3847,4259,443,10,ssl,2017-07-06T13:53:36.506213Z,192.168.10.5,0,0,0,1,4,[],[],[],[],[],[],[],['TLSv12'],['TLS_ECDHE_ECDSA_WITH_AES_128_GCM_SHA256'],[None],[None],['SSL'],"['c790a56c69cbaf0bf3f30a40d0a2aecc', 'b09cf9cc426c197d16754e689ba1aaa0', 'dc016cd80a249b277fcd1cb5ac85fca4', '5e0e419b20ea575477f11b52e2c818e0']",[],[],[],"[{'ssl.cipher': 'TLS_ECDHE_ECDSA_WITH_AES_128_GCM_SHA256', 'ssl.validation_status': None, 'ssl.curve': None, 'ssl.version': 'TLSv12', 'count': 1}]","[{'file.md5s': {'c790a56c69cbaf0bf3f30a40d0a2aecc', 'b09cf9cc426c197d16754e689ba1aaa0', 'dc016cd80a249b277fcd1cb5ac85fca4', '5e0e419b20ea575477f11b52e2c818e0'}, 'files.source': 'SSL', 'count': 4}]"
104.19.192.102,0x200bae,CCys6C3s3rCScBwuG8,SF,181.068135,966,2058,51042,27,tcp,22927,24019,443,27,ssl,2017-07-06T13:49:44.645304Z,192.168.10.5,0,0,0,1,4,[],[],[],[],[],[],[],['TLSv12'],['TLS_ECDHE_ECDSA_WITH_AES_128_GCM_SHA256'],[None],[None],['SSL'],"['b09cf9cc426c197d16754e689ba1aaa0', 'dc016cd80a249b277fcd1cb5ac85fca4', 'c790a56c69cbaf0bf3f30a40d0a2aecc', '5e0e419b20ea575477f11b52e2c818e0']",[],[],[],"[{'ssl.cipher': 'TLS_ECDHE_ECDSA_WITH_AES_128_GCM_SHA256', 'ssl.validation_status': None, 'ssl.curve': None, 'ssl.version': 'TLSv12', 'count': 1}]","[{'file.md5s': {'b09cf9cc426c197d16754e689ba1aaa0', 'dc016cd80a249b277fcd1cb5ac85fca4', 'c790a56c69cbaf0bf3f30a40d0a2aecc', '5e0e419b20ea575477f11b52e2c818e0'}, 'files.source': 'SSL', 'count': 4}]"
104.19.192.102,0x262705,CQ32kZ2gWnLcRTOyCe,SF,180.795754,929,2141,51096,30,tcp,27535,28907,443,34,ssl,2017-07-06T13:53:36.505992Z,192.168.10.5,0,0,0,1,0,[],[],[],[],[],[],[],['TLSv12'],['TLS_ECDHE_ECDSA_WITH_AES_128_GCM_SHA256'],[None],[None],[],[],[],[],[],"[{'ssl.cipher': 'TLS_ECDHE_ECDSA_WITH_AES_128_GCM_SHA256', 'ssl.validation_status': None, 'ssl.curve': None, 'ssl.version': 'TLSv12', 'count': 1}]",[]
