originated_ip,uid,connection.uid,connection.conn_state,connection.duration,connection.orig_bytes,connection.orig_ip_bytes,connection.orig_p,connection.orig_pkts,connection.proto,connection.resp_bytes,connection.resp_ip_bytes,connection.resp_p,connection.resp_pkts,connection.service,connection.ts,responded_ip,dns_count,ssh_count,http_count,ssl_count,files_count,dns_qtype,dns_rcode,ssh_auth_attempts,ssh_host_key,http_method,http_status_code,http_user_agent,ssl_version,ssl_cipher,ssl_curve,ssl_validation_status,files_source,file_md5,dns_dicts,ssh_dicts,http_dicts,ssl_dicts,files_dicts
107.21.249.50,0xdbc03,Cizvj142VS2P9ppKOi,SF,5.328622,357,729,61134,9,tcp,4854,5186,443,8,ssl,2017-07-06T13:36:00.182114Z,192.168.10.14,0,0,0,1,3,[],[],[],[],[],[],[],['TLSv12'],['TLS_ECDHE_RSA_WITH_AES_128_GCM_SHA256'],[None],[None],['SSL'],"['36ba4bc015940a584f4b78ba4ae18e8f', '9fc05d26f1654e9339be10a81016e954', '345eff15b7a49add451b65a7f4bdc6ae']",[],[],[],"[{'ssl.cipher': 'TLS_ECDHE_RSA_WITH_AES_128_GCM_SHA256', 'ssl.validation_status': None, 'ssl.curve': None, 'ssl.version': 'TLSv12', 'count': 1}]","[{'file.md5s': {'36ba4bc015940a584f4b78ba4ae18e8f', '9fc05d26f1654e9339be10a81016e954', '345eff15b7a49add451b65a7f4bdc6ae'}, 'files.source': 'SSL', 'count': 3}]"
107.21.249.50,0xdbcf6,C99g6134E1SwZUk3M4,SF,0.155836,1125,1417,61300,7,tcp,568,860,443,7,ssl,2017-07-06T13:37:19.102317Z,192.168.10.14,0,0,0,1,0,[],[],[],[],[],[],[],['TLSv12'],['TLS_ECDHE_RSA_WITH_AES_128_GCM_SHA256'],[None],[None],[],[],[],[],[],"[{'ssl.cipher': 'TLS_ECDHE_RSA_WITH_AES_128_GCM_SHA256', 'ssl.validation_status': None, 'ssl.curve': None, 'ssl.version': 'TLSv12', 'count': 1}]",[]
107.21.249.50,0x16e62d,CESKf919ANjNwo90Db,SF,0.110832,589,801,61408,5,tcp,394,526,80,3,http,2017-07-06T13:40:27.814388Z,192.168.10.14,0,0,1,0,0,[],[],[],[],['GET'],[302],[None],[],[],[],[],[],[],[],[],"[{'http.method': 'GET', 'http.user_agent': None, 'http.status_code': 302, 'count': 1}]",[],[]
107.21.249.50,0x29333f,CVKfM11ZEPreIgtFih,SF,0.190887,900,1232,61133,8,tcp,5024,5396,443,9,ssl,2017-07-06T13:36:00.182032Z,192.168.10.14,0,0,0,1,3,[],[],[],[],[],[],[],['TLSv12'],['TLS_ECDHE_RSA_WITH_AES_128_GCM_SHA256'],[None],[None],['SSL'],"['345eff15b7a49add451b65a7f4bdc6ae', '36ba4bc015940a584f4b78ba4ae18e8f', '9fc05d26f1654e9339be10a81016e954']",[],[],[],"[{'ssl.cipher': 'TLS_ECDHE_RSA_WITH_AES_128_GCM_SHA256', 'ssl.validation_status': None, 'ssl.curve': None, 'ssl.version': 'TLSv12', 'count': 1}]","[{'file.md5s': {'345eff15b7a49add451b65a7f4bdc6ae', '36ba4bc015940a584f4b78ba4ae18e8f', '9fc05d26f1654e9339be10a81016e954'}, 'files.source': 'SSL', 'count': 3}]"
