originated_ip,uid,connection.uid,connection.conn_state,connection.duration,connection.orig_bytes,connection.orig_ip_bytes,connection.orig_p,connection.orig_pkts,connection.proto,connection.resp_bytes,connection.resp_ip_bytes,connection.resp_p,connection.resp_pkts,connection.service,connection.ts,responded_ip,dns_count,ssh_count,http_count,ssl_count,files_count,dns_qtype,dns_rcode,ssh_auth_attempts,ssh_host_key,http_method,http_status_code,http_user_agent,ssl_version,ssl_cipher,ssl_curve,ssl_validation_status,files_source,file_md5,dns_dicts,ssh_dicts,http_dicts,ssl_dicts,files_dicts
104.16.24.235,0x30eb6,CZKH7e430G0NsjwIS4,SF,5.119466,0,172,60979,4,tcp,0,92,80,2,,2017-07-06T13:35:53.338146Z,192.168.10.14,0,0,0,0,0,[],[],[],[],[],[],[],[],[],[],[],[],[],[],[],[],[],[]
104.16.24.235,0x10c972,CaqznP2bUXnN1YTZjk,SF,46.066851,1039,1455,60978,10,tcp,1439,1859,80,9,http,2017-07-06T13:35:53.338056Z,192.168.10.14,0,0,1,0,1,[],[],[],[],['GET'],[200],[None],[],[],[],[],['HTTP'],['9e826b9f059ce200682943bf61c5d1eb'],[],[],"[{'http.method': 'GET', 'http.user_agent': None, 'http.status_code': 200, 'count': 1}]",[],"[{'file.md5s': {'9e826b9f059ce200682943bf61c5d1eb'}, 'files.source': 'HTTP', 'count': 1}]"
104.16.24.235,0x1d0064,CjQ1tc3lEjuFO9Y3Ne,SF,115.955022,674,1614,40860,23,tcp,4465,5237,443,19,ssl,2017-07-06T13:41:54.896622Z,192.168.10.12,0,0,0,1,2,[],[],[],[],[],[],[],['TLSv12'],['TLS_ECDHE_RSA_WITH_AES_128_GCM_SHA256'],[None],[None],['SSL'],"['345eff15b7a49add451b65a7f4bdc6ae', '8cd2cf961d0de715d7d79487ed4dca85']",[],[],[],"[{'ssl.cipher': 'TLS_ECDHE_RSA_WITH_AES_128_GCM_SHA256', 'ssl.validation_status': None, 'ssl.curve': None, 'ssl.version': 'TLSv12', 'count': 1}]","[{'file.md5s': {'345eff15b7a49add451b65a7f4bdc6ae', '8cd2cf961d0de715d7d79487ed4dca85'}, 'files.source': 'SSL', 'count': 2}]"
104.16.24.235,0x2194ae,CdIHss2KQluvHgurhd,SF,5.192069,318,778,40862,11,tcp,3669,3961,443,7,ssl,2017-07-06T13:41:54.901717Z,192.168.10.12,0,0,0,1,0,[],[],[],[],[],[],[],['TLSv12'],['TLS_ECDHE_RSA_WITH_AES_128_GCM_SHA256'],[None],[None],[],[],[],[],[],"[{'ssl.cipher': 'TLS_ECDHE_RSA_WITH_AES_128_GCM_SHA256', 'ssl.validation_status': None, 'ssl.curve': None, 'ssl.version': 'TLSv12', 'count': 1}]",[]
