originated_ip,uid,connection.uid,connection.conn_state,connection.duration,connection.orig_bytes,connection.orig_ip_bytes,connection.orig_p,connection.orig_pkts,connection.proto,connection.resp_bytes,connection.resp_ip_bytes,connection.resp_p,connection.resp_pkts,connection.service,connection.ts,responded_ip,dns_count,ssh_count,http_count,ssl_count,files_count,dns_qtype,dns_rcode,ssh_auth_attempts,ssh_host_key,http_method,http_status_code,http_user_agent,ssl_version,ssl_cipher,ssl_curve,ssl_validation_status,files_source,file_md5,dns_dicts,ssh_dicts,http_dicts,ssl_dicts,files_dicts
195.54.48.9,0xd8,CoGx8iSrTiEUXnSxc,SF,15.387984,917,1330,50625,10,tcp,6396,6820,443,10,ssl,2017-07-06T13:51:40.938359Z,192.168.10.8,0,0,0,1,0,[],[],[],[],[],[],[],['TLSv12'],['TLS_ECDHE_RSA_WITH_AES_128_GCM_SHA256'],[None],[None],[],[],[],[],[],"[{'ssl.cipher': 'TLS_ECDHE_RSA_WITH_AES_128_GCM_SHA256', 'ssl.validation_status': None, 'ssl.curve': None, 'ssl.version': 'TLSv12', 'count': 1}]",[]
195.54.48.9,0xaaf15,CAtCGU1jpahfUdebVg,SF,5.541379,383,755,50626,9,tcp,5723,6055,443,8,ssl,2017-07-06T13:51:40.93846Z,192.168.10.8,0,0,0,1,0,[],[],[],[],[],[],[],['TLSv12'],['TLS_ECDHE_RSA_WITH_AES_128_GCM_SHA256'],[None],[None],[],[],[],[],[],"[{'ssl.cipher': 'TLS_ECDHE_RSA_WITH_AES_128_GCM_SHA256', 'ssl.validation_status': None, 'ssl.curve': None, 'ssl.version': 'TLSv12', 'count': 1}]",[]
195.54.48.9,0x1b77e7,CqhF7P3qNxDIRm69H,SF,15.574371,753,1206,50562,11,tcp,6182,6646,443,11,ssl,2017-07-06T13:51:38.422206Z,192.168.10.8,0,0,0,1,4,[],[],[],[],[],[],[],['TLSv12'],['TLS_ECDHE_RSA_WITH_AES_128_GCM_SHA256'],[None],[None],['SSL'],"['91de0625abdafd32170cbb25172a8467', '81528b89e165204a75ad85e8c388cd68', '77cf82bb234a1f77309077327507ac67', '96c25031bc0dc35cfba723731e1b4140']",[],[],[],"[{'ssl.cipher': 'TLS_ECDHE_RSA_WITH_AES_128_GCM_SHA256', 'ssl.validation_status': None, 'ssl.curve': None, 'ssl.version': 'TLSv12', 'count': 1}]","[{'file.md5s': {'91de0625abdafd32170cbb25172a8467', '81528b89e165204a75ad85e8c388cd68', '77cf82bb234a1f77309077327507ac67', '96c25031bc0dc35cfba723731e1b4140'}, 'files.source': 'SSL', 'count': 4}]"
195.54.48.9,0x2c40b6,CIjI791iGX6Q3MSvBe,SF,18.777365,1341,1914,50563,14,tcp,6712,7256,443,13,ssl,2017-07-06T13:51:38.422304Z,192.168.10.8,0,0,0,1,4,[],[],[],[],[],[],[],['TLSv12'],['TLS_ECDHE_RSA_WITH_AES_128_GCM_SHA256'],[None],[None],['SSL'],"['91de0625abdafd32170cbb25172a8467', '81528b89e165204a75ad85e8c388cd68', '77cf82bb234a1f77309077327507ac67', '96c25031bc0dc35cfba723731e1b4140']",[],[],[],"[{'ssl.cipher': 'TLS_ECDHE_RSA_WITH_AES_128_GCM_SHA256', 'ssl.validation_status': None, 'ssl.curve': None, 'ssl.version': 'TLSv12', 'count': 1}]","[{'file.md5s': {'91de0625abdafd32170cbb25172a8467', '81528b89e165204a75ad85e8c388cd68', '77cf82bb234a1f77309077327507ac67', '96c25031bc0dc35cfba723731e1b4140'}, 'files.source': 'SSL', 'count': 4}]"
