originated_ip,uid,connection.uid,connection.conn_state,connection.duration,connection.orig_bytes,connection.orig_ip_bytes,connection.orig_p,connection.orig_pkts,connection.proto,connection.resp_bytes,connection.resp_ip_bytes,connection.resp_p,connection.resp_pkts,connection.service,connection.ts,responded_ip,dns_count,ssh_count,http_count,ssl_count,files_count,dns_qtype,dns_rcode,ssh_auth_attempts,ssh_host_key,http_method,http_status_code,http_user_agent,ssl_version,ssl_cipher,ssl_curve,ssl_validation_status,files_source,file_md5,dns_dicts,ssh_dicts,http_dicts,ssl_dicts,files_dicts
104.97.125.111,0x6208a,CpJ6OZ2HF6KnQUBpj4,SF,5.44219,0,216,57034,4,tcp,0,112,80,2,,2017-07-06T13:58:55.762767Z,192.168.10.16,0,0,0,0,0,[],[],[],[],[],[],[],[],[],[],[],[],[],[],[],[],[],[]
104.97.125.111,0x12530a,CLOvhT2TWWOnF06wk2,SF,115.445358,286,2010,57036,33,tcp,39319,41251,80,37,http,2017-07-06T13:58:55.762804Z,192.168.10.16,0,0,1,0,1,[],[],[],[],['GET'],[200],[None],[],[],[],[],['HTTP'],[''],[],[],"[{'http.method': 'GET', 'http.user_agent': None, 'http.status_code': 200, 'count': 1}]",[],"[{'file.md5s': {''}, 'files.source': 'HTTP', 'count': 1}]"
104.97.125.111,0x293489,C3bn2P1v4zAJoDrzei,RSTR,116.257325,667,2795,54492,41,tcp,49287,51583,443,44,ssl,2017-07-06T13:58:55.950396Z,192.168.10.16,0,0,0,1,3,[],[],[],[],[],[],[],['TLSv12'],['TLS_ECDHE_RSA_WITH_AES_256_GCM_SHA384'],[None],[None],['SSL'],"['23d5858ebc8986107cb7ac1e17f726c5', '8d13755ce9ee2b41f81b10d977e18e0c', 'f91ffee6a36b998841d467dde5f8977a']",[],[],[],"[{'ssl.cipher': 'TLS_ECDHE_RSA_WITH_AES_256_GCM_SHA384', 'ssl.validation_status': None, 'ssl.curve': None, 'ssl.version': 'TLSv12', 'count': 1}]","[{'file.md5s': {'23d5858ebc8986107cb7ac1e17f726c5', '8d13755ce9ee2b41f81b10d977e18e0c', 'f91ffee6a36b998841d467dde5f8977a'}, 'files.source': 'SSL', 'count': 3}]"
104.97.125.111,0x2f4f28,CaOAPYsjZbVeSkfqa,SF,5.254202,348,956,54490,12,tcp,4814,5290,443,9,ssl,2017-07-06T13:58:55.950371Z,192.168.10.16,0,0,0,1,0,[],[],[],[],[],[],[],['TLSv12'],['TLS_ECDHE_RSA_WITH_AES_256_GCM_SHA384'],[None],[None],[],[],[],[],[],"[{'ssl.cipher': 'TLS_ECDHE_RSA_WITH_AES_256_GCM_SHA384', 'ssl.validation_status': None, 'ssl.curve': None, 'ssl.version': 'TLSv12', 'count': 1}]",[]
