originated_ip,uid,connection.uid,connection.conn_state,connection.duration,connection.orig_bytes,connection.orig_ip_bytes,connection.orig_p,connection.orig_pkts,connection.proto,connection.resp_bytes,connection.resp_ip_bytes,connection.resp_p,connection.resp_pkts,connection.service,connection.ts,responded_ip,dns_count,ssh_count,http_count,ssl_count,files_count,dns_qtype,dns_rcode,ssh_auth_attempts,ssh_host_key,http_method,http_status_code,http_user_agent,ssl_version,ssl_cipher,ssl_curve,ssl_validation_status,files_source,file_md5,dns_dicts,ssh_dicts,http_dicts,ssl_dicts,files_dicts
104.88.101.57,0x16e474,CjmhWPftAg0ngpOR5,SF,6.028076,364,920,38622,11,tcp,3391,3763,443,7,ssl,2017-07-06T13:54:07.099635Z,192.168.10.12,0,0,0,1,2,[],[],[],[],[],[],[],['TLSv12'],['TLS_ECDHE_RSA_WITH_AES_256_GCM_SHA384'],[None],[None],['SSL'],"['36a4b6859fd764e787ee42fd3a9305db', '9db78c5bdf14d9f688a28bb6261945a3']",[],[],[],"[{'ssl.cipher': 'TLS_ECDHE_RSA_WITH_AES_256_GCM_SHA384', 'ssl.validation_status': None, 'ssl.curve': None, 'ssl.version': 'TLSv12', 'count': 1}]","[{'file.md5s': {'36a4b6859fd764e787ee42fd3a9305db', '9db78c5bdf14d9f688a28bb6261945a3'}, 'files.source': 'SSL', 'count': 2}]"
104.88.101.57,0x186d1a,CXWgHq97kFskgtF75,SF,5.105344,365,737,50028,9,tcp,3391,3723,443,8,ssl,2017-07-06T13:43:32.080187Z,192.168.10.8,0,0,0,1,2,[],[],[],[],[],[],[],['TLSv12'],['TLS_ECDHE_RSA_WITH_AES_256_GCM_SHA384'],[None],[None],['SSL'],"['36a4b6859fd764e787ee42fd3a9305db', '9db78c5bdf14d9f688a28bb6261945a3']",[],[],[],"[{'ssl.cipher': 'TLS_ECDHE_RSA_WITH_AES_256_GCM_SHA384', 'ssl.validation_status': None, 'ssl.curve': None, 'ssl.version': 'TLSv12', 'count': 1}]","[{'file.md5s': {'36a4b6859fd764e787ee42fd3a9305db', '9db78c5bdf14d9f688a28bb6261945a3'}, 'files.source': 'SSL', 'count': 2}]"
104.88.101.57,0x1b7a46,CGMfTKYO1lrusrqY3,RSTR,115.524398,868,1731,50027,21,tcp,4574,5518,443,20,ssl,2017-07-06T13:43:32.080128Z,192.168.10.8,0,0,0,1,2,[],[],[],[],[],[],[],['TLSv12'],['TLS_ECDHE_RSA_WITH_AES_256_GCM_SHA384'],[None],[None],['SSL'],"['36a4b6859fd764e787ee42fd3a9305db', '9db78c5bdf14d9f688a28bb6261945a3']",[],[],[],"[{'ssl.cipher': 'TLS_ECDHE_RSA_WITH_AES_256_GCM_SHA384', 'ssl.validation_status': None, 'ssl.curve': None, 'ssl.version': 'TLSv12', 'count': 1}]","[{'file.md5s': {'36a4b6859fd764e787ee42fd3a9305db', '9db78c5bdf14d9f688a28bb6261945a3'}, 'files.source': 'SSL', 'count': 2}]"
104.88.101.57,0x2dc7ef,CtZ9e72SG7Md41lPwl,RSTR,115.927936,988,2180,38632,23,tcp,4630,5626,443,19,ssl,2017-07-06T13:54:07.311381Z,192.168.10.12,0,0,0,1,2,[],[],[],[],[],[],[],['TLSv12'],['TLS_ECDHE_RSA_WITH_AES_256_GCM_SHA384'],[None],[None],['SSL'],"['36a4b6859fd764e787ee42fd3a9305db', '9db78c5bdf14d9f688a28bb6261945a3']",[],[],[],"[{'ssl.cipher': 'TLS_ECDHE_RSA_WITH_AES_256_GCM_SHA384', 'ssl.validation_status': None, 'ssl.curve': None, 'ssl.version': 'TLSv12', 'count': 1}]","[{'file.md5s': {'36a4b6859fd764e787ee42fd3a9305db', '9db78c5bdf14d9f688a28bb6261945a3'}, 'files.source': 'SSL', 'count': 2}]"
