originated_ip,uid,connection.uid,connection.conn_state,connection.duration,connection.orig_bytes,connection.orig_ip_bytes,connection.orig_p,connection.orig_pkts,connection.proto,connection.resp_bytes,connection.resp_ip_bytes,connection.resp_p,connection.resp_pkts,connection.service,connection.ts,responded_ip,dns_count,ssh_count,http_count,ssl_count,files_count,dns_qtype,dns_rcode,ssh_auth_attempts,ssh_host_key,http_method,http_status_code,http_user_agent,ssl_version,ssl_cipher,ssl_curve,ssl_validation_status,files_source,file_md5,dns_dicts,ssh_dicts,http_dicts,ssl_dicts,files_dicts
172.217.10.142,0xf4267,CMURjT3mGieZCd4TL7,SF,45.686902,32,447,33563,8,tcp,0,312,443,6,,2017-07-06T13:35:02.030428Z,192.168.10.17,0,0,0,0,0,[],[],[],[],[],[],[],[],[],[],[],[],[],[],[],[],[],[]
172.217.10.142,0x1250e7,CJ0RnJ2AxBdGpXeluh,SF,180.822035,1236,2168,50920,23,tcp,5239,5971,443,18,ssl,2017-07-06T13:54:20.798369Z,192.168.10.8,0,0,0,1,3,[],[],[],[],[],[],[],['TLSv12'],['TLS_ECDHE_ECDSA_WITH_AES_128_GCM_SHA256'],[None],[None],['SSL'],"['2e7db2a31d0e3da4b25f49b9542a2e1a', '17866ccbd224bd2ff9df48b95118f935', '2446fa633d27755d6b0403be0b8c2cbe']",[],[],[],"[{'ssl.cipher': 'TLS_ECDHE_ECDSA_WITH_AES_128_GCM_SHA256', 'ssl.validation_status': None, 'ssl.curve': None, 'ssl.version': 'TLSv12', 'count': 1}]","[{'file.md5s': {'2e7db2a31d0e3da4b25f49b9542a2e1a', '17866ccbd224bd2ff9df48b95118f935', '2446fa633d27755d6b0403be0b8c2cbe'}, 'files.source': 'SSL', 'count': 3}]"
172.217.10.142,0x24a012,CbZyDr4q2K06W3N7Vc,SF,181.419032,1237,2169,51221,23,tcp,5301,6153,443,21,ssl,2017-07-06T13:53:58.594794Z,192.168.10.5,0,0,0,1,3,[],[],[],[],[],[],[],['TLSv12'],['TLS_ECDHE_ECDSA_WITH_AES_128_GCM_SHA256'],[None],[None],['SSL'],"['2e7db2a31d0e3da4b25f49b9542a2e1a', '17866ccbd224bd2ff9df48b95118f935', '2446fa633d27755d6b0403be0b8c2cbe']",[],[],[],"[{'ssl.cipher': 'TLS_ECDHE_ECDSA_WITH_AES_128_GCM_SHA256', 'ssl.validation_status': None, 'ssl.curve': None, 'ssl.version': 'TLSv12', 'count': 1}]","[{'file.md5s': {'2e7db2a31d0e3da4b25f49b9542a2e1a', '17866ccbd224bd2ff9df48b95118f935', '2446fa633d27755d6b0403be0b8c2cbe'}, 'files.source': 'SSL', 'count': 3}]"
172.217.10.142,0x2f4e74,CijW1N1sKKdeCkVE5i,SF,0.937238,533,1025,51224,12,tcp,4544,4956,443,10,ssl,2017-07-06T13:53:58.595643Z,192.168.10.5,0,0,0,1,3,[],[],[],[],[],[],[],['TLSv12'],['TLS_ECDHE_ECDSA_WITH_AES_128_GCM_SHA256'],[None],[None],['SSL'],"['2e7db2a31d0e3da4b25f49b9542a2e1a', '17866ccbd224bd2ff9df48b95118f935', '2446fa633d27755d6b0403be0b8c2cbe']",[],[],[],"[{'ssl.cipher': 'TLS_ECDHE_ECDSA_WITH_AES_128_GCM_SHA256', 'ssl.validation_status': None, 'ssl.curve': None, 'ssl.version': 'TLSv12', 'count': 1}]","[{'file.md5s': {'2e7db2a31d0e3da4b25f49b9542a2e1a', '17866ccbd224bd2ff9df48b95118f935', '2446fa633d27755d6b0403be0b8c2cbe'}, 'files.source': 'SSL', 'count': 3}]"
