originated_ip,uid,connection.uid,connection.conn_state,connection.duration,connection.orig_bytes,connection.orig_ip_bytes,connection.orig_p,connection.orig_pkts,connection.proto,connection.resp_bytes,connection.resp_ip_bytes,connection.resp_p,connection.resp_pkts,connection.service,connection.ts,responded_ip,dns_count,ssh_count,http_count,ssl_count,files_count,dns_qtype,dns_rcode,ssh_auth_attempts,ssh_host_key,http_method,http_status_code,http_user_agent,ssl_version,ssl_cipher,ssl_curve,ssl_validation_status,files_source,file_md5,dns_dicts,ssh_dicts,http_dicts,ssl_dicts,files_dicts
172.217.12.131,0x30df4,CSkl2G3SWKyKtRhW0j,SF,0.960721,530,982,50721,11,tcp,4568,5020,443,11,ssl,2017-07-06T13:51:43.449201Z,192.168.10.8,0,0,0,1,3,[],[],[],[],[],[],[],['TLSv12'],['TLS_ECDHE_ECDSA_WITH_AES_128_GCM_SHA256'],[None],[None],['SSL'],"['2e7db2a31d0e3da4b25f49b9542a2e1a', '17866ccbd224bd2ff9df48b95118f935', 'e4c21e11b8ea0b8afac5f67feffe032b']",[],[],[],"[{'ssl.cipher': 'TLS_ECDHE_ECDSA_WITH_AES_128_GCM_SHA256', 'ssl.validation_status': None, 'ssl.curve': None, 'ssl.version': 'TLSv12', 'count': 1}]","[{'file.md5s': {'2e7db2a31d0e3da4b25f49b9542a2e1a', '17866ccbd224bd2ff9df48b95118f935', 'e4c21e11b8ea0b8afac5f67feffe032b'}, 'files.source': 'SSL', 'count': 3}]"
172.217.12.131,0x10c99e,CkrNyc1ztwZNxoeph1,SF,1.08322,900,1512,50722,15,tcp,8543,9235,443,17,ssl,2017-07-06T13:51:43.449319Z,192.168.10.8,0,0,0,1,3,[],[],[],[],[],[],[],['TLSv12'],['TLS_ECDHE_ECDSA_WITH_AES_128_GCM_SHA256'],[None],[None],['SSL'],"['2e7db2a31d0e3da4b25f49b9542a2e1a', 'e4c21e11b8ea0b8afac5f67feffe032b', '17866ccbd224bd2ff9df48b95118f935']",[],[],[],"[{'ssl.cipher': 'TLS_ECDHE_ECDSA_WITH_AES_128_GCM_SHA256', 'ssl.validation_status': None, 'ssl.curve': None, 'ssl.version': 'TLSv12', 'count': 1}]","[{'file.md5s': {'2e7db2a31d0e3da4b25f49b9542a2e1a', 'e4c21e11b8ea0b8afac5f67feffe032b', '17866ccbd224bd2ff9df48b95118f935'}, 'files.source': 'SSL', 'count': 3}]"
172.217.12.131,0x29339d,CKPVHq3C6IlT5FRtlk,SF,0.960487,530,982,50720,11,tcp,4567,5019,443,11,ssl,2017-07-06T13:51:43.449083Z,192.168.10.8,0,0,0,1,3,[],[],[],[],[],[],[],['TLSv12'],['TLS_ECDHE_ECDSA_WITH_AES_128_GCM_SHA256'],[None],[None],['SSL'],"['2e7db2a31d0e3da4b25f49b9542a2e1a', '17866ccbd224bd2ff9df48b95118f935', 'e4c21e11b8ea0b8afac5f67feffe032b']",[],[],[],"[{'ssl.cipher': 'TLS_ECDHE_ECDSA_WITH_AES_128_GCM_SHA256', 'ssl.validation_status': None, 'ssl.curve': None, 'ssl.version': 'TLSv12', 'count': 1}]","[{'file.md5s': {'2e7db2a31d0e3da4b25f49b9542a2e1a', '17866ccbd224bd2ff9df48b95118f935', 'e4c21e11b8ea0b8afac5f67feffe032b'}, 'files.source': 'SSL', 'count': 3}]"
172.217.12.131,0x2aba21,CXA9404pRWaiwi8a61,SF,181.49584,1092,1984,50719,22,tcp,6916,7768,443,21,ssl,2017-07-06T13:51:43.448948Z,192.168.10.8,0,0,0,1,3,[],[],[],[],[],[],[],['TLSv12'],['TLS_ECDHE_ECDSA_WITH_AES_128_GCM_SHA256'],[None],[None],['SSL'],"['2e7db2a31d0e3da4b25f49b9542a2e1a', '17866ccbd224bd2ff9df48b95118f935', 'e4c21e11b8ea0b8afac5f67feffe032b']",[],[],[],"[{'ssl.cipher': 'TLS_ECDHE_ECDSA_WITH_AES_128_GCM_SHA256', 'ssl.validation_status': None, 'ssl.curve': None, 'ssl.version': 'TLSv12', 'count': 1}]","[{'file.md5s': {'2e7db2a31d0e3da4b25f49b9542a2e1a', '17866ccbd224bd2ff9df48b95118f935', 'e4c21e11b8ea0b8afac5f67feffe032b'}, 'files.source': 'SSL', 'count': 3}]"
