originated_ip,uid,connection.uid,connection.conn_state,connection.duration,connection.orig_bytes,connection.orig_ip_bytes,connection.orig_p,connection.orig_pkts,connection.proto,connection.resp_bytes,connection.resp_ip_bytes,connection.resp_p,connection.resp_pkts,connection.service,connection.ts,responded_ip,dns_count,ssh_count,http_count,ssl_count,files_count,dns_qtype,dns_rcode,ssh_auth_attempts,ssh_host_key,http_method,http_status_code,http_user_agent,ssl_version,ssl_cipher,ssl_curve,ssl_validation_status,files_source,file_md5,dns_dicts,ssh_dicts,http_dicts,ssl_dicts,files_dicts
192.0.76.3,0x1881a,CcUOlA23EXZIgCrKb6,SF,182.951014,1565,2657,2953,27,tcp,11146,12158,443,25,ssl,2017-07-06T13:58:47.595019Z,192.168.10.9,0,0,0,1,4,[],[],[],[],[],[],[],['TLSv12'],['TLS_ECDHE_RSA_WITH_AES_128_GCM_SHA256'],[None],[None],['SSL'],"['a08e42bd3a2e215a19f5d17b25e083d4', '85822b61dda665cf15d8b270aebe69f7', '81528b89e165204a75ad85e8c388cd68', '96c25031bc0dc35cfba723731e1b4140']",[],[],[],"[{'ssl.cipher': 'TLS_ECDHE_RSA_WITH_AES_128_GCM_SHA256', 'ssl.validation_status': None, 'ssl.curve': None, 'ssl.version': 'TLSv12', 'count': 1}]","[{'file.md5s': {'a08e42bd3a2e215a19f5d17b25e083d4', '85822b61dda665cf15d8b270aebe69f7', '81528b89e165204a75ad85e8c388cd68', '96c25031bc0dc35cfba723731e1b4140'}, 'files.source': 'SSL', 'count': 4}]"
192.0.76.3,0x16e504,CSFFW11EY9Cz07K2b6,SF,1.674417,526,978,3053,11,tcp,6292,6704,443,10,ssl,2017-07-06T13:58:49.91402Z,192.168.10.9,0,0,0,1,4,[],[],[],[],[],[],[],['TLSv12'],['TLS_ECDHE_RSA_WITH_AES_128_GCM_SHA256'],[None],[None],['SSL'],"['a08e42bd3a2e215a19f5d17b25e083d4', '85822b61dda665cf15d8b270aebe69f7', '81528b89e165204a75ad85e8c388cd68', '96c25031bc0dc35cfba723731e1b4140']",[],[],[],"[{'ssl.cipher': 'TLS_ECDHE_RSA_WITH_AES_128_GCM_SHA256', 'ssl.validation_status': None, 'ssl.curve': None, 'ssl.version': 'TLSv12', 'count': 1}]","[{'file.md5s': {'a08e42bd3a2e215a19f5d17b25e083d4', '85822b61dda665cf15d8b270aebe69f7', '81528b89e165204a75ad85e8c388cd68', '96c25031bc0dc35cfba723731e1b4140'}, 'files.source': 'SSL', 'count': 4}]"
192.0.76.3,0x1b78df,CFAH1XMluUW2QMgH1,SF,1.674129,526,978,3054,11,tcp,6292,6704,443,10,ssl,2017-07-06T13:58:49.914129Z,192.168.10.9,0,0,0,1,4,[],[],[],[],[],[],[],['TLSv12'],['TLS_ECDHE_RSA_WITH_AES_128_GCM_SHA256'],[None],[None],['SSL'],"['81528b89e165204a75ad85e8c388cd68', '85822b61dda665cf15d8b270aebe69f7', 'a08e42bd3a2e215a19f5d17b25e083d4', '96c25031bc0dc35cfba723731e1b4140']",[],[],[],"[{'ssl.cipher': 'TLS_ECDHE_RSA_WITH_AES_128_GCM_SHA256', 'ssl.validation_status': None, 'ssl.curve': None, 'ssl.version': 'TLSv12', 'count': 1}]","[{'file.md5s': {'81528b89e165204a75ad85e8c388cd68', '85822b61dda665cf15d8b270aebe69f7', 'a08e42bd3a2e215a19f5d17b25e083d4', '96c25031bc0dc35cfba723731e1b4140'}, 'files.source': 'SSL', 'count': 4}]"
192.0.76.3,0x2f4f07,CPk3wKULez2mFi3Wh,SF,1.67398,526,978,3055,11,tcp,6292,6704,443,10,ssl,2017-07-06T13:58:49.914278Z,192.168.10.9,0,0,0,1,4,[],[],[],[],[],[],[],['TLSv12'],['TLS_ECDHE_RSA_WITH_AES_128_GCM_SHA256'],[None],[None],['SSL'],"['a08e42bd3a2e215a19f5d17b25e083d4', '85822b61dda665cf15d8b270aebe69f7', '81528b89e165204a75ad85e8c388cd68', '96c25031bc0dc35cfba723731e1b4140']",[],[],[],"[{'ssl.cipher': 'TLS_ECDHE_RSA_WITH_AES_128_GCM_SHA256', 'ssl.validation_status': None, 'ssl.curve': None, 'ssl.version': 'TLSv12', 'count': 1}]","[{'file.md5s': {'a08e42bd3a2e215a19f5d17b25e083d4', '85822b61dda665cf15d8b270aebe69f7', '81528b89e165204a75ad85e8c388cd68', '96c25031bc0dc35cfba723731e1b4140'}, 'files.source': 'SSL', 'count': 4}]"
