originated_ip,uid,connection.uid,connection.conn_state,connection.duration,connection.orig_bytes,connection.orig_ip_bytes,connection.orig_p,connection.orig_pkts,connection.proto,connection.resp_bytes,connection.resp_ip_bytes,connection.resp_p,connection.resp_pkts,connection.service,connection.ts,responded_ip,dns_count,ssh_count,http_count,ssl_count,files_count,dns_qtype,dns_rcode,ssh_auth_attempts,ssh_host_key,http_method,http_status_code,http_user_agent,ssl_version,ssl_cipher,ssl_curve,ssl_validation_status,files_source,file_md5,dns_dicts,ssh_dicts,http_dicts,ssl_dicts,files_dicts
172.217.9.226,0x7a40f,CrK6Eb36T7CVdF0VW4,SF,5.755499,390,918,36487,10,tcp,4102,4474,443,7,ssl,2017-07-06T13:42:48.313844Z,192.168.10.17,0,0,0,1,0,[],[],[],[],[],[],[],[''],[''],[None],[None],[],[],[],[],[],"[{'ssl.cipher': '', 'ssl.validation_status': None, 'ssl.curve': None, 'ssl.version': '', 'count': 1}]",[]
172.217.9.226,0x92aeb,Ce8uKi2WcaXDwbPVT,SF,0.513334,2949,3817,36481,17,tcp,9229,9965,443,14,ssl,2017-07-06T13:42:48.313355Z,192.168.10.17,0,0,0,1,0,[],[],[],[],[],[],[],['TLSv12'],['TLS_ECDHE_RSA_WITH_AES_128_GCM_SHA256'],[None],[None],[],[],[],[],[],"[{'ssl.cipher': 'TLS_ECDHE_RSA_WITH_AES_128_GCM_SHA256', 'ssl.validation_status': None, 'ssl.curve': None, 'ssl.version': 'TLSv12', 'count': 1}]",[]
172.217.9.226,0x155f96,COFvip4or3T3J8Qmpl,SF,0.718462,2991,3859,36480,17,tcp,9165,9797,443,12,ssl,2017-07-06T13:42:48.313276Z,192.168.10.17,0,0,0,1,3,[],[],[],[],[],[],[],['TLSv12'],['TLS_ECDHE_RSA_WITH_AES_128_GCM_SHA256'],[None],[None],['SSL'],"['2e7db2a31d0e3da4b25f49b9542a2e1a', '17866ccbd224bd2ff9df48b95118f935', '0a0c52c7c8ad1678e13b59c49dfe62dc']",[],[],[],"[{'ssl.cipher': 'TLS_ECDHE_RSA_WITH_AES_128_GCM_SHA256', 'ssl.validation_status': None, 'ssl.curve': None, 'ssl.version': 'TLSv12', 'count': 1}]","[{'file.md5s': {'2e7db2a31d0e3da4b25f49b9542a2e1a', '17866ccbd224bd2ff9df48b95118f935', '0a0c52c7c8ad1678e13b59c49dfe62dc'}, 'files.source': 'SSL', 'count': 3}]"
172.217.9.226,0x24a1be,CyRUVP3Djl4qZOoG3,SF,5.755402,390,866,36488,9,tcp,4102,4370,443,5,ssl,2017-07-06T13:42:48.313944Z,192.168.10.17,0,0,0,1,3,[],[],[],[],[],[],[],['TLSv12'],['TLS_ECDHE_RSA_WITH_AES_128_GCM_SHA256'],[None],[None],['SSL'],"['2e7db2a31d0e3da4b25f49b9542a2e1a', '17866ccbd224bd2ff9df48b95118f935', '0a0c52c7c8ad1678e13b59c49dfe62dc']",[],[],[],"[{'ssl.cipher': 'TLS_ECDHE_RSA_WITH_AES_128_GCM_SHA256', 'ssl.validation_status': None, 'ssl.curve': None, 'ssl.version': 'TLSv12', 'count': 1}]","[{'file.md5s': {'2e7db2a31d0e3da4b25f49b9542a2e1a', '17866ccbd224bd2ff9df48b95118f935', '0a0c52c7c8ad1678e13b59c49dfe62dc'}, 'files.source': 'SSL', 'count': 3}]"
