originated_ip,uid,connection.uid,connection.conn_state,connection.duration,connection.orig_bytes,connection.orig_ip_bytes,connection.orig_p,connection.orig_pkts,connection.proto,connection.resp_bytes,connection.resp_ip_bytes,connection.resp_p,connection.resp_pkts,connection.service,connection.ts,responded_ip,dns_count,ssh_count,http_count,ssl_count,files_count,dns_qtype,dns_rcode,ssh_auth_attempts,ssh_host_key,http_method,http_status_code,http_user_agent,ssl_version,ssl_cipher,ssl_curve,ssl_validation_status,files_source,file_md5,dns_dicts,ssh_dicts,http_dicts,ssl_dicts,files_dicts
104.20.21.239,0x13d9c2,CQPHTtlOCFAqneH0l,SF,46.037307,280,696,51172,10,tcp,3753,4293,80,12,http,2017-07-06T14:02:24.202876Z,192.168.10.8,0,0,1,0,1,[],[],[],[],['GET'],[200],[None],[],[],[],[],['HTTP'],['d230cfb13f06f1aba95cc83dc399d381'],[],[],"[{'http.method': 'GET', 'http.user_agent': None, 'http.status_code': 200, 'count': 1}]",[],"[{'file.md5s': {'d230cfb13f06f1aba95cc83dc399d381'}, 'files.source': 'HTTP', 'count': 1}]"
104.20.21.239,0x19f739,CjKzsHzSH8ArQs5pl,SF,5.312159,0,172,51173,4,tcp,0,92,80,2,,2017-07-06T14:02:24.222115Z,192.168.10.8,0,0,0,0,0,[],[],[],[],[],[],[],[],[],[],[],[],[],[],[],[],[],[]
104.20.21.239,0x1e8838,CIy6hA1nheTTDi1Mp,SF,46.096771,678,1094,51182,10,tcp,275,735,80,10,http,2017-07-06T14:02:24.834136Z,192.168.10.8,0,0,1,0,1,[],[],[],[],['GET'],[200],[None],[],[],[],[],['HTTP'],['07fff40b5dd495aca2ac4e1c3fbc60aa'],[],[],"[{'http.method': 'GET', 'http.user_agent': None, 'http.status_code': 200, 'count': 1}]",[],"[{'file.md5s': {'07fff40b5dd495aca2ac4e1c3fbc60aa'}, 'files.source': 'HTTP', 'count': 1}]"
104.20.21.239,0x262c1b,CZU9s53ZgKjlgxThS1,SF,6.014258,0,172,51183,4,tcp,0,92,80,2,,2017-07-06T14:02:24.834199Z,192.168.10.8,0,0,0,0,0,[],[],[],[],[],[],[],[],[],[],[],[],[],[],[],[],[],[]
