originated_ip,uid,connection.uid,connection.conn_state,connection.duration,connection.orig_bytes,connection.orig_ip_bytes,connection.orig_p,connection.orig_pkts,connection.proto,connection.resp_bytes,connection.resp_ip_bytes,connection.resp_p,connection.resp_pkts,connection.service,connection.ts,responded_ip,dns_count,ssh_count,http_count,ssl_count,files_count,dns_qtype,dns_rcode,ssh_auth_attempts,ssh_host_key,http_method,http_status_code,http_user_agent,ssl_version,ssl_cipher,ssl_curve,ssl_validation_status,files_source,file_md5,dns_dicts,ssh_dicts,http_dicts,ssl_dicts,files_dicts
195.20.129.13,0x3108c,CMYak14zH7HfJ0YuY9,SF,66.119081,712,1864,36506,22,tcp,28127,29487,80,26,http,2017-07-06T13:58:55.166174Z,192.168.10.16,0,0,1,0,1,[],[],[],[],['GET'],[200],[None],[],[],[],[],['HTTP'],[''],[],[],"[{'http.method': 'GET', 'http.user_agent': None, 'http.status_code': 200, 'count': 1}]",[],"[{'file.md5s': {''}, 'files.source': 'HTTP', 'count': 1}]"
195.20.129.13,0xf45bb,CZwh2n3jQVvH26I396,SF,66.454791,2220,6492,36508,82,tcp,185476,191516,80,116,http,2017-07-06T13:58:55.166174Z,192.168.10.16,0,0,1,0,3,[],[],[],[],['GET'],[200],[None],[],[],[],[],['HTTP'],"['7bdee65b48514e2b3e6aa5ab934071be', '']",[],[],"[{'http.method': 'GET', 'http.user_agent': None, 'http.status_code': 200, 'count': 1}]",[],"[{'file.md5s': {'7bdee65b48514e2b3e6aa5ab934071be', ''}, 'files.source': 'HTTP', 'count': 3}]"
195.20.129.13,0x156019,CthLrz1JmLFF2hAGB6,SF,65.24233,717,1713,36548,19,tcp,18986,20086,80,21,http,2017-07-06T13:58:56.168619Z,192.168.10.16,0,0,1,0,1,[],[],[],[],['GET'],[200],[None],[],[],[],[],['HTTP'],[''],[],[],"[{'http.method': 'GET', 'http.user_agent': None, 'http.status_code': 200, 'count': 1}]",[],"[{'file.md5s': {''}, 'files.source': 'HTTP', 'count': 1}]"
195.20.129.13,0x2dccc0,CHD18VVrBql3u1Ju3,SF,6.110152,0,216,36550,4,tcp,0,112,80,2,,2017-07-06T13:58:56.19023Z,192.168.10.16,0,0,0,0,0,[],[],[],[],[],[],[],[],[],[],[],[],[],[],[],[],[],[]
