originated_ip,uid,connection.uid,connection.conn_state,connection.duration,connection.orig_bytes,connection.orig_ip_bytes,connection.orig_p,connection.orig_pkts,connection.proto,connection.resp_bytes,connection.resp_ip_bytes,connection.resp_p,connection.resp_pkts,connection.service,connection.ts,responded_ip,dns_count,ssh_count,http_count,ssl_count,files_count,dns_qtype,dns_rcode,ssh_auth_attempts,ssh_host_key,http_method,http_status_code,http_user_agent,ssl_version,ssl_cipher,ssl_curve,ssl_validation_status,files_source,file_md5,dns_dicts,ssh_dicts,http_dicts,ssl_dicts,files_dicts
180.189.10.130,0x92cfe,ClVMXS1i76dCRniML1,SF,5.698657,0,172,50408,4,tcp,0,128,80,3,,2017-07-06T13:48:57.901243Z,192.168.10.8,0,0,0,0,0,[],[],[],[],[],[],[],[],[],[],[],[],[],[],[],[],[],[]
180.189.10.130,0xab22d,C78Brs2DQe9uFv4yE1,SF,0.392561,529,741,50409,5,tcp,229,397,80,4,http,2017-07-06T13:48:57.902067Z,192.168.10.8,0,0,1,0,0,[],[],[],[],['GET'],[0],[None],[],[],[],[],[],[],[],[],"[{'http.method': 'GET', 'http.user_agent': None, 'http.status_code': 0, 'count': 1}]",[],[]
180.189.10.130,0x1b7787,C6TzArODcdrVT4UMl,SF,0.740875,707,1079,50346,9,tcp,3780,4188,443,10,ssl,2017-07-06T13:48:52.721861Z,192.168.10.8,0,0,0,1,2,[],[],[],[],[],[],[],['TLSv12'],['TLS_ECDHE_RSA_WITH_AES_128_GCM_SHA256'],[None],[None],['SSL'],"['23d5858ebc8986107cb7ac1e17f726c5', '9214c1f5080555f0449c41f99c6ad717']",[],[],[],"[{'ssl.cipher': 'TLS_ECDHE_RSA_WITH_AES_128_GCM_SHA256', 'ssl.validation_status': None, 'ssl.curve': None, 'ssl.version': 'TLSv12', 'count': 1}]","[{'file.md5s': {'23d5858ebc8986107cb7ac1e17f726c5', '9214c1f5080555f0449c41f99c6ad717'}, 'files.source': 'SSL', 'count': 2}]"
180.189.10.130,0x24a29f,CHRpHZ1a2w1jAeaO6e,SF,0.681152,320,1132,50348,20,tcp,50444,52052,80,40,http,2017-07-06T13:48:53.463196Z,192.168.10.8,0,0,1,0,1,[],[],[],[],['GET'],[200],[None],[],[],[],[],['HTTP'],[''],[],[],"[{'http.method': 'GET', 'http.user_agent': None, 'http.status_code': 200, 'count': 1}]",[],"[{'file.md5s': {''}, 'files.source': 'HTTP', 'count': 1}]"
