originated_ip,uid,connection.uid,connection.conn_state,connection.duration,connection.orig_bytes,connection.orig_ip_bytes,connection.orig_p,connection.orig_pkts,connection.proto,connection.resp_bytes,connection.resp_ip_bytes,connection.resp_p,connection.resp_pkts,connection.service,connection.ts,responded_ip,dns_count,ssh_count,http_count,ssl_count,files_count,dns_qtype,dns_rcode,ssh_auth_attempts,ssh_host_key,http_method,http_status_code,http_user_agent,ssl_version,ssl_cipher,ssl_curve,ssl_validation_status,files_source,file_md5,dns_dicts,ssh_dicts,http_dicts,ssl_dicts,files_dicts
183.79.249.124,0x92802,CXrFfK1qu7HRTmeGed,SF,1.166555,556,1008,50327,11,tcp,5275,5807,443,13,ssl,2017-07-06T13:46:16.396288Z,192.168.10.8,0,0,0,1,2,[],[],[],[],[],[],[],['TLSv12'],['TLS_ECDHE_RSA_WITH_AES_128_GCM_SHA256'],[None],[None],['SSL'],"['83744d9cefffc9cbc1e66a8c828a537f', '64768fb7704c31d40e369d6bae5dabbb']",[],[],[],"[{'ssl.cipher': 'TLS_ECDHE_RSA_WITH_AES_128_GCM_SHA256', 'ssl.validation_status': None, 'ssl.curve': None, 'ssl.version': 'TLSv12', 'count': 1}]","[{'file.md5s': {'83744d9cefffc9cbc1e66a8c828a537f', '64768fb7704c31d40e369d6bae5dabbb'}, 'files.source': 'SSL', 'count': 2}]"
183.79.249.124,0x155cf3,C526zF4pHAvC1gz9Sl,SF,182.243863,1312,2364,50325,26,tcp,10443,11575,443,28,ssl,2017-07-06T13:46:16.379289Z,192.168.10.8,0,0,0,1,2,[],[],[],[],[],[],[],['TLSv12'],['TLS_ECDHE_RSA_WITH_AES_128_GCM_SHA256'],[None],[None],['SSL'],"['83744d9cefffc9cbc1e66a8c828a537f', '64768fb7704c31d40e369d6bae5dabbb']",[],[],[],"[{'ssl.cipher': 'TLS_ECDHE_RSA_WITH_AES_128_GCM_SHA256', 'ssl.validation_status': None, 'ssl.curve': None, 'ssl.version': 'TLSv12', 'count': 1}]","[{'file.md5s': {'83744d9cefffc9cbc1e66a8c828a537f', '64768fb7704c31d40e369d6bae5dabbb'}, 'files.source': 'SSL', 'count': 2}]"
183.79.249.124,0x19f0cc,CvCtjZ9U0VG1TWYc1,SF,1.116943,533,945,50326,10,tcp,5275,5687,443,10,ssl,2017-07-06T13:46:16.396198Z,192.168.10.8,0,0,0,1,2,[],[],[],[],[],[],[],['TLSv12'],['TLS_ECDHE_RSA_WITH_AES_128_GCM_SHA256'],[None],[None],['SSL'],"['83744d9cefffc9cbc1e66a8c828a537f', '64768fb7704c31d40e369d6bae5dabbb']",[],[],[],"[{'ssl.cipher': 'TLS_ECDHE_RSA_WITH_AES_128_GCM_SHA256', 'ssl.validation_status': None, 'ssl.curve': None, 'ssl.version': 'TLSv12', 'count': 1}]","[{'file.md5s': {'83744d9cefffc9cbc1e66a8c828a537f', '64768fb7704c31d40e369d6bae5dabbb'}, 'files.source': 'SSL', 'count': 2}]"
183.79.249.124,0x2191ec,CMC56Y1XSXZgzJ6Sbg,SF,59.350789,548,960,50324,10,tcp,5275,5767,443,12,ssl,2017-07-06T13:46:16.24216Z,192.168.10.8,0,0,0,1,2,[],[],[],[],[],[],[],['TLSv12'],['TLS_ECDHE_RSA_WITH_AES_128_GCM_SHA256'],[None],[None],['SSL'],"['83744d9cefffc9cbc1e66a8c828a537f', '64768fb7704c31d40e369d6bae5dabbb']",[],[],[],"[{'ssl.cipher': 'TLS_ECDHE_RSA_WITH_AES_128_GCM_SHA256', 'ssl.validation_status': None, 'ssl.curve': None, 'ssl.version': 'TLSv12', 'count': 1}]","[{'file.md5s': {'83744d9cefffc9cbc1e66a8c828a537f', '64768fb7704c31d40e369d6bae5dabbb'}, 'files.source': 'SSL', 'count': 2}]"
