originated_ip,uid,connection.uid,connection.conn_state,connection.duration,connection.orig_bytes,connection.orig_ip_bytes,connection.orig_p,connection.orig_pkts,connection.proto,connection.resp_bytes,connection.resp_ip_bytes,connection.resp_p,connection.resp_pkts,connection.service,connection.ts,responded_ip,dns_count,ssh_count,http_count,ssl_count,files_count,dns_qtype,dns_rcode,ssh_auth_attempts,ssh_host_key,http_method,http_status_code,http_user_agent,ssl_version,ssl_cipher,ssl_curve,ssl_validation_status,files_source,file_md5,dns_dicts,ssh_dicts,http_dicts,ssl_dicts,files_dicts
169.54.33.158,0x18867,Cqkfku2xfzqSI3r4Oe,SF,65.209196,1371,1989,50960,15,tcp,3954,4638,443,15,ssl,2017-07-06T13:38:13.135835Z,192.168.10.5,0,0,0,1,2,[],[],[],[],[],[],[],['TLSv12'],['TLS_ECDHE_RSA_WITH_AES_128_GCM_SHA256'],[None],[None],['SSL'],"['c98a5202c10a5914228378b09052b8e5', '901103db6490bcba382e65f965386519']",[],[],[],"[{'ssl.cipher': 'TLS_ECDHE_RSA_WITH_AES_128_GCM_SHA256', 'ssl.validation_status': None, 'ssl.curve': None, 'ssl.version': 'TLSv12', 'count': 1}]","[{'file.md5s': {'c98a5202c10a5914228378b09052b8e5', '901103db6490bcba382e65f965386519'}, 'files.source': 'SSL', 'count': 2}]"
169.54.33.158,0x92a27,CpqC273zmH5UFZocj7,SF,5.610213,350,722,50961,9,tcp,3431,3643,443,5,ssl,2017-07-06T13:38:13.136038Z,192.168.10.5,0,0,0,1,2,[],[],[],[],[],[],[],['TLSv12'],['TLS_ECDHE_RSA_WITH_AES_128_GCM_SHA256'],[None],[None],['SSL'],"['c98a5202c10a5914228378b09052b8e5', '901103db6490bcba382e65f965386519']",[],[],[],"[{'ssl.cipher': 'TLS_ECDHE_RSA_WITH_AES_128_GCM_SHA256', 'ssl.validation_status': None, 'ssl.curve': None, 'ssl.version': 'TLSv12', 'count': 1}]","[{'file.md5s': {'c98a5202c10a5914228378b09052b8e5', '901103db6490bcba382e65f965386519'}, 'files.source': 'SSL', 'count': 2}]"
169.54.33.158,0x13d7eb,CkFE682AdYmWbCI0ii,SF,65.227323,747,1405,50959,16,tcp,4112,4796,443,15,ssl,2017-07-06T13:38:13.135397Z,192.168.10.5,0,0,0,1,2,[],[],[],[],[],[],[],['TLSv12'],['TLS_ECDHE_RSA_WITH_AES_128_GCM_SHA256'],[None],[None],['SSL'],"['c98a5202c10a5914228378b09052b8e5', '901103db6490bcba382e65f965386519']",[],[],[],"[{'ssl.cipher': 'TLS_ECDHE_RSA_WITH_AES_128_GCM_SHA256', 'ssl.validation_status': None, 'ssl.curve': None, 'ssl.version': 'TLSv12', 'count': 1}]","[{'file.md5s': {'c98a5202c10a5914228378b09052b8e5', '901103db6490bcba382e65f965386519'}, 'files.source': 'SSL', 'count': 2}]"
169.54.33.158,0x1e86c8,COKgUjjycVWxR8pZ2,SF,5.609556,350,722,50962,9,tcp,3431,3683,443,6,ssl,2017-07-06T13:38:13.136114Z,192.168.10.5,0,0,0,1,2,[],[],[],[],[],[],[],['TLSv12'],['TLS_ECDHE_RSA_WITH_AES_128_GCM_SHA256'],[None],[None],['SSL'],"['c98a5202c10a5914228378b09052b8e5', '901103db6490bcba382e65f965386519']",[],[],[],"[{'ssl.cipher': 'TLS_ECDHE_RSA_WITH_AES_128_GCM_SHA256', 'ssl.validation_status': None, 'ssl.curve': None, 'ssl.version': 'TLSv12', 'count': 1}]","[{'file.md5s': {'c98a5202c10a5914228378b09052b8e5', '901103db6490bcba382e65f965386519'}, 'files.source': 'SSL', 'count': 2}]"
