originated_ip,uid,connection.uid,connection.conn_state,connection.duration,connection.orig_bytes,connection.orig_ip_bytes,connection.orig_p,connection.orig_pkts,connection.proto,connection.resp_bytes,connection.resp_ip_bytes,connection.resp_p,connection.resp_pkts,connection.service,connection.ts,responded_ip,dns_count,ssh_count,http_count,ssl_count,files_count,dns_qtype,dns_rcode,ssh_auth_attempts,ssh_host_key,http_method,http_status_code,http_user_agent,ssl_version,ssl_cipher,ssl_curve,ssl_validation_status,files_source,file_md5,dns_dicts,ssh_dicts,http_dicts,ssl_dicts,files_dicts
172.217.10.40,0xdbc7d,CfZtVe4GmOyS965zl4,SF,195.618704,921,2649,50099,33,tcp,45057,46937,443,36,ssl,2017-07-06T13:36:30.866306Z,192.168.10.25,0,0,0,1,3,[],[],[],[],[],[],[],['TLSv10'],['TLS_RSA_WITH_AES_128_CBC_SHA'],[None],[None],['SSL'],"['ab2d87a8fb09485915529ee9d7455075', '17866ccbd224bd2ff9df48b95118f935', '2e7db2a31d0e3da4b25f49b9542a2e1a']",[],[],[],"[{'ssl.cipher': 'TLS_RSA_WITH_AES_128_CBC_SHA', 'ssl.validation_status': None, 'ssl.curve': None, 'ssl.version': 'TLSv10', 'count': 1}]","[{'file.md5s': {'ab2d87a8fb09485915529ee9d7455075', '17866ccbd224bd2ff9df48b95118f935', '2e7db2a31d0e3da4b25f49b9542a2e1a'}, 'files.source': 'SSL', 'count': 3}]"
172.217.10.40,0x1cff0a,CirjVl1iTuPoD4W1Gl,SF,50.65207,747,2419,45438,32,tcp,57127,59695,443,49,ssl,2017-07-06T13:37:01.06633Z,192.168.10.12,0,0,0,1,3,[],[],[],[],[],[],[],['TLSv12'],['TLS_ECDHE_RSA_WITH_AES_128_GCM_SHA256'],[None],[None],['SSL'],"['ab2d87a8fb09485915529ee9d7455075', '17866ccbd224bd2ff9df48b95118f935', '2e7db2a31d0e3da4b25f49b9542a2e1a']",[],[],[],"[{'ssl.cipher': 'TLS_ECDHE_RSA_WITH_AES_128_GCM_SHA256', 'ssl.validation_status': None, 'ssl.curve': None, 'ssl.version': 'TLSv12', 'count': 1}]","[{'file.md5s': {'ab2d87a8fb09485915529ee9d7455075', '17866ccbd224bd2ff9df48b95118f935', '2e7db2a31d0e3da4b25f49b9542a2e1a'}, 'files.source': 'SSL', 'count': 3}]"
172.217.10.40,0x231ab7,CZqa701OO2BHKf9Hkd,SF,0.15802,503,875,50944,9,tcp,4147,4559,443,10,ssl,2017-07-06T13:38:12.560944Z,192.168.10.5,0,0,0,1,3,[],[],[],[],[],[],[],['TLSv12'],['TLS_ECDHE_RSA_WITH_AES_128_GCM_SHA256'],[None],[None],['SSL'],"['2e7db2a31d0e3da4b25f49b9542a2e1a', '17866ccbd224bd2ff9df48b95118f935', 'ab2d87a8fb09485915529ee9d7455075']",[],[],[],"[{'ssl.cipher': 'TLS_ECDHE_RSA_WITH_AES_128_GCM_SHA256', 'ssl.validation_status': None, 'ssl.curve': None, 'ssl.version': 'TLSv12', 'count': 1}]","[{'file.md5s': {'2e7db2a31d0e3da4b25f49b9542a2e1a', '17866ccbd224bd2ff9df48b95118f935', 'ab2d87a8fb09485915529ee9d7455075'}, 'files.source': 'SSL', 'count': 3}]"
172.217.10.40,0x2f4fd1,CYpV2X2nSRKiJ5iEV7,SF,180.525029,965,2177,50941,30,tcp,29436,30848,443,35,ssl,2017-07-06T13:38:12.533063Z,192.168.10.5,0,0,0,1,3,[],[],[],[],[],[],[],['TLSv12'],['TLS_ECDHE_RSA_WITH_AES_128_GCM_SHA256'],[None],[None],['SSL'],"['2e7db2a31d0e3da4b25f49b9542a2e1a', '17866ccbd224bd2ff9df48b95118f935', 'ab2d87a8fb09485915529ee9d7455075']",[],[],[],"[{'ssl.cipher': 'TLS_ECDHE_RSA_WITH_AES_128_GCM_SHA256', 'ssl.validation_status': None, 'ssl.curve': None, 'ssl.version': 'TLSv12', 'count': 1}]","[{'file.md5s': {'2e7db2a31d0e3da4b25f49b9542a2e1a', '17866ccbd224bd2ff9df48b95118f935', 'ab2d87a8fb09485915529ee9d7455075'}, 'files.source': 'SSL', 'count': 3}]"
