originated_ip,uid,connection.uid,connection.conn_state,connection.duration,connection.orig_bytes,connection.orig_ip_bytes,connection.orig_p,connection.orig_pkts,connection.proto,connection.resp_bytes,connection.resp_ip_bytes,connection.resp_p,connection.resp_pkts,connection.service,connection.ts,responded_ip,dns_count,ssh_count,http_count,ssl_count,files_count,dns_qtype,dns_rcode,ssh_auth_attempts,ssh_host_key,http_method,http_status_code,http_user_agent,ssl_version,ssl_cipher,ssl_curve,ssl_validation_status,files_source,file_md5,dns_dicts,ssh_dicts,http_dicts,ssl_dicts,files_dicts
104.88.40.28,0x1b78b8,CbWymw4u5BdJN7bGX7,RSTR,116.000823,1535,3299,51574,34,tcp,28042,29766,443,33,ssl,2017-07-06T13:54:23.447639Z,192.168.10.16,0,0,0,1,0,[],[],[],[],[],[],[],['TLSv12'],['TLS_ECDHE_RSA_WITH_AES_256_GCM_SHA384'],[None],[None],[],[],[],[],[],"[{'ssl.cipher': 'TLS_ECDHE_RSA_WITH_AES_256_GCM_SHA384', 'ssl.validation_status': None, 'ssl.curve': None, 'ssl.version': 'TLSv12', 'count': 1}]",[]
104.88.40.28,0x2192f8,CVZH2y1xUar2fzUedj,SF,6.043153,354,858,51572,10,tcp,3881,4201,443,6,ssl,2017-07-06T13:54:23.447581Z,192.168.10.16,0,0,0,1,2,[],[],[],[],[],[],[],['TLSv12'],['TLS_ECDHE_RSA_WITH_AES_256_GCM_SHA384'],[None],[None],['SSL'],"['aaee5cf8b0d8596d2e0cbe67421cf7db', '880b79fa4e646c0eb83e465ba80bceb0']",[],[],[],"[{'ssl.cipher': 'TLS_ECDHE_RSA_WITH_AES_256_GCM_SHA384', 'ssl.validation_status': None, 'ssl.curve': None, 'ssl.version': 'TLSv12', 'count': 1}]","[{'file.md5s': {'aaee5cf8b0d8596d2e0cbe67421cf7db', '880b79fa4e646c0eb83e465ba80bceb0'}, 'files.source': 'SSL', 'count': 2}]"
104.88.40.28,0x231a22,CpXxtt3sT7JP1nkEql,SF,5.339929,346,1102,50230,16,tcp,3881,4689,443,13,ssl,2017-07-06T14:01:29.019923Z,192.168.10.12,0,0,0,1,0,[],[],[],[],[],[],[],['TLSv12'],['TLS_ECDHE_RSA_WITH_AES_256_GCM_SHA384'],[None],[None],[],[],[],[],[],"[{'ssl.cipher': 'TLS_ECDHE_RSA_WITH_AES_256_GCM_SHA384', 'ssl.validation_status': None, 'ssl.curve': None, 'ssl.version': 'TLSv12', 'count': 1}]",[]
104.88.40.28,0x2f5416,Cc9n3p4Qa7Ezgczz22,RSTO,4.9e-05,0,40,50230,1,tcp,31,83,443,1,,2017-07-06T14:01:41.627197Z,192.168.10.12,0,0,0,0,0,[],[],[],[],[],[],[],[],[],[],[],[],[],[],[],[],[],[]
