originated_ip,uid,connection.uid,connection.conn_state,connection.duration,connection.orig_bytes,connection.orig_ip_bytes,connection.orig_p,connection.orig_pkts,connection.proto,connection.resp_bytes,connection.resp_ip_bytes,connection.resp_p,connection.resp_pkts,connection.service,connection.ts,responded_ip,dns_count,ssh_count,http_count,ssl_count,files_count,dns_qtype,dns_rcode,ssh_auth_attempts,ssh_host_key,http_method,http_status_code,http_user_agent,ssl_version,ssl_cipher,ssl_curve,ssl_validation_status,files_source,file_md5,dns_dicts,ssh_dicts,http_dicts,ssl_dicts,files_dicts
148.251.82.59,0x30e09,CWUPrA4SWNDZXPOCW2,SF,70.467404,911,1803,48842,17,tcp,5468,6308,443,16,ssl,2017-07-06T13:51:43.865777Z,192.168.10.12,0,0,0,1,0,[],[],[],[],[],[],[],['TLSv12'],['TLS_ECDHE_RSA_WITH_AES_128_GCM_SHA256'],[None],[None],[],[],[],[],[],"[{'ssl.cipher': 'TLS_ECDHE_RSA_WITH_AES_128_GCM_SHA256', 'ssl.validation_status': None, 'ssl.curve': None, 'ssl.version': 'TLSv12', 'count': 1}]",[]
148.251.82.59,0xf42f9,CgkkTz75dba7F4oM4,SF,5.293572,346,874,48844,10,tcp,4683,5055,443,7,ssl,2017-07-06T13:51:43.865884Z,192.168.10.12,0,0,0,1,3,[],[],[],[],[],[],[],['TLSv12'],['TLS_ECDHE_RSA_WITH_AES_128_GCM_SHA256'],[None],[None],['SSL'],"['2e2490887b965cc58a5aacf4ad91d5bc', 'ee40cd0440dc671b334f47c8aab2efb1', 'fb1b5d438a94cd44c676f2434b47e731']",[],[],[],"[{'ssl.cipher': 'TLS_ECDHE_RSA_WITH_AES_128_GCM_SHA256', 'ssl.validation_status': None, 'ssl.curve': None, 'ssl.version': 'TLSv12', 'count': 1}]","[{'file.md5s': {'2e2490887b965cc58a5aacf4ad91d5bc', 'ee40cd0440dc671b334f47c8aab2efb1', 'fb1b5d438a94cd44c676f2434b47e731'}, 'files.source': 'SSL', 'count': 3}]"
148.251.82.59,0x219268,CjLxxN3XVD62fCJmbj,SF,70.47367,887,1831,48840,18,tcp,4317,5105,443,15,ssl,2017-07-06T13:51:43.865504Z,192.168.10.12,0,0,0,1,2,[],[],[],[],[],[],[],['TLSv12'],['TLS_ECDHE_RSA_WITH_AES_256_GCM_SHA384'],[None],[None],['SSL'],"['dede3594c7937624440dcd229e55f9b7', 'ceca3c94b8accea298d72ca54615e294']",[],[],[],"[{'ssl.cipher': 'TLS_ECDHE_RSA_WITH_AES_256_GCM_SHA384', 'ssl.validation_status': None, 'ssl.curve': None, 'ssl.version': 'TLSv12', 'count': 1}]","[{'file.md5s': {'dede3594c7937624440dcd229e55f9b7', 'ceca3c94b8accea298d72ca54615e294'}, 'files.source': 'SSL', 'count': 2}]"
148.251.82.59,0x2f4e27,CCEu4l3x2XTKcNyBN,SF,5.294649,342,870,48838,10,tcp,3544,3864,443,6,ssl,2017-07-06T13:51:43.865426Z,192.168.10.12,0,0,0,1,2,[],[],[],[],[],[],[],['TLSv12'],['TLS_ECDHE_RSA_WITH_AES_256_GCM_SHA384'],[None],[None],['SSL'],"['dede3594c7937624440dcd229e55f9b7', 'ceca3c94b8accea298d72ca54615e294']",[],[],[],"[{'ssl.cipher': 'TLS_ECDHE_RSA_WITH_AES_256_GCM_SHA384', 'ssl.validation_status': None, 'ssl.curve': None, 'ssl.version': 'TLSv12', 'count': 1}]","[{'file.md5s': {'dede3594c7937624440dcd229e55f9b7', 'ceca3c94b8accea298d72ca54615e294'}, 'files.source': 'SSL', 'count': 2}]"
