originated_ip,uid,connection.uid,connection.conn_state,connection.duration,connection.orig_bytes,connection.orig_ip_bytes,connection.orig_p,connection.orig_pkts,connection.proto,connection.resp_bytes,connection.resp_ip_bytes,connection.resp_p,connection.resp_pkts,connection.service,connection.ts,responded_ip,dns_count,ssh_count,http_count,ssl_count,files_count,dns_qtype,dns_rcode,ssh_auth_attempts,ssh_host_key,http_method,http_status_code,http_user_agent,ssl_version,ssl_cipher,ssl_curve,ssl_validation_status,files_source,file_md5,dns_dicts,ssh_dicts,http_dicts,ssl_dicts,files_dicts
151.101.22.49,0x4965d,CI2RsH2MeSrgg8vM5,SF,0.127474,538,950,50268,10,tcp,5473,5805,443,8,ssl,2017-07-06T13:43:40.739991Z,192.168.10.8,0,0,0,1,2,[],[],[],[],[],[],[],['TLSv12'],['TLS_ECDHE_RSA_WITH_AES_128_GCM_SHA256'],[None],[None],['SSL'],"['aa8dcd0e4aa769fe360410e536509326', 'd9643927731b8e30f9d83f2adbef7ed8']",[],[],[],"[{'ssl.cipher': 'TLS_ECDHE_RSA_WITH_AES_128_GCM_SHA256', 'ssl.validation_status': None, 'ssl.curve': None, 'ssl.version': 'TLSv12', 'count': 1}]","[{'file.md5s': {'aa8dcd0e4aa769fe360410e536509326', 'd9643927731b8e30f9d83f2adbef7ed8'}, 'files.source': 'SSL', 'count': 2}]"
151.101.22.49,0x155f39,CqtOut16A3FxcUnAkl,SF,182.230262,1231,2083,50232,21,tcp,6236,6928,443,17,ssl,2017-07-06T13:43:39.196211Z,192.168.10.8,0,0,0,1,2,[],[],[],[],[],[],[],['TLSv12'],['TLS_ECDHE_RSA_WITH_AES_128_GCM_SHA256'],[None],[None],['SSL'],"['aa8dcd0e4aa769fe360410e536509326', 'd9643927731b8e30f9d83f2adbef7ed8']",[],[],[],"[{'ssl.cipher': 'TLS_ECDHE_RSA_WITH_AES_128_GCM_SHA256', 'ssl.validation_status': None, 'ssl.curve': None, 'ssl.version': 'TLSv12', 'count': 1}]","[{'file.md5s': {'aa8dcd0e4aa769fe360410e536509326', 'd9643927731b8e30f9d83f2adbef7ed8'}, 'files.source': 'SSL', 'count': 2}]"
151.101.22.49,0x27ad8c,CWAhR6ESIqOr5ZNIf,SF,181.102288,1344,2156,50913,20,tcp,713,1285,443,14,ssl,2017-07-06T13:54:20.504786Z,192.168.10.8,0,0,0,1,0,[],[],[],[],[],[],[],['TLSv12'],['TLS_ECDHE_RSA_WITH_AES_128_GCM_SHA256'],[None],[None],[],[],[],[],[],"[{'ssl.cipher': 'TLS_ECDHE_RSA_WITH_AES_128_GCM_SHA256', 'ssl.validation_status': None, 'ssl.curve': None, 'ssl.version': 'TLSv12', 'count': 1}]",[]
151.101.22.49,0x27aed5,CSnb6L3kLRKsVJDvPc,SF,0.145963,538,910,50269,9,tcp,5473,5845,443,9,ssl,2017-07-06T13:43:40.740125Z,192.168.10.8,0,0,0,1,2,[],[],[],[],[],[],[],['TLSv12'],['TLS_ECDHE_RSA_WITH_AES_128_GCM_SHA256'],[None],[None],['SSL'],"['aa8dcd0e4aa769fe360410e536509326', 'd9643927731b8e30f9d83f2adbef7ed8']",[],[],[],"[{'ssl.cipher': 'TLS_ECDHE_RSA_WITH_AES_128_GCM_SHA256', 'ssl.validation_status': None, 'ssl.curve': None, 'ssl.version': 'TLSv12', 'count': 1}]","[{'file.md5s': {'aa8dcd0e4aa769fe360410e536509326', 'd9643927731b8e30f9d83f2adbef7ed8'}, 'files.source': 'SSL', 'count': 2}]"
