originated_ip,uid,connection.uid,connection.conn_state,connection.duration,connection.orig_bytes,connection.orig_ip_bytes,connection.orig_p,connection.orig_pkts,connection.proto,connection.resp_bytes,connection.resp_ip_bytes,connection.resp_p,connection.resp_pkts,connection.service,connection.ts,responded_ip,dns_count,ssh_count,http_count,ssl_count,files_count,dns_qtype,dns_rcode,ssh_auth_attempts,ssh_host_key,http_method,http_status_code,http_user_agent,ssl_version,ssl_cipher,ssl_curve,ssl_validation_status,files_source,file_md5,dns_dicts,ssh_dicts,http_dicts,ssl_dicts,files_dicts
151.101.210.134,0x929ff,Co0IhlgrhvQEV6ID1,SF,180.437241,738,1510,59444,19,tcp,6402,7014,443,15,ssl,2017-07-06T12:23:53.999378Z,192.168.10.14,0,0,0,1,3,[],[],[],[],[],[],[],['TLSv12'],['TLS_ECDHE_RSA_WITH_AES_128_GCM_SHA256'],[None],[None],['SSL'],"['0d805ddc26b0a066dd6f33d14cd83ac3', 'dec80ba3f3242c7b6bafc70807cf5ee0', '36a4b6859fd764e787ee42fd3a9305db']",[],[],[],"[{'ssl.version': 'TLSv12', 'ssl.curve': None, 'ssl.cipher': 'TLS_ECDHE_RSA_WITH_AES_128_GCM_SHA256', 'ssl.validation_status': None, 'count': 1}]","[{'file.md5s': {'0d805ddc26b0a066dd6f33d14cd83ac3', 'dec80ba3f3242c7b6bafc70807cf5ee0', '36a4b6859fd764e787ee42fd3a9305db'}, 'files.source': 'SSL', 'count': 3}]"
151.101.210.134,0x16e979,Cnzt5w40cJtdiZbl81,S1,15.280988,0,52,59437,1,tcp,0,260,443,5,,2017-07-06T12:23:53.643131Z,192.168.10.14,0,0,0,0,0,[],[],[],[],[],[],[],[],[],[],[],[],[],[],[],[],[],[]
151.101.210.134,0x231a7e,CayKrF3FrtkukSeNOb,SF,181.821483,1772,6664,59431,122,tcp,283929,292181,443,206,ssl,2017-07-06T12:23:53.602426Z,192.168.10.14,0,0,0,1,3,[],[],[],[],[],[],[],['TLSv12'],['TLS_ECDHE_RSA_WITH_AES_128_GCM_SHA256'],[None],[None],['SSL'],"['0d805ddc26b0a066dd6f33d14cd83ac3', 'dec80ba3f3242c7b6bafc70807cf5ee0', '36a4b6859fd764e787ee42fd3a9305db']",[],[],[],"[{'ssl.version': 'TLSv12', 'ssl.curve': None, 'ssl.cipher': 'TLS_ECDHE_RSA_WITH_AES_128_GCM_SHA256', 'ssl.validation_status': None, 'count': 1}]","[{'file.md5s': {'0d805ddc26b0a066dd6f33d14cd83ac3', 'dec80ba3f3242c7b6bafc70807cf5ee0', '36a4b6859fd764e787ee42fd3a9305db'}, 'files.source': 'SSL', 'count': 3}]"
151.101.210.134,0x2abbc8,C9vpHd2jOQQwaz0YOe,SF,0.104971,976,1588,59433,15,tcp,7918,8370,443,11,ssl,2017-07-06T12:23:53.625731Z,192.168.10.14,0,0,0,1,3,[],[],[],[],[],[],[],['TLSv12'],['TLS_ECDHE_RSA_WITH_AES_128_GCM_SHA256'],[None],[None],['SSL'],"['0d805ddc26b0a066dd6f33d14cd83ac3', 'dec80ba3f3242c7b6bafc70807cf5ee0', '36a4b6859fd764e787ee42fd3a9305db']",[],[],[],"[{'ssl.version': 'TLSv12', 'ssl.curve': None, 'ssl.cipher': 'TLS_ECDHE_RSA_WITH_AES_128_GCM_SHA256', 'ssl.validation_status': None, 'count': 1}]","[{'file.md5s': {'0d805ddc26b0a066dd6f33d14cd83ac3', 'dec80ba3f3242c7b6bafc70807cf5ee0', '36a4b6859fd764e787ee42fd3a9305db'}, 'files.source': 'SSL', 'count': 3}]"
