originated_ip,uid,connection.uid,connection.conn_state,connection.duration,connection.orig_bytes,connection.orig_ip_bytes,connection.orig_p,connection.orig_pkts,connection.proto,connection.resp_bytes,connection.resp_ip_bytes,connection.resp_p,connection.resp_pkts,connection.service,connection.ts,responded_ip,dns_count,ssh_count,http_count,ssl_count,files_count,dns_qtype,dns_rcode,ssh_auth_attempts,ssh_host_key,http_method,http_status_code,http_user_agent,ssl_version,ssl_cipher,ssl_curve,ssl_validation_status,files_source,file_md5,dns_dicts,ssh_dicts,http_dicts,ssl_dicts,files_dicts
104.97.135.177,0xdbe78,CXAtFfZWtWiD9vzhi,SF,115.46207,499,1202,51008,17,tcp,253,997,80,15,http,2017-07-06T12:27:13.269897Z,192.168.10.15,0,0,1,0,0,[],[],[],[],['GET'],[304],[None],[],[],[],[],[],[],[],[],"[{'http.method': 'GET', 'http.user_agent': None, 'http.status_code': 304, 'count': 1}]",[],[]
104.97.135.177,0xdc0b2,CAs4Nv3FLPGns8kRZ4,SF,5.055727,0,216,32876,4,tcp,0,112,80,2,,2017-07-06T12:20:11.638839Z,192.168.10.17,0,0,0,0,0,[],[],[],[],[],[],[],[],[],[],[],[],[],[],[],[],[],[]
104.97.135.177,0x1b797a,CaVmxZQqusiwZy1U,SF,63.520931,1337,2613,49222,25,tcp,26359,27459,443,21,ssl,2017-07-06T12:19:59.851922Z,192.168.10.25,0,0,0,1,2,[],[],[],[],[],[],[],['TLSv10'],['TLS_RSA_WITH_AES_256_CBC_SHA'],[None],[None],['SSL'],"['aaee5cf8b0d8596d2e0cbe67421cf7db', 'a3c15c5f3040a293462647b0cc34c11c']",[],[],[],"[{'ssl.version': 'TLSv10', 'ssl.curve': None, 'ssl.cipher': 'TLS_RSA_WITH_AES_256_CBC_SHA', 'ssl.validation_status': None, 'count': 1}]","[{'file.md5s': {'aaee5cf8b0d8596d2e0cbe67421cf7db', 'a3c15c5f3040a293462647b0cc34c11c'}, 'files.source': 'SSL', 'count': 2}]"
104.97.135.177,0x29351f,C7XjUv4Sm0kQnCNv2b,SF,116.41797,739,2619,32875,36,tcp,43236,45272,80,39,http,2017-07-06T12:20:11.638772Z,192.168.10.17,0,0,1,0,2,[],[],[],[],['GET'],[200],[None],[],[],[],[],['HTTP'],[''],[],[],"[{'http.method': 'GET', 'http.user_agent': None, 'http.status_code': 200, 'count': 1}]",[],"[{'file.md5s': {''}, 'files.source': 'HTTP', 'count': 2}]"
