originated_ip,uid,connection.uid,connection.conn_state,connection.duration,connection.orig_bytes,connection.orig_ip_bytes,connection.orig_p,connection.orig_pkts,connection.proto,connection.resp_bytes,connection.resp_ip_bytes,connection.resp_p,connection.resp_pkts,connection.service,connection.ts,responded_ip,dns_count,ssh_count,http_count,ssl_count,files_count,dns_qtype,dns_rcode,ssh_auth_attempts,ssh_host_key,http_method,http_status_code,http_user_agent,ssl_version,ssl_cipher,ssl_curve,ssl_validation_status,files_source,file_md5,dns_dicts,ssh_dicts,http_dicts,ssl_dicts,files_dicts
172.217.12.200,0x61c60,CEZKhH2rQHhRpFUyZh,SF,180.899926,972,2144,49437,29,tcp,27777,28989,443,30,ssl,2017-07-06T12:15:09.399654Z,192.168.10.5,0,0,0,1,3,[],[],[],[],[],[],[],['TLSv12'],['TLS_ECDHE_RSA_WITH_AES_128_GCM_SHA256'],[None],[None],['SSL'],"['17866ccbd224bd2ff9df48b95118f935', 'ab2d87a8fb09485915529ee9d7455075', '2e7db2a31d0e3da4b25f49b9542a2e1a']",[],[],[],"[{'ssl.version': 'TLSv12', 'ssl.curve': None, 'ssl.cipher': 'TLS_ECDHE_RSA_WITH_AES_128_GCM_SHA256', 'ssl.validation_status': None, 'count': 1}]","[{'file.md5s': {'17866ccbd224bd2ff9df48b95118f935', 'ab2d87a8fb09485915529ee9d7455075', '2e7db2a31d0e3da4b25f49b9542a2e1a'}, 'files.source': 'SSL', 'count': 3}]"
172.217.12.200,0x9297a,CaxrJ54LIVlqaUFdCl,SF,180.800636,956,2368,59241,35,tcp,43597,45369,443,44,ssl,2017-07-06T12:14:54.604593Z,192.168.10.14,0,0,0,1,3,[],[],[],[],[],[],[],['TLSv12'],['TLS_ECDHE_RSA_WITH_AES_128_GCM_SHA256'],[None],[None],['SSL'],"['17866ccbd224bd2ff9df48b95118f935', 'ab2d87a8fb09485915529ee9d7455075', '2e7db2a31d0e3da4b25f49b9542a2e1a']",[],[],[],"[{'ssl.version': 'TLSv12', 'ssl.curve': None, 'ssl.cipher': 'TLS_ECDHE_RSA_WITH_AES_128_GCM_SHA256', 'ssl.validation_status': None, 'count': 1}]","[{'file.md5s': {'17866ccbd224bd2ff9df48b95118f935', 'ab2d87a8fb09485915529ee9d7455075', '2e7db2a31d0e3da4b25f49b9542a2e1a'}, 'files.source': 'SSL', 'count': 3}]"
172.217.12.200,0x200cf0,CviB6M22FWyyuD5Ia2,SF,0.199523,534,986,59242,11,tcp,4147,4559,443,10,ssl,2017-07-06T12:14:54.604672Z,192.168.10.14,0,0,0,1,3,[],[],[],[],[],[],[],['TLSv12'],['TLS_ECDHE_RSA_WITH_AES_128_GCM_SHA256'],[None],[None],['SSL'],"['17866ccbd224bd2ff9df48b95118f935', 'ab2d87a8fb09485915529ee9d7455075', '2e7db2a31d0e3da4b25f49b9542a2e1a']",[],[],[],"[{'ssl.version': 'TLSv12', 'ssl.curve': None, 'ssl.cipher': 'TLS_ECDHE_RSA_WITH_AES_128_GCM_SHA256', 'ssl.validation_status': None, 'count': 1}]","[{'file.md5s': {'17866ccbd224bd2ff9df48b95118f935', 'ab2d87a8fb09485915529ee9d7455075', '2e7db2a31d0e3da4b25f49b9542a2e1a'}, 'files.source': 'SSL', 'count': 3}]"
172.217.12.200,0x231905,CXtEm64hZwLPhj83Uc,SF,180.412186,1238,2290,49589,26,tcp,19930,21022,443,27,ssl,2017-07-06T12:20:36.944832Z,192.168.10.5,0,0,0,1,0,[],[],[],[],[],[],[],['TLSv12'],['TLS_ECDHE_RSA_WITH_AES_128_GCM_SHA256'],[None],[None],[],[],[],[],[],"[{'ssl.version': 'TLSv12', 'ssl.curve': None, 'ssl.cipher': 'TLS_ECDHE_RSA_WITH_AES_128_GCM_SHA256', 'ssl.validation_status': None, 'count': 1}]",[]
