originated_ip,uid,connection.uid,connection.conn_state,connection.duration,connection.orig_bytes,connection.orig_ip_bytes,connection.orig_p,connection.orig_pkts,connection.proto,connection.resp_bytes,connection.resp_ip_bytes,connection.resp_p,connection.resp_pkts,connection.service,connection.ts,responded_ip,dns_count,ssh_count,http_count,ssl_count,files_count,dns_qtype,dns_rcode,ssh_auth_attempts,ssh_host_key,http_method,http_status_code,http_user_agent,ssl_version,ssl_cipher,ssl_curve,ssl_validation_status,files_source,file_md5,dns_dicts,ssh_dicts,http_dicts,ssl_dicts,files_dicts
151.101.2.49,0xc3767,CEmb7D1wgx6UMsep34,SF,115.166978,677,1380,49817,17,tcp,263,1007,80,15,http,2017-07-06T12:08:16.091729Z,192.168.10.15,0,0,1,0,0,[],[],[],[],['GET'],[200],[None],[],[],[],[],[],[],[],[],"[{'http.method': 'GET', 'http.user_agent': None, 'http.status_code': 200, 'count': 1}]",[],[]
151.101.2.49,0x12507f,CjNg4m4RpTGomtq3s3,SF,180.532381,1228,2040,49815,20,tcp,5793,6405,443,15,ssl,2017-07-06T12:08:16.091172Z,192.168.10.15,0,0,0,1,0,[],[],[],[],[],[],[],['TLSv12'],['TLS_ECDHE_RSA_WITH_AES_128_GCM_SHA256'],[None],[None],[],[],[],[],[],"[{'ssl.version': 'TLSv12', 'ssl.curve': None, 'ssl.cipher': 'TLS_ECDHE_RSA_WITH_AES_128_GCM_SHA256', 'ssl.validation_status': None, 'count': 1}]",[]
151.101.2.49,0x155cf3,CoVG9B3bPWKYOswUf3,SF,0.127302,560,1012,49818,11,tcp,5473,5805,443,8,ssl,2017-07-06T12:08:16.091836Z,192.168.10.15,0,0,0,1,0,[],[],[],[],[],[],[],['TLSv12'],['TLS_ECDHE_RSA_WITH_AES_128_GCM_SHA256'],[None],[None],[],[],[],[],[],"[{'ssl.version': 'TLSv12', 'ssl.curve': None, 'ssl.cipher': 'TLS_ECDHE_RSA_WITH_AES_128_GCM_SHA256', 'ssl.validation_status': None, 'count': 1}]",[]
151.101.2.49,0x200cac,ClMcxaLm1aetLHerb,SF,5.150727,0,172,49816,4,tcp,0,92,80,2,,2017-07-06T12:08:16.091617Z,192.168.10.15,0,0,0,0,0,[],[],[],[],[],[],[],[],[],[],[],[],[],[],[],[],[],[]
