originated_ip,uid,connection.uid,connection.conn_state,connection.duration,connection.orig_bytes,connection.orig_ip_bytes,connection.orig_p,connection.orig_pkts,connection.proto,connection.resp_bytes,connection.resp_ip_bytes,connection.resp_p,connection.resp_pkts,connection.service,connection.ts,responded_ip,dns_count,ssh_count,http_count,ssl_count,files_count,dns_qtype,dns_rcode,ssh_auth_attempts,ssh_host_key,http_method,http_status_code,http_user_agent,ssl_version,ssl_cipher,ssl_curve,ssl_validation_status,files_source,file_md5,dns_dicts,ssh_dicts,http_dicts,ssl_dicts,files_dicts
104.16.126.228,0xdd,Cis9oSuwQPHGjDbo8,SF,181.234319,1032,2412,34318,34,tcp,50995,52727,443,43,ssl,2017-07-06T12:11:07.813162Z,192.168.10.17,0,0,0,1,4,[],[],[],[],[],[],[],['TLSv12'],['TLS_ECDHE_ECDSA_WITH_AES_128_GCM_SHA256'],[None],[None],['SSL'],"['5e0e419b20ea575477f11b52e2c818e0', '3b9b1692bd0b963ca15c165a03ffdaa6', '630c596d484c49de5c5dfdc300cb85f7', 'c790a56c69cbaf0bf3f30a40d0a2aecc']",[],[],[],"[{'ssl.version': 'TLSv12', 'ssl.curve': None, 'ssl.cipher': 'TLS_ECDHE_ECDSA_WITH_AES_128_GCM_SHA256', 'ssl.validation_status': None, 'count': 1}]","[{'file.md5s': {'5e0e419b20ea575477f11b52e2c818e0', '3b9b1692bd0b963ca15c165a03ffdaa6', '630c596d484c49de5c5dfdc300cb85f7', 'c790a56c69cbaf0bf3f30a40d0a2aecc'}, 'files.source': 'SSL', 'count': 4}]"
104.16.126.228,0xc3799,CLdmJIorZ92s12ab4,SF,180.462227,1558,2418,34560,21,tcp,1038,1570,443,13,ssl,2017-07-06T12:16:38.593204Z,192.168.10.17,0,0,0,1,0,[],[],[],[],[],[],[],['TLSv12'],['TLS_ECDHE_ECDSA_WITH_AES_128_GCM_SHA256'],[None],[None],[],[],[],[],[],"[{'ssl.version': 'TLSv12', 'ssl.curve': None, 'ssl.cipher': 'TLS_ECDHE_ECDSA_WITH_AES_128_GCM_SHA256', 'ssl.validation_status': None, 'count': 1}]",[]
104.16.126.228,0x16e432,C7a3A3497ETNx4IOWa,SF,180.875183,1457,2357,34321,22,tcp,6303,7035,443,18,ssl,2017-07-06T12:11:08.171771Z,192.168.10.17,0,0,0,1,4,[],[],[],[],[],[],[],['TLSv12'],['TLS_ECDHE_ECDSA_WITH_AES_128_GCM_SHA256'],[None],[None],['SSL'],"['c790a56c69cbaf0bf3f30a40d0a2aecc', '5e0e419b20ea575477f11b52e2c818e0', '3b9b1692bd0b963ca15c165a03ffdaa6', '630c596d484c49de5c5dfdc300cb85f7']",[],[],[],"[{'ssl.version': 'TLSv12', 'ssl.curve': None, 'ssl.cipher': 'TLS_ECDHE_ECDSA_WITH_AES_128_GCM_SHA256', 'ssl.validation_status': None, 'count': 1}]","[{'file.md5s': {'c790a56c69cbaf0bf3f30a40d0a2aecc', '5e0e419b20ea575477f11b52e2c818e0', '3b9b1692bd0b963ca15c165a03ffdaa6', '630c596d484c49de5c5dfdc300cb85f7'}, 'files.source': 'SSL', 'count': 4}]"
104.16.126.228,0x27aed8,CBR3Kn2uBQUYbRn3Eb,SF,0.038438,517,777,34559,6,tcp,143,315,443,4,ssl,2017-07-06T12:16:38.574421Z,192.168.10.17,0,0,0,1,0,[],[],[],[],[],[],[],['TLSv12'],['TLS_ECDHE_ECDSA_WITH_AES_128_GCM_SHA256'],[None],[None],[],[],[],[],[],"[{'ssl.version': 'TLSv12', 'ssl.curve': None, 'ssl.cipher': 'TLS_ECDHE_ECDSA_WITH_AES_128_GCM_SHA256', 'ssl.validation_status': None, 'count': 1}]",[]
