originated_ip,uid,connection.uid,connection.conn_state,connection.duration,connection.orig_bytes,connection.orig_ip_bytes,connection.orig_p,connection.orig_pkts,connection.proto,connection.resp_bytes,connection.resp_ip_bytes,connection.resp_p,connection.resp_pkts,connection.service,connection.ts,responded_ip,dns_count,ssh_count,http_count,ssl_count,files_count,dns_qtype,dns_rcode,ssh_auth_attempts,ssh_host_key,http_method,http_status_code,http_user_agent,ssl_version,ssl_cipher,ssl_curve,ssl_validation_status,files_source,file_md5,dns_dicts,ssh_dicts,http_dicts,ssl_dicts,files_dicts
104.16.24.216,0x18b2c,Cq3uln2QXU17AUZgtd,SF,5.329158,0,172,49287,4,tcp,0,92,80,2,,2017-07-06T12:14:39.342927Z,192.168.10.8,0,0,0,0,0,[],[],[],[],[],[],[],[],[],[],[],[],[],[],[],[],[],[]
104.16.24.216,0x10c931,CqLXJR1yTxWLYiTaK6,SF,48.42566,914,1410,49260,12,tcp,4307,4887,80,13,http,2017-07-06T12:14:37.227326Z,192.168.10.8,0,0,1,0,4,[],[],[],[],['POST'],[200],[None],[],[],[],[],['HTTP'],"['', 'e677d36350a2e93e6547e5e11578ec08', '8f25095d65c6b020d836686aaac7fd28', '0909032b2a076a1747b8b0921ecafb51']",[],[],"[{'http.method': 'POST', 'http.user_agent': None, 'http.status_code': 200, 'count': 1}]",[],"[{'file.md5s': {'', 'e677d36350a2e93e6547e5e11578ec08', '8f25095d65c6b020d836686aaac7fd28', '0909032b2a076a1747b8b0921ecafb51'}, 'files.source': 'HTTP', 'count': 4}]"
104.16.24.216,0x1b7788,CuWQ7C2XgoykZwB237,SF,48.108863,457,873,49262,10,tcp,2154,2614,80,10,http,2017-07-06T12:14:37.24591Z,192.168.10.8,0,0,1,0,2,[],[],[],[],['POST'],[200],[None],[],[],[],[],['HTTP'],"['54ccfd6abc5d7f02f8261d3c78225783', 'e677d36350a2e93e6547e5e11578ec08']",[],[],"[{'http.method': 'POST', 'http.user_agent': None, 'http.status_code': 200, 'count': 1}]",[],"[{'file.md5s': {'54ccfd6abc5d7f02f8261d3c78225783', 'e677d36350a2e93e6547e5e11578ec08'}, 'files.source': 'HTTP', 'count': 2}]"
104.16.24.216,0x2318b7,CLyZN02Q8cH0rjfELi,SF,48.134214,1371,1947,49261,14,tcp,6461,7121,80,15,http,2017-07-06T12:14:37.227378Z,192.168.10.8,0,0,1,0,6,[],[],[],[],['POST'],[0],[None],[],[],[],[],['HTTP'],"['', 'e677d36350a2e93e6547e5e11578ec08', '54ccfd6abc5d7f02f8261d3c78225783', '8f25095d65c6b020d836686aaac7fd28', 'ea2bc10a0378b3b90d8dcfd10faf9cf6']",[],[],"[{'http.method': 'POST', 'http.user_agent': None, 'http.status_code': 0, 'count': 1}]",[],"[{'file.md5s': {'', 'e677d36350a2e93e6547e5e11578ec08', '54ccfd6abc5d7f02f8261d3c78225783', '8f25095d65c6b020d836686aaac7fd28', 'ea2bc10a0378b3b90d8dcfd10faf9cf6'}, 'files.source': 'HTTP', 'count': 6}]"
