originated_ip,uid,connection.uid,connection.conn_state,connection.duration,connection.orig_bytes,connection.orig_ip_bytes,connection.orig_p,connection.orig_pkts,connection.proto,connection.resp_bytes,connection.resp_ip_bytes,connection.resp_p,connection.resp_pkts,connection.service,connection.ts,responded_ip,dns_count,ssh_count,http_count,ssl_count,files_count,dns_qtype,dns_rcode,ssh_auth_attempts,ssh_host_key,http_method,http_status_code,http_user_agent,ssl_version,ssl_cipher,ssl_curve,ssl_validation_status,files_source,file_md5,dns_dicts,ssh_dicts,http_dicts,ssl_dicts,files_dicts
184.50.238.241,0x18742,C7Jf84mqJ0HtuGsOk,SF,175.329007,584,1572,49206,24,tcp,768,1852,80,22,http,2017-07-06T12:05:38.198095Z,192.168.10.8,0,0,1,0,2,[],[],[],[],['GET'],[200],[None],[],[],[],[],['HTTP'],['ae780585f49b94ce1444eb7d28906123'],[],[],"[{'http.method': 'GET', 'http.user_agent': None, 'http.status_code': 200, 'count': 1}]",[],"[{'file.md5s': {'ae780585f49b94ce1444eb7d28906123'}, 'files.source': 'HTTP', 'count': 2}]"
184.50.238.241,0x18883,CClhbt40yjQerfof7f,SF,115.102041,286,989,59420,17,tcp,384,1128,80,15,http,2017-07-06T12:19:23.515577Z,192.168.10.14,0,0,1,0,1,[],[],[],[],['GET'],[200],[None],[],[],[],[],['HTTP'],['ae780585f49b94ce1444eb7d28906123'],[],[],"[{'http.method': 'GET', 'http.user_agent': None, 'http.status_code': 200, 'count': 1}]",[],"[{'file.md5s': {'ae780585f49b94ce1444eb7d28906123'}, 'files.source': 'HTTP', 'count': 1}]"
184.50.238.241,0x10cbbf,CIzVws1upC0QvTKzxh,SF,115.101207,294,1186,60264,17,tcp,384,1172,80,15,http,2017-07-06T12:27:17.298151Z,192.168.10.16,0,0,1,0,1,[],[],[],[],['GET'],[200],[None],[],[],[],[],['HTTP'],['ae780585f49b94ce1444eb7d28906123'],[],[],"[{'http.method': 'GET', 'http.user_agent': None, 'http.status_code': 200, 'count': 1}]",[],"[{'file.md5s': {'ae780585f49b94ce1444eb7d28906123'}, 'files.source': 'HTTP', 'count': 1}]"
184.50.238.241,0x2c4044,CVOwbk3124yuHUKxak,SF,173.826742,586,1574,49526,24,tcp,768,1852,80,22,http,2017-07-06T12:07:52.641832Z,192.168.10.15,0,0,1,0,2,[],[],[],[],['GET'],[200],[None],[],[],[],[],['HTTP'],['ae780585f49b94ce1444eb7d28906123'],[],[],"[{'http.method': 'GET', 'http.user_agent': None, 'http.status_code': 200, 'count': 1}]",[],"[{'file.md5s': {'ae780585f49b94ce1444eb7d28906123'}, 'files.source': 'HTTP', 'count': 2}]"
