originated_ip,uid,connection.uid,connection.conn_state,connection.duration,connection.orig_bytes,connection.orig_ip_bytes,connection.orig_p,connection.orig_pkts,connection.proto,connection.resp_bytes,connection.resp_ip_bytes,connection.resp_p,connection.resp_pkts,connection.service,connection.ts,responded_ip,dns_count,ssh_count,http_count,ssl_count,files_count,dns_qtype,dns_rcode,ssh_auth_attempts,ssh_host_key,http_method,http_status_code,http_user_agent,ssl_version,ssl_cipher,ssl_curve,ssl_validation_status,files_source,file_md5,dns_dicts,ssh_dicts,http_dicts,ssl_dicts,files_dicts
198.232.124.196,0x7a150,CwitRZ1qg8QGkqKbwa,SF,4.117229,807,2467,42226,41,tcp,102104,104356,443,56,ssl,2017-07-06T12:08:07.339368Z,192.168.10.17,0,0,0,1,2,[],[],[],[],[],[],[],['TLSv12'],['TLS_ECDHE_RSA_WITH_AES_128_GCM_SHA256'],[None],[None],['SSL'],"['345eff15b7a49add451b65a7f4bdc6ae', 'c674b9181e0a19296ea1e0f4f2c04f93']",[],[],[],"[{'ssl.version': 'TLSv12', 'ssl.curve': None, 'ssl.cipher': 'TLS_ECDHE_RSA_WITH_AES_128_GCM_SHA256', 'ssl.validation_status': None, 'count': 1}]","[{'file.md5s': {'345eff15b7a49add451b65a7f4bdc6ae', 'c674b9181e0a19296ea1e0f4f2c04f93'}, 'files.source': 'SSL', 'count': 2}]"
198.232.124.196,0x125219,C3borj2l4nrTX3a1ci,SF,7.36036,1562,2022,42826,11,tcp,1080,1492,443,10,ssl,2017-07-06T12:25:09.111574Z,192.168.10.17,0,0,0,1,0,[],[],[],[],[],[],[],['TLSv12'],['TLS_ECDHE_RSA_WITH_AES_128_GCM_SHA256'],[None],[None],[],[],[],[],[],"[{'ssl.version': 'TLSv12', 'ssl.curve': None, 'ssl.cipher': 'TLS_ECDHE_RSA_WITH_AES_128_GCM_SHA256', 'ssl.validation_status': None, 'count': 1}]",[]
198.232.124.196,0x186cba,CeiCEm1XBBeovfZ7cj,SF,7.059227,1719,2339,42818,15,tcp,4674,5126,443,11,ssl,2017-07-06T12:25:09.003188Z,192.168.10.17,0,0,0,1,2,[],[],[],[],[],[],[],['TLSv12'],['TLS_ECDHE_RSA_WITH_AES_128_GCM_SHA256'],[None],[None],['SSL'],"['345eff15b7a49add451b65a7f4bdc6ae', 'c674b9181e0a19296ea1e0f4f2c04f93']",[],[],[],"[{'ssl.version': 'TLSv12', 'ssl.curve': None, 'ssl.cipher': 'TLS_ECDHE_RSA_WITH_AES_128_GCM_SHA256', 'ssl.validation_status': None, 'count': 1}]","[{'file.md5s': {'345eff15b7a49add451b65a7f4bdc6ae', 'c674b9181e0a19296ea1e0f4f2c04f93'}, 'files.source': 'SSL', 'count': 2}]"
198.232.124.196,0x1e84bc,CZAuDg4aeUD6vQihF4,SF,6.275914,2258,3118,42181,21,tcp,17741,18513,443,19,ssl,2017-07-06T12:08:05.518009Z,192.168.10.17,0,0,0,1,2,[],[],[],[],[],[],[],['TLSv12'],['TLS_ECDHE_RSA_WITH_AES_128_GCM_SHA256'],[None],[None],['SSL'],"['345eff15b7a49add451b65a7f4bdc6ae', 'c674b9181e0a19296ea1e0f4f2c04f93']",[],[],[],"[{'ssl.version': 'TLSv12', 'ssl.curve': None, 'ssl.cipher': 'TLS_ECDHE_RSA_WITH_AES_128_GCM_SHA256', 'ssl.validation_status': None, 'count': 1}]","[{'file.md5s': {'345eff15b7a49add451b65a7f4bdc6ae', 'c674b9181e0a19296ea1e0f4f2c04f93'}, 'files.source': 'SSL', 'count': 2}]"
