originated_ip,uid,connection.uid,connection.conn_state,connection.duration,connection.orig_bytes,connection.orig_ip_bytes,connection.orig_p,connection.orig_pkts,connection.proto,connection.resp_bytes,connection.resp_ip_bytes,connection.resp_p,connection.resp_pkts,connection.service,connection.ts,responded_ip,dns_count,ssh_count,http_count,ssl_count,files_count,dns_qtype,dns_rcode,ssh_auth_attempts,ssh_host_key,http_method,http_status_code,http_user_agent,ssl_version,ssl_cipher,ssl_curve,ssl_validation_status,files_source,file_md5,dns_dicts,ssh_dicts,http_dicts,ssl_dicts,files_dicts
107.154.102.208,0xab0c4,CJftZ94J229IyMHID8,SF,182.23447,1842,4094,59422,56,tcp,92399,95091,443,67,ssl,2017-07-06T12:23:53.194772Z,192.168.10.14,0,0,0,1,3,[],[],[],[],[],[],[],['TLSv12'],['TLS_ECDHE_RSA_WITH_AES_256_GCM_SHA384'],[None],[None],['SSL'],"['27935538f9aa3d3b1c1bf52a3f61ea77', 'a69f662e7988448723092fea968d4c59', '156751ac67d539085b20a13fc1638ace']",[],[],[],"[{'ssl.version': 'TLSv12', 'ssl.curve': None, 'ssl.cipher': 'TLS_ECDHE_RSA_WITH_AES_256_GCM_SHA384', 'ssl.validation_status': None, 'count': 1}]","[{'file.md5s': {'27935538f9aa3d3b1c1bf52a3f61ea77', 'a69f662e7988448723092fea968d4c59', '156751ac67d539085b20a13fc1638ace'}, 'files.source': 'SSL', 'count': 3}]"
107.154.102.208,0x16e5a8,C1kvgd4TUYoPRu1s57,SF,0.16584,881,1493,59464,15,tcp,6940,7512,443,14,ssl,2017-07-06T12:23:55.284041Z,192.168.10.14,0,0,0,1,3,[],[],[],[],[],[],[],['TLSv12'],['TLS_ECDHE_RSA_WITH_AES_256_GCM_SHA384'],[None],[None],['SSL'],"['a6addc705206eaaf97d7e21b4debdc6d', 'd9643927731b8e30f9d83f2adbef7ed8', 'fd7ee3a2f00aebc68c9f5fbec4e63e26']",[],[],[],"[{'ssl.version': 'TLSv12', 'ssl.curve': None, 'ssl.cipher': 'TLS_ECDHE_RSA_WITH_AES_256_GCM_SHA384', 'ssl.validation_status': None, 'count': 1}]","[{'file.md5s': {'a6addc705206eaaf97d7e21b4debdc6d', 'd9643927731b8e30f9d83f2adbef7ed8', 'fd7ee3a2f00aebc68c9f5fbec4e63e26'}, 'files.source': 'SSL', 'count': 3}]"
107.154.102.208,0x231a8a,Cwz10z1szoFc1ADu2h,SF,0.163094,875,1487,59465,15,tcp,6663,7235,443,14,ssl,2017-07-06T12:23:55.284163Z,192.168.10.14,0,0,0,1,3,[],[],[],[],[],[],[],['TLSv12'],['TLS_ECDHE_RSA_WITH_AES_256_GCM_SHA384'],[None],[None],['SSL'],"['a6addc705206eaaf97d7e21b4debdc6d', 'd9643927731b8e30f9d83f2adbef7ed8', 'fd7ee3a2f00aebc68c9f5fbec4e63e26']",[],[],[],"[{'ssl.version': 'TLSv12', 'ssl.curve': None, 'ssl.cipher': 'TLS_ECDHE_RSA_WITH_AES_256_GCM_SHA384', 'ssl.validation_status': None, 'count': 1}]","[{'file.md5s': {'a6addc705206eaaf97d7e21b4debdc6d', 'd9643927731b8e30f9d83f2adbef7ed8', 'fd7ee3a2f00aebc68c9f5fbec4e63e26'}, 'files.source': 'SSL', 'count': 3}]"
107.154.102.208,0x24a160,C6Dm4l1ZxGZoFrqPAd,SF,60.008192,612,1264,59466,16,tcp,5686,6338,443,16,ssl,2017-07-06T12:23:55.284331Z,192.168.10.14,0,0,0,1,3,[],[],[],[],[],[],[],['TLSv12'],['TLS_ECDHE_RSA_WITH_AES_256_GCM_SHA384'],[None],[None],['SSL'],"['a6addc705206eaaf97d7e21b4debdc6d', 'd9643927731b8e30f9d83f2adbef7ed8', 'fd7ee3a2f00aebc68c9f5fbec4e63e26']",[],[],[],"[{'ssl.version': 'TLSv12', 'ssl.curve': None, 'ssl.cipher': 'TLS_ECDHE_RSA_WITH_AES_256_GCM_SHA384', 'ssl.validation_status': None, 'count': 1}]","[{'file.md5s': {'a6addc705206eaaf97d7e21b4debdc6d', 'd9643927731b8e30f9d83f2adbef7ed8', 'fd7ee3a2f00aebc68c9f5fbec4e63e26'}, 'files.source': 'SSL', 'count': 3}]"
