originated_ip,uid,connection.uid,connection.conn_state,connection.duration,connection.orig_bytes,connection.orig_ip_bytes,connection.orig_p,connection.orig_pkts,connection.proto,connection.resp_bytes,connection.resp_ip_bytes,connection.resp_p,connection.resp_pkts,connection.service,connection.ts,responded_ip,dns_count,ssh_count,http_count,ssl_count,files_count,dns_qtype,dns_rcode,ssh_auth_attempts,ssh_host_key,http_method,http_status_code,http_user_agent,ssl_version,ssl_cipher,ssl_curve,ssl_validation_status,files_source,file_md5,dns_dicts,ssh_dicts,http_dicts,ssl_dicts,files_dicts
151.101.0.249,0x186b85,CwXGVH2c37r1QMmNSl,SF,115.148578,388,1251,50556,21,tcp,13458,14442,80,21,http,2017-07-06T12:18:39.222632Z,192.168.10.15,0,0,1,0,1,[],[],[],[],['GET'],[200],[None],[],[],[],[],['HTTP'],[''],[],[],"[{'http.method': 'GET', 'http.user_agent': None, 'http.status_code': 200, 'count': 1}]",[],"[{'file.md5s': {''}, 'files.source': 'HTTP', 'count': 1}]"
151.101.0.249,0x186cf6,CrwRsu4Jgyx7kpUx72,SF,116.036448,388,1251,51012,21,tcp,13458,14442,80,21,http,2017-07-06T12:27:13.702355Z,192.168.10.15,0,0,1,0,1,[],[],[],[],['GET'],[200],[None],[],[],[],[],['HTTP'],[''],[],[],"[{'http.method': 'GET', 'http.user_agent': None, 'http.status_code': 200, 'count': 1}]",[],"[{'file.md5s': {''}, 'files.source': 'HTTP', 'count': 1}]"
151.101.0.249,0x1b77f8,CFHSK23du3dW2K8fJi,SF,5.850284,0,172,49606,4,tcp,0,92,80,2,,2017-07-06T12:08:10.166943Z,192.168.10.15,0,0,0,0,0,[],[],[],[],[],[],[],[],[],[],[],[],[],[],[],[],[],[]
151.101.0.249,0x2193ab,C0xSQp2ucx5Br3ByMh,SF,116.014989,280,1143,49605,21,tcp,13458,14442,80,21,http,2017-07-06T12:08:10.166862Z,192.168.10.15,0,0,1,0,1,[],[],[],[],['GET'],[200],[None],[],[],[],[],['HTTP'],[''],[],[],"[{'http.method': 'GET', 'http.user_agent': None, 'http.status_code': 200, 'count': 1}]",[],"[{'file.md5s': {''}, 'files.source': 'HTTP', 'count': 1}]"
