originated_ip,uid,connection.uid,connection.conn_state,connection.duration,connection.orig_bytes,connection.orig_ip_bytes,connection.orig_p,connection.orig_pkts,connection.proto,connection.resp_bytes,connection.resp_ip_bytes,connection.resp_p,connection.resp_pkts,connection.service,connection.ts,responded_ip,dns_count,ssh_count,http_count,ssl_count,files_count,dns_qtype,dns_rcode,ssh_auth_attempts,ssh_host_key,http_method,http_status_code,http_user_agent,ssl_version,ssl_cipher,ssl_curve,ssl_validation_status,files_source,file_md5,dns_dicts,ssh_dicts,http_dicts,ssl_dicts,files_dicts
157.55.240.89,0x186a3,CgJzRy4QTNexKxdpqa,RSTR,62.953759,804,1096,49444,7,tcp,4341,4633,443,7,ssl,2017-07-06T12:01:25.970527Z,192.168.10.15,0,0,0,1,2,[],[],[],[],[],[],[],['TLSv12'],['TLS_ECDHE_RSA_WITH_AES_256_CBC_SHA384'],[None],[None],['SSL'],"['e033da0ee140de902d424754d080dd29', '4adfe8a2bdf3c349e3ffe43d1d5ac589']",[],[],[],"[{'ssl.version': 'TLSv12', 'ssl.curve': None, 'ssl.cipher': 'TLS_ECDHE_RSA_WITH_AES_256_CBC_SHA384', 'ssl.validation_status': None, 'count': 1}]","[{'file.md5s': {'e033da0ee140de902d424754d080dd29', '4adfe8a2bdf3c349e3ffe43d1d5ac589'}, 'files.source': 'SSL', 'count': 2}]"
157.55.240.89,0xaae76,CIWLqlVfYnIIuCtad,RSTR,63.046988,1602,2054,49178,11,tcp,5307,5759,443,11,ssl,2017-07-06T12:01:29.832157Z,192.168.10.5,0,0,0,1,2,[],[],[],[],[],[],[],['TLSv12'],['TLS_ECDHE_RSA_WITH_AES_256_CBC_SHA384'],[None],[None],['SSL'],"['e033da0ee140de902d424754d080dd29', '4adfe8a2bdf3c349e3ffe43d1d5ac589']",[],[],[],"[{'ssl.version': 'TLSv12', 'ssl.curve': None, 'ssl.cipher': 'TLS_ECDHE_RSA_WITH_AES_256_CBC_SHA384', 'ssl.validation_status': None, 'count': 1}]","[{'file.md5s': {'e033da0ee140de902d424754d080dd29', '4adfe8a2bdf3c349e3ffe43d1d5ac589'}, 'files.source': 'SSL', 'count': 2}]"
157.55.240.89,0x13d681,CcydqZ1naAUuSxzEpd,RSTR,61.743752,804,1096,49457,7,tcp,4341,4673,443,8,ssl,2017-07-06T12:03:09.319457Z,192.168.10.15,0,0,0,1,2,[],[],[],[],[],[],[],['TLSv12'],['TLS_ECDHE_RSA_WITH_AES_256_CBC_SHA384'],[None],[None],['SSL'],"['4adfe8a2bdf3c349e3ffe43d1d5ac589', 'e033da0ee140de902d424754d080dd29']",[],[],[],"[{'ssl.version': 'TLSv12', 'ssl.curve': None, 'ssl.cipher': 'TLS_ECDHE_RSA_WITH_AES_256_CBC_SHA384', 'ssl.validation_status': None, 'count': 1}]","[{'file.md5s': {'4adfe8a2bdf3c349e3ffe43d1d5ac589', 'e033da0ee140de902d424754d080dd29'}, 'files.source': 'SSL', 'count': 2}]"
157.55.240.89,0x21920a,CsSMPoUGBq3F3iPl,RSTO,0.991421,724,1256,49461,13,tcp,19973,20745,443,19,ssl,2017-07-06T12:05:02.849889Z,192.168.10.15,0,0,0,1,2,[],[],[],[],[],[],[],['TLSv12'],['TLS_ECDHE_RSA_WITH_AES_256_CBC_SHA384'],[None],[None],['SSL'],"['e033da0ee140de902d424754d080dd29', '4adfe8a2bdf3c349e3ffe43d1d5ac589']",[],[],[],"[{'ssl.version': 'TLSv12', 'ssl.curve': None, 'ssl.cipher': 'TLS_ECDHE_RSA_WITH_AES_256_CBC_SHA384', 'ssl.validation_status': None, 'count': 1}]","[{'file.md5s': {'e033da0ee140de902d424754d080dd29', '4adfe8a2bdf3c349e3ffe43d1d5ac589'}, 'files.source': 'SSL', 'count': 2}]"
