originated_ip,uid,connection.uid,connection.conn_state,connection.duration,connection.orig_bytes,connection.orig_ip_bytes,connection.orig_p,connection.orig_pkts,connection.proto,connection.resp_bytes,connection.resp_ip_bytes,connection.resp_p,connection.resp_pkts,connection.service,connection.ts,responded_ip,dns_count,ssh_count,http_count,ssl_count,files_count,dns_qtype,dns_rcode,ssh_auth_attempts,ssh_host_key,http_method,http_status_code,http_user_agent,ssl_version,ssl_cipher,ssl_curve,ssl_validation_status,files_source,file_md5,dns_dicts,ssh_dicts,http_dicts,ssl_dicts,files_dicts
130.250.51.150,0xf44a7,CYTs1bU9CDn2E816b,SF,116.368617,1201,2744,59459,38,tcp,54084,56108,443,50,ssl,2017-07-06T12:23:55.090464Z,192.168.10.14,0,0,0,1,2,[],[],[],[],[],[],[],['TLSv12'],['TLS_RSA_WITH_AES_256_CBC_SHA'],[None],[None],['SSL'],"['e45315d41bd00c4a16b36ba582c00fd0', '1cd0976187316dde07259fd6267e2f0e']",[],[],[],"[{'ssl.version': 'TLSv12', 'ssl.curve': None, 'ssl.cipher': 'TLS_RSA_WITH_AES_256_CBC_SHA', 'ssl.validation_status': None, 'count': 1}]","[{'file.md5s': {'e45315d41bd00c4a16b36ba582c00fd0', '1cd0976187316dde07259fd6267e2f0e'}, 'files.source': 'SSL', 'count': 2}]"
130.250.51.150,0x1b7a2e,C4aaFa4zRQKqt99va9,SF,116.368309,1217,3000,59461,44,tcp,67273,69577,443,57,ssl,2017-07-06T12:23:55.090725Z,192.168.10.14,0,0,0,1,0,[],[],[],[],[],[],[],[''],[''],[None],[None],[],[],[],[],[],"[{'ssl.version': '', 'ssl.curve': None, 'ssl.cipher': '', 'ssl.validation_status': None, 'count': 1}]",[]
130.250.51.150,0x200d74,ChCqAhaC2TGHJ7DIa,SF,116.367999,1217,2760,59460,38,tcp,51215,53239,443,50,ssl,2017-07-06T12:23:55.090616Z,192.168.10.14,0,0,0,1,2,[],[],[],[],[],[],[],['TLSv12'],['TLS_RSA_WITH_AES_256_CBC_SHA'],[None],[None],['SSL'],"['e45315d41bd00c4a16b36ba582c00fd0', '1cd0976187316dde07259fd6267e2f0e']",[],[],[],"[{'ssl.version': 'TLSv12', 'ssl.curve': None, 'ssl.cipher': 'TLS_RSA_WITH_AES_256_CBC_SHA', 'ssl.validation_status': None, 'count': 1}]","[{'file.md5s': {'e45315d41bd00c4a16b36ba582c00fd0', '1cd0976187316dde07259fd6267e2f0e'}, 'files.source': 'SSL', 'count': 2}]"
130.250.51.150,0x293591,CJRHzR1pkaYf2Oeanb,SF,116.367626,1217,3040,59462,45,tcp,69646,72070,443,60,ssl,2017-07-06T12:23:55.090801Z,192.168.10.14,0,0,0,1,0,[],[],[],[],[],[],[],[''],[''],[None],[None],[],[],[],[],[],"[{'ssl.version': '', 'ssl.curve': None, 'ssl.cipher': '', 'ssl.validation_status': None, 'count': 1}]",[]
