originated_ip,uid,connection.uid,connection.conn_state,connection.duration,connection.orig_bytes,connection.orig_ip_bytes,connection.orig_p,connection.orig_pkts,connection.proto,connection.resp_bytes,connection.resp_ip_bytes,connection.resp_p,connection.resp_pkts,connection.service,connection.ts,responded_ip,dns_count,ssh_count,http_count,ssl_count,files_count,dns_qtype,dns_rcode,ssh_auth_attempts,ssh_host_key,http_method,http_status_code,http_user_agent,ssl_version,ssl_cipher,ssl_curve,ssl_validation_status,files_source,file_md5,dns_dicts,ssh_dicts,http_dicts,ssl_dicts,files_dicts
162.208.22.39,0xd1,CrcugL2PtfP1xk6CGl,SF,5.083446,401,653,49846,6,tcp,397,609,80,5,http,2017-07-06T12:08:17.324469Z,192.168.10.15,0,0,1,0,1,[],[],[],[],['GET'],[301],[None],[],[],[],[],['HTTP'],['cd2e0e43980a00fb6a2742d3afd803b8'],[],[],"[{'http.method': 'GET', 'http.user_agent': None, 'http.status_code': 301, 'count': 1}]",[],"[{'file.md5s': {'cd2e0e43980a00fb6a2742d3afd803b8'}, 'files.source': 'HTTP', 'count': 1}]"
162.208.22.39,0x7a2f9,CEzWNy3DnNtAxZpiHb,SF,5.101769,440,692,49867,6,tcp,629,841,80,5,http,2017-07-06T12:08:17.730406Z,192.168.10.15,0,0,1,0,0,[],[],[],[],['GET'],[302],[None],[],[],[],[],[],[],[],[],"[{'http.method': 'GET', 'http.user_agent': None, 'http.status_code': 302, 'count': 1}]",[],[]
162.208.22.39,0xdbdc8,COPXYH1AAjsEt64cBe,SF,5.226984,861,1273,49511,10,tcp,4439,4851,443,10,ssl,2017-07-06T12:15:14.615983Z,192.168.10.5,0,0,0,1,0,[],[],[],[],[],[],[],['TLSv12'],['TLS_ECDHE_RSA_WITH_AES_128_GCM_SHA256'],[None],[None],[],[],[],[],[],"[{'ssl.version': 'TLSv12', 'ssl.curve': None, 'ssl.cipher': 'TLS_ECDHE_RSA_WITH_AES_128_GCM_SHA256', 'ssl.validation_status': None, 'count': 1}]",[]
162.208.22.39,0x155ef1,C7K4qu26ctGPb8akMk,SF,5.175017,758,1130,49512,9,tcp,4459,4791,443,8,ssl,2017-07-06T12:15:14.61611Z,192.168.10.5,0,0,0,1,2,[],[],[],[],[],[],[],['TLSv12'],['TLS_ECDHE_RSA_WITH_AES_128_GCM_SHA256'],[None],[None],['SSL'],"['aaee5cf8b0d8596d2e0cbe67421cf7db', '5dde0a7b8e84b633558a48dcc94f3c85']",[],[],[],"[{'ssl.version': 'TLSv12', 'ssl.curve': None, 'ssl.cipher': 'TLS_ECDHE_RSA_WITH_AES_128_GCM_SHA256', 'ssl.validation_status': None, 'count': 1}]","[{'file.md5s': {'aaee5cf8b0d8596d2e0cbe67421cf7db', '5dde0a7b8e84b633558a48dcc94f3c85'}, 'files.source': 'SSL', 'count': 2}]"
