originated_ip,uid,connection.uid,connection.conn_state,connection.duration,connection.orig_bytes,connection.orig_ip_bytes,connection.orig_p,connection.orig_pkts,connection.proto,connection.resp_bytes,connection.resp_ip_bytes,connection.resp_p,connection.resp_pkts,connection.service,connection.ts,responded_ip,dns_count,ssh_count,http_count,ssl_count,files_count,dns_qtype,dns_rcode,ssh_auth_attempts,ssh_host_key,http_method,http_status_code,http_user_agent,ssl_version,ssl_cipher,ssl_curve,ssl_validation_status,files_source,file_md5,dns_dicts,ssh_dicts,http_dicts,ssl_dicts,files_dicts
209.85.144.155,0x92985,CIAAdx1NgV9IGnULRh,SF,180.797412,1154,2046,59266,22,tcp,5130,5942,443,20,ssl,2017-07-06T12:14:55.641731Z,192.168.10.14,0,0,0,1,3,[],[],[],[],[],[],[],['TLSv12'],['TLS_ECDHE_RSA_WITH_AES_128_GCM_SHA256'],[None],[None],['SSL'],"['0a0c52c7c8ad1678e13b59c49dfe62dc', '17866ccbd224bd2ff9df48b95118f935', '2e7db2a31d0e3da4b25f49b9542a2e1a']",[],[],[],"[{'ssl.version': 'TLSv12', 'ssl.curve': None, 'ssl.cipher': 'TLS_ECDHE_RSA_WITH_AES_128_GCM_SHA256', 'ssl.validation_status': None, 'count': 1}]","[{'file.md5s': {'0a0c52c7c8ad1678e13b59c49dfe62dc', '17866ccbd224bd2ff9df48b95118f935', '2e7db2a31d0e3da4b25f49b9542a2e1a'}, 'files.source': 'SSL', 'count': 3}]"
209.85.144.155,0xab0b9,ChmBG6JDF0mFgLNP5,SF,30.407443,1080,1872,49210,15,tcp,4032,4560,443,10,ssl,2017-07-06T12:15:29.912515Z,192.168.10.25,0,0,0,1,3,[],[],[],[],[],[],[],['TLSv10'],['TLS_RSA_WITH_AES_128_CBC_SHA'],[None],[None],['SSL'],"['0a0c52c7c8ad1678e13b59c49dfe62dc', '17866ccbd224bd2ff9df48b95118f935', '2e7db2a31d0e3da4b25f49b9542a2e1a']",[],[],[],"[{'ssl.version': 'TLSv10', 'ssl.curve': None, 'ssl.cipher': 'TLS_RSA_WITH_AES_128_CBC_SHA', 'ssl.validation_status': None, 'count': 1}]","[{'file.md5s': {'0a0c52c7c8ad1678e13b59c49dfe62dc', '17866ccbd224bd2ff9df48b95118f935', '2e7db2a31d0e3da4b25f49b9542a2e1a'}, 'files.source': 'SSL', 'count': 3}]"
209.85.144.155,0x155e07,CN0j513E0x03VPCbP5,SF,180.673459,1167,2059,50214,22,tcp,4699,5471,443,19,ssl,2017-07-06T12:12:50.968826Z,192.168.10.15,0,0,0,1,3,[],[],[],[],[],[],[],['TLSv12'],['TLS_ECDHE_RSA_WITH_AES_128_GCM_SHA256'],[None],[None],['SSL'],"['0a0c52c7c8ad1678e13b59c49dfe62dc', '17866ccbd224bd2ff9df48b95118f935', '2e7db2a31d0e3da4b25f49b9542a2e1a']",[],[],[],"[{'ssl.version': 'TLSv12', 'ssl.curve': None, 'ssl.cipher': 'TLS_ECDHE_RSA_WITH_AES_128_GCM_SHA256', 'ssl.validation_status': None, 'count': 1}]","[{'file.md5s': {'0a0c52c7c8ad1678e13b59c49dfe62dc', '17866ccbd224bd2ff9df48b95118f935', '2e7db2a31d0e3da4b25f49b9542a2e1a'}, 'files.source': 'SSL', 'count': 3}]"
209.85.144.155,0x1b790f,C2A2KS2z333s6cMBYl,RSTO,0.189206,502,874,59274,9,tcp,4162,4534,443,9,ssl,2017-07-06T12:14:55.685121Z,192.168.10.14,0,0,0,1,3,[],[],[],[],[],[],[],['TLSv12'],['TLS_ECDHE_RSA_WITH_AES_128_GCM_SHA256'],[None],[None],['SSL'],"['0a0c52c7c8ad1678e13b59c49dfe62dc', '17866ccbd224bd2ff9df48b95118f935', '2e7db2a31d0e3da4b25f49b9542a2e1a']",[],[],[],"[{'ssl.version': 'TLSv12', 'ssl.curve': None, 'ssl.cipher': 'TLS_ECDHE_RSA_WITH_AES_128_GCM_SHA256', 'ssl.validation_status': None, 'count': 1}]","[{'file.md5s': {'0a0c52c7c8ad1678e13b59c49dfe62dc', '17866ccbd224bd2ff9df48b95118f935', '2e7db2a31d0e3da4b25f49b9542a2e1a'}, 'files.source': 'SSL', 'count': 3}]"
