originated_ip,uid,connection.uid,connection.conn_state,connection.duration,connection.orig_bytes,connection.orig_ip_bytes,connection.orig_p,connection.orig_pkts,connection.proto,connection.resp_bytes,connection.resp_ip_bytes,connection.resp_p,connection.resp_pkts,connection.service,connection.ts,responded_ip,dns_count,ssh_count,http_count,ssl_count,files_count,dns_qtype,dns_rcode,ssh_auth_attempts,ssh_host_key,http_method,http_status_code,http_user_agent,ssl_version,ssl_cipher,ssl_curve,ssl_validation_status,files_source,file_md5,dns_dicts,ssh_dicts,http_dicts,ssl_dicts,files_dicts
104.244.43.112,0x30e2d,CNYgMb4KyKATZLZ4E4,SF,10.163796,828,1241,50696,10,tcp,4708,5132,443,10,ssl,2017-07-06T12:20:52.759325Z,192.168.10.15,0,0,0,1,3,[],[],[],[],[],[],[],['TLSv12'],['TLS_ECDHE_RSA_WITH_AES_128_GCM_SHA256'],[None],[None],['SSL'],"['aaee5cf8b0d8596d2e0cbe67421cf7db', '99db069a1f67739a839178f64b20b82b', '1871600a19ae2222d16fd25b62cecbaf']",[],[],[],"[{'ssl.version': 'TLSv12', 'ssl.curve': None, 'ssl.cipher': 'TLS_ECDHE_RSA_WITH_AES_128_GCM_SHA256', 'ssl.validation_status': None, 'count': 1}]","[{'file.md5s': {'aaee5cf8b0d8596d2e0cbe67421cf7db', '99db069a1f67739a839178f64b20b82b', '1871600a19ae2222d16fd25b62cecbaf'}, 'files.source': 'SSL', 'count': 3}]"
104.244.43.112,0x30fce,Cn7VAl3AVXlI4Rdx9e,SF,5.996879,599,891,50915,7,tcp,187,439,443,6,ssl,2017-07-06T12:25:09.48056Z,192.168.10.15,0,0,0,1,0,[],[],[],[],[],[],[],['TLSv12'],['TLS_ECDHE_RSA_WITH_AES_128_GCM_SHA256'],[None],[None],[],[],[],[],[],"[{'ssl.version': 'TLSv12', 'ssl.curve': None, 'ssl.cipher': 'TLS_ECDHE_RSA_WITH_AES_128_GCM_SHA256', 'ssl.validation_status': None, 'count': 1}]",[]
104.244.43.112,0x13d80c,CrvAJu3hnMjI4YSmb2,SF,10.132202,1071,1444,50774,9,tcp,620,964,443,8,ssl,2017-07-06T12:23:02.704974Z,192.168.10.15,0,0,0,1,0,[],[],[],[],[],[],[],['TLSv12'],['TLS_ECDHE_RSA_WITH_AES_128_GCM_SHA256'],[None],[None],[],[],[],[],[],"[{'ssl.version': 'TLSv12', 'ssl.curve': None, 'ssl.cipher': 'TLS_ECDHE_RSA_WITH_AES_128_GCM_SHA256', 'ssl.validation_status': None, 'count': 1}]",[]
104.244.43.112,0x1e86e8,CESR0L26FoZuXBMHR6,SF,10.22108,1071,1444,50916,9,tcp,619,963,443,8,ssl,2017-07-06T12:25:09.480723Z,192.168.10.15,0,0,0,1,0,[],[],[],[],[],[],[],['TLSv12'],['TLS_ECDHE_RSA_WITH_AES_128_GCM_SHA256'],[None],[None],[],[],[],[],[],"[{'ssl.version': 'TLSv12', 'ssl.curve': None, 'ssl.cipher': 'TLS_ECDHE_RSA_WITH_AES_128_GCM_SHA256', 'ssl.validation_status': None, 'count': 1}]",[]
