originated_ip,uid,connection.uid,connection.conn_state,connection.duration,connection.orig_bytes,connection.orig_ip_bytes,connection.orig_p,connection.orig_pkts,connection.proto,connection.resp_bytes,connection.resp_ip_bytes,connection.resp_p,connection.resp_pkts,connection.service,connection.ts,responded_ip,dns_count,ssh_count,http_count,ssl_count,files_count,dns_qtype,dns_rcode,ssh_auth_attempts,ssh_host_key,http_method,http_status_code,http_user_agent,ssl_version,ssl_cipher,ssl_curve,ssl_validation_status,files_source,file_md5,dns_dicts,ssh_dicts,http_dicts,ssl_dicts,files_dicts
151.101.208.84,0xc3785,C3pyM54rYwNbeV9kUi,SF,0.250189,977,1733,49297,15,tcp,3743,4219,443,9,ssl,2017-07-06T12:20:02.489907Z,192.168.10.25,0,0,0,1,2,[],[],[],[],[],[],[],['TLSv10'],['TLS_RSA_WITH_AES_128_CBC_SHA'],[None],[None],['SSL'],"['aaee5cf8b0d8596d2e0cbe67421cf7db', '9ec49809631345384e6e56d896356537']",[],[],[],"[{'ssl.version': 'TLSv10', 'ssl.curve': None, 'ssl.cipher': 'TLS_RSA_WITH_AES_128_CBC_SHA', 'ssl.validation_status': None, 'count': 1}]","[{'file.md5s': {'aaee5cf8b0d8596d2e0cbe67421cf7db', '9ec49809631345384e6e56d896356537'}, 'files.source': 'SSL', 'count': 2}]"
151.101.208.84,0x16e5bf,CKMR6C2M4FIj53y5r1,SF,115.375243,1137,2000,59508,21,tcp,4768,5712,443,20,ssl,2017-07-06T12:23:56.032537Z,192.168.10.14,0,0,0,1,3,[],[],[],[],[],[],[],['TLSv12'],['TLS_ECDHE_RSA_WITH_AES_128_GCM_SHA256'],[None],[None],['SSL'],"['aaee5cf8b0d8596d2e0cbe67421cf7db', '9ec49809631345384e6e56d896356537', 'c1f54c37855ccb52b17b9b48b441a7b6']",[],[],[],"[{'ssl.version': 'TLSv12', 'ssl.curve': None, 'ssl.cipher': 'TLS_ECDHE_RSA_WITH_AES_128_GCM_SHA256', 'ssl.validation_status': None, 'count': 1}]","[{'file.md5s': {'aaee5cf8b0d8596d2e0cbe67421cf7db', '9ec49809631345384e6e56d896356537', 'c1f54c37855ccb52b17b9b48b441a7b6'}, 'files.source': 'SSL', 'count': 3}]"
151.101.208.84,0x186c7f,CEpaJw4o6WaefvTZ6,SF,5.368523,350,722,59507,9,tcp,4393,4685,443,7,ssl,2017-07-06T12:23:56.032341Z,192.168.10.14,0,0,0,1,3,[],[],[],[],[],[],[],['TLSv12'],['TLS_ECDHE_RSA_WITH_AES_128_GCM_SHA256'],[None],[None],['SSL'],"['aaee5cf8b0d8596d2e0cbe67421cf7db', '9ec49809631345384e6e56d896356537', 'c1f54c37855ccb52b17b9b48b441a7b6']",[],[],[],"[{'ssl.version': 'TLSv12', 'ssl.curve': None, 'ssl.cipher': 'TLS_ECDHE_RSA_WITH_AES_128_GCM_SHA256', 'ssl.validation_status': None, 'count': 1}]","[{'file.md5s': {'aaee5cf8b0d8596d2e0cbe67421cf7db', '9ec49809631345384e6e56d896356537', 'c1f54c37855ccb52b17b9b48b441a7b6'}, 'files.source': 'SSL', 'count': 3}]"
151.101.208.84,0x27ad88,CwZuQY302cvepLBSpf,SF,115.733798,651,1883,40128,24,tcp,5843,6787,443,18,ssl,2017-07-06T12:11:11.323871Z,192.168.10.17,0,0,0,1,0,[],[],[],[],[],[],[],[''],[''],[None],[None],[],[],[],[],[],"[{'ssl.version': '', 'ssl.curve': None, 'ssl.cipher': '', 'ssl.validation_status': None, 'count': 1}]",[]
