originated_ip,uid,connection.uid,connection.conn_state,connection.duration,connection.orig_bytes,connection.orig_ip_bytes,connection.orig_p,connection.orig_pkts,connection.proto,connection.resp_bytes,connection.resp_ip_bytes,connection.resp_p,connection.resp_pkts,connection.service,connection.ts,responded_ip,dns_count,ssh_count,http_count,ssl_count,files_count,dns_qtype,dns_rcode,ssh_auth_attempts,ssh_host_key,http_method,http_status_code,http_user_agent,ssl_version,ssl_cipher,ssl_curve,ssl_validation_status,files_source,file_md5,dns_dicts,ssh_dicts,http_dicts,ssl_dicts,files_dicts
195.93.42.2,0xf42b1,CtilNY13Xwl0uGYLvc,SF,5.624504,0,180,37604,4,tcp,0,92,80,2,,2017-07-06T12:08:07.454375Z,192.168.10.17,0,0,0,0,0,[],[],[],[],[],[],[],[],[],[],[],[],[],[],[],[],[],[]
195.93.42.2,0x10ced9,Cx9CrT39EXNA2T5A29,SF,6.151919,0,180,38252,4,tcp,0,92,80,2,,2017-07-06T12:25:11.995842Z,192.168.10.17,0,0,0,0,0,[],[],[],[],[],[],[],[],[],[],[],[],[],[],[],[],[],[]
195.93.42.2,0x262747,Cn2A513EytdT2iCV5a,SF,115.557536,429,1129,37598,17,tcp,510,1082,80,14,http,2017-07-06T12:08:07.363591Z,192.168.10.17,0,0,1,0,1,[],[],[],[],['GET'],[200],[None],[],[],[],[],['HTTP'],['3bb94c95b7945129f84e3c3c45a44402'],[],[],"[{'http.method': 'GET', 'http.user_agent': None, 'http.status_code': 200, 'count': 1}]",[],"[{'file.md5s': {'3bb94c95b7945129f84e3c3c45a44402'}, 'files.source': 'HTTP', 'count': 1}]"
195.93.42.2,0x27afc2,Cgz3f4RmHQ5XVB5ta,SF,86.510634,429,969,38253,13,tcp,510,1002,80,12,http,2017-07-06T12:25:12.026417Z,192.168.10.17,0,0,1,0,1,[],[],[],[],['GET'],[200],[None],[],[],[],[],['HTTP'],['61e2c52ad340475ec0b9b5a6cf35c04a'],[],[],"[{'http.method': 'GET', 'http.user_agent': None, 'http.status_code': 200, 'count': 1}]",[],"[{'file.md5s': {'61e2c52ad340475ec0b9b5a6cf35c04a'}, 'files.source': 'HTTP', 'count': 1}]"
