originated_ip,uid,connection.uid,connection.conn_state,connection.duration,connection.orig_bytes,connection.orig_ip_bytes,connection.orig_p,connection.orig_pkts,connection.proto,connection.resp_bytes,connection.resp_ip_bytes,connection.resp_p,connection.resp_pkts,connection.service,connection.ts,responded_ip,dns_count,ssh_count,http_count,ssl_count,files_count,dns_qtype,dns_rcode,ssh_auth_attempts,ssh_host_key,http_method,http_status_code,http_user_agent,ssl_version,ssl_cipher,ssl_curve,ssl_validation_status,files_source,file_md5,dns_dicts,ssh_dicts,http_dicts,ssl_dicts,files_dicts
104.27.216.4,0x155f01,CURUmICRaDsEFukoi,SF,30.993328,3721,6745,49203,75,tcp,129289,132581,443,82,ssl,2017-07-06T12:15:29.291664Z,192.168.10.25,0,0,0,1,3,[],[],[],[],[],[],[],['TLSv10'],['TLS_RSA_WITH_AES_128_CBC_SHA'],[None],[None],['SSL'],"['6d480c8fffe1f638004485eaa9391dcf', 'b3bc2e17c3ac61dd80c0caa437ca9f8e', '1edaf9ae99ce2920667d0e9a8b3f8c9c']",[],[],[],"[{'ssl.version': 'TLSv10', 'ssl.curve': None, 'ssl.cipher': 'TLS_RSA_WITH_AES_128_CBC_SHA', 'ssl.validation_status': None, 'count': 1}]","[{'file.md5s': {'6d480c8fffe1f638004485eaa9391dcf', 'b3bc2e17c3ac61dd80c0caa437ca9f8e', '1edaf9ae99ce2920667d0e9a8b3f8c9c'}, 'files.source': 'SSL', 'count': 3}]"
104.27.216.4,0x16e589,CltAWE3xepaGF2yQdf,SF,30.37539,853,1357,49209,12,tcp,1716,2008,443,7,ssl,2017-07-06T12:15:29.910096Z,192.168.10.25,0,0,0,1,0,[],[],[],[],[],[],[],['TLSv10'],['TLS_RSA_WITH_AES_128_CBC_SHA'],[None],[None],[],[],[],[],[],"[{'ssl.version': 'TLSv10', 'ssl.curve': None, 'ssl.cipher': 'TLS_RSA_WITH_AES_128_CBC_SHA', 'ssl.validation_status': None, 'count': 1}]",[]
104.27.216.4,0x16e58a,CAZPERUMkvn1ZVQVb,SF,30.37547,853,2077,49208,30,tcp,41424,42836,443,35,ssl,2017-07-06T12:15:29.909498Z,192.168.10.25,0,0,0,1,0,[],[],[],[],[],[],[],['TLSv10'],['TLS_RSA_WITH_AES_128_CBC_SHA'],[None],[None],[],[],[],[],[],"[{'ssl.version': 'TLSv10', 'ssl.curve': None, 'ssl.cipher': 'TLS_RSA_WITH_AES_128_CBC_SHA', 'ssl.validation_status': None, 'count': 1}]",[]
104.27.216.4,0x2f4f7f,CzKrQI1RGrw9Ilhj8a,SF,30.831229,1871,2655,49204,19,tcp,7293,7785,443,12,ssl,2017-07-06T12:15:29.453733Z,192.168.10.25,0,0,0,1,0,[],[],[],[],[],[],[],['TLSv10'],['TLS_RSA_WITH_AES_128_CBC_SHA'],[None],[None],[],[],[],[],[],"[{'ssl.version': 'TLSv10', 'ssl.curve': None, 'ssl.cipher': 'TLS_RSA_WITH_AES_128_CBC_SHA', 'ssl.validation_status': None, 'count': 1}]",[]
