originated_ip,uid,connection.uid,connection.conn_state,connection.duration,connection.orig_bytes,connection.orig_ip_bytes,connection.orig_p,connection.orig_pkts,connection.proto,connection.resp_bytes,connection.resp_ip_bytes,connection.resp_p,connection.resp_pkts,connection.service,connection.ts,responded_ip,dns_count,ssh_count,http_count,ssl_count,files_count,dns_qtype,dns_rcode,ssh_auth_attempts,ssh_host_key,http_method,http_status_code,http_user_agent,ssl_version,ssl_cipher,ssl_curve,ssl_validation_status,files_source,file_md5,dns_dicts,ssh_dicts,http_dicts,ssl_dicts,files_dicts
210.160.193.189,0xaae7a,CE7uUC2c8qzeL3SP5d,SF,5.672348,359,731,59191,9,tcp,3243,3575,443,8,ssl,2017-07-06T12:05:54.856022Z,192.168.10.14,0,0,0,1,2,[],[],[],[],[],[],[],['TLSv12'],['TLS_ECDHE_RSA_WITH_AES_128_GCM_SHA256'],[None],[None],['SSL'],"['67bb90bc28542d0280bfac56e87eba88', 'd3e8706d8292ace4ddebf7a8bbbd566b']",[],[],[],"[{'ssl.version': 'TLSv12', 'ssl.curve': None, 'ssl.cipher': 'TLS_ECDHE_RSA_WITH_AES_128_GCM_SHA256', 'ssl.validation_status': None, 'count': 1}]","[{'file.md5s': {'67bb90bc28542d0280bfac56e87eba88', 'd3e8706d8292ace4ddebf7a8bbbd566b'}, 'files.source': 'SSL', 'count': 2}]"
210.160.193.189,0x10c8ef,CX1ehk32c5PcdZffP9,SF,0.67657,830,1242,59188,10,tcp,4007,4459,443,11,ssl,2017-07-06T12:05:54.855664Z,192.168.10.14,0,0,0,1,2,[],[],[],[],[],[],[],['TLSv12'],['TLS_ECDHE_RSA_WITH_AES_128_GCM_SHA256'],[None],[None],['SSL'],"['67bb90bc28542d0280bfac56e87eba88', 'd3e8706d8292ace4ddebf7a8bbbd566b']",[],[],[],"[{'ssl.version': 'TLSv12', 'ssl.curve': None, 'ssl.cipher': 'TLS_ECDHE_RSA_WITH_AES_128_GCM_SHA256', 'ssl.validation_status': None, 'count': 1}]","[{'file.md5s': {'67bb90bc28542d0280bfac56e87eba88', 'd3e8706d8292ace4ddebf7a8bbbd566b'}, 'files.source': 'SSL', 'count': 2}]"
210.160.193.189,0x200b2d,CykqMe15OBvfU4b02g,SF,0.666131,830,1202,59189,9,tcp,4007,4419,443,10,ssl,2017-07-06T12:05:54.855804Z,192.168.10.14,0,0,0,1,2,[],[],[],[],[],[],[],['TLSv12'],['TLS_ECDHE_RSA_WITH_AES_128_GCM_SHA256'],[None],[None],['SSL'],"['67bb90bc28542d0280bfac56e87eba88', 'd3e8706d8292ace4ddebf7a8bbbd566b']",[],[],[],"[{'ssl.version': 'TLSv12', 'ssl.curve': None, 'ssl.cipher': 'TLS_ECDHE_RSA_WITH_AES_128_GCM_SHA256', 'ssl.validation_status': None, 'count': 1}]","[{'file.md5s': {'67bb90bc28542d0280bfac56e87eba88', 'd3e8706d8292ace4ddebf7a8bbbd566b'}, 'files.source': 'SSL', 'count': 2}]"
210.160.193.189,0x231876,CSaEnw34X7fc2qaEUh,SF,5.67249,359,731,59190,9,tcp,3243,3535,443,7,ssl,2017-07-06T12:05:54.855884Z,192.168.10.14,0,0,0,1,2,[],[],[],[],[],[],[],['TLSv12'],['TLS_ECDHE_RSA_WITH_AES_128_GCM_SHA256'],[None],[None],['SSL'],"['67bb90bc28542d0280bfac56e87eba88', 'd3e8706d8292ace4ddebf7a8bbbd566b']",[],[],[],"[{'ssl.version': 'TLSv12', 'ssl.curve': None, 'ssl.cipher': 'TLS_ECDHE_RSA_WITH_AES_128_GCM_SHA256', 'ssl.validation_status': None, 'count': 1}]","[{'file.md5s': {'67bb90bc28542d0280bfac56e87eba88', 'd3e8706d8292ace4ddebf7a8bbbd566b'}, 'files.source': 'SSL', 'count': 2}]"
