originated_ip,uid,connection.uid,connection.conn_state,connection.duration,connection.orig_bytes,connection.orig_ip_bytes,connection.orig_p,connection.orig_pkts,connection.proto,connection.resp_bytes,connection.resp_ip_bytes,connection.resp_p,connection.resp_pkts,connection.service,connection.ts,responded_ip,dns_count,ssh_count,http_count,ssl_count,files_count,dns_qtype,dns_rcode,ssh_auth_attempts,ssh_host_key,http_method,http_status_code,http_user_agent,ssl_version,ssl_cipher,ssl_curve,ssl_validation_status,files_source,file_md5,dns_dicts,ssh_dicts,http_dicts,ssl_dicts,files_dicts
194.100.98.72,0x156045,CZYPnb1co8ceBB1Ize,SF,0.280747,397,609,1295,5,tcp,531,739,80,5,http,2017-07-06T12:29:55.751168Z,192.168.10.9,0,0,1,0,0,[],[],[],[],['GET'],[0],[None],[],[],[],[],[],[],[],[],"[{'http.method': 'GET', 'http.user_agent': None, 'http.status_code': 0, 'count': 1}]",[],[]
194.100.98.72,0x186d04,C16GnC1CYA4WkuUtMc,SF,0.288882,282,494,1292,5,tcp,426,634,80,5,http,2017-07-06T12:29:55.628982Z,192.168.10.9,0,0,1,0,1,[],[],[],[],['GET'],[200],[None],[],[],[],[],['HTTP'],['42916a44fdd900d0aeea191f2b9c13c9'],[],[],"[{'http.method': 'GET', 'http.user_agent': None, 'http.status_code': 200, 'count': 1}]",[],"[{'file.md5s': {'42916a44fdd900d0aeea191f2b9c13c9'}, 'files.source': 'HTTP', 'count': 1}]"
194.100.98.72,0x200e25,Cx9lwm4YucIjA5PqKf,SF,0.275509,342,554,1306,5,tcp,286,494,80,5,http,2017-07-06T12:29:56.050274Z,192.168.10.9,0,0,1,0,1,[],[],[],[],['GET'],[200],[None],[],[],[],[],['HTTP'],['df3e567d6f16d040326c7a0ea29a4f41'],[],[],"[{'http.method': 'GET', 'http.user_agent': None, 'http.status_code': 200, 'count': 1}]",[],"[{'file.md5s': {'df3e567d6f16d040326c7a0ea29a4f41'}, 'files.source': 'HTTP', 'count': 1}]"
194.100.98.72,0x2ac081,C5tRvSM9KOvKUE8ae,S1,0.131169,0,92,1307,2,tcp,0,48,80,1,,2017-07-06T12:29:56.050345Z,192.168.10.9,0,0,0,0,0,[],[],[],[],[],[],[],[],[],[],[],[],[],[],[],[],[],[]
