originated_ip,uid,connection.uid,connection.conn_state,connection.duration,connection.orig_bytes,connection.orig_ip_bytes,connection.orig_p,connection.orig_pkts,connection.proto,connection.resp_bytes,connection.resp_ip_bytes,connection.resp_p,connection.resp_pkts,connection.service,connection.ts,responded_ip,dns_count,ssh_count,http_count,ssl_count,files_count,dns_qtype,dns_rcode,ssh_auth_attempts,ssh_host_key,http_method,http_status_code,http_user_agent,ssl_version,ssl_cipher,ssl_curve,ssl_validation_status,files_source,file_md5,dns_dicts,ssh_dicts,http_dicts,ssl_dicts,files_dicts
172.217.9.227,0x1ef,CtW9DNFjHtPvvZLn6,SF,180.790203,701,1813,60986,21,tcp,4674,5583,443,16,ssl,2017-07-06T12:19:38.148766Z,192.168.10.16,0,0,0,1,3,[],[],[],[],[],[],[],['TLSv12'],['TLS_ECDHE_ECDSA_WITH_AES_128_GCM_SHA256'],[None],[None],['SSL'],"['17866ccbd224bd2ff9df48b95118f935', '2e7db2a31d0e3da4b25f49b9542a2e1a', '2446fa633d27755d6b0403be0b8c2cbe']",[],[],[],"[{'ssl.version': 'TLSv12', 'ssl.curve': None, 'ssl.cipher': 'TLS_ECDHE_ECDSA_WITH_AES_128_GCM_SHA256', 'ssl.validation_status': None, 'count': 1}]","[{'file.md5s': {'17866ccbd224bd2ff9df48b95118f935', '2e7db2a31d0e3da4b25f49b9542a2e1a', '2446fa633d27755d6b0403be0b8c2cbe'}, 'files.source': 'SSL', 'count': 3}]"
172.217.9.227,0x18ad3,CDVkdx3tHHvQTRtRs8,S1,40.287291,1114,1538,42680,8,tcp,343,715,80,7,http,2017-07-06T12:29:10.513746Z,192.168.10.17,0,0,1,0,1,[],[],[],[],['GET'],[200],[None],[],[],[],[],['HTTP'],['d89746888da2d9510b64a9f031eaecd5'],[],[],"[{'http.method': 'GET', 'http.user_agent': None, 'http.status_code': 200, 'count': 1}]",[],"[{'file.md5s': {'d89746888da2d9510b64a9f031eaecd5'}, 'files.source': 'HTTP', 'count': 1}]"
172.217.9.227,0xf4462,CkLiFt2HHLgHU2YdGc,SF,0.54187,525,1237,60988,14,tcp,4536,5064,443,10,ssl,2017-07-06T12:19:38.274137Z,192.168.10.16,0,0,0,1,0,[],[],[],[],[],[],[],['TLSv12'],['TLS_ECDHE_ECDSA_WITH_AES_128_GCM_SHA256'],[None],[None],[],[],[],[],[],"[{'ssl.version': 'TLSv12', 'ssl.curve': None, 'ssl.cipher': 'TLS_ECDHE_ECDSA_WITH_AES_128_GCM_SHA256', 'ssl.validation_status': None, 'count': 1}]",[]
172.217.9.227,0x2f50cf,C36WfI1aFFiZNsXoC4,S1,0.179612,928,1380,1305,11,tcp,5006,5498,443,12,ssl,2017-07-06T12:29:56.032409Z,192.168.10.9,0,0,0,1,3,[],[],[],[],[],[],[],['TLSv12'],['TLS_ECDHE_ECDSA_WITH_AES_128_GCM_SHA256'],[None],[None],['SSL'],"['17866ccbd224bd2ff9df48b95118f935', '2e7db2a31d0e3da4b25f49b9542a2e1a', '2446fa633d27755d6b0403be0b8c2cbe']",[],[],[],"[{'ssl.version': 'TLSv12', 'ssl.curve': None, 'ssl.cipher': 'TLS_ECDHE_ECDSA_WITH_AES_128_GCM_SHA256', 'ssl.validation_status': None, 'count': 1}]","[{'file.md5s': {'17866ccbd224bd2ff9df48b95118f935', '2e7db2a31d0e3da4b25f49b9542a2e1a', '2446fa633d27755d6b0403be0b8c2cbe'}, 'files.source': 'SSL', 'count': 3}]"
