originated_ip,uid,connection.uid,connection.conn_state,connection.duration,connection.orig_bytes,connection.orig_ip_bytes,connection.orig_p,connection.orig_pkts,connection.proto,connection.resp_bytes,connection.resp_ip_bytes,connection.resp_p,connection.resp_pkts,connection.service,connection.ts,responded_ip,dns_count,ssh_count,http_count,ssl_count,files_count,dns_qtype,dns_rcode,ssh_auth_attempts,ssh_host_key,http_method,http_status_code,http_user_agent,ssl_version,ssl_cipher,ssl_curve,ssl_validation_status,files_source,file_md5,dns_dicts,ssh_dicts,http_dicts,ssl_dicts,files_dicts
199.38.165.28,0x61c5f,CEbAMnbaCOxywjzAf,RSTR,11.036312,1197,1622,49710,10,tcp,3506,4831,443,12,ssl,2017-07-06T12:08:12.444154Z,192.168.10.15,0,0,0,1,2,[],[],[],[],[],[],[],['TLSv12'],['TLS_RSA_WITH_AES_128_CBC_SHA'],[None],[None],['SSL'],"['345eff15b7a49add451b65a7f4bdc6ae', '7c1365118771e609b36f9595f774e3ba']",[],[],[],"[{'ssl.version': 'TLSv12', 'ssl.curve': None, 'ssl.cipher': 'TLS_RSA_WITH_AES_128_CBC_SHA', 'ssl.validation_status': None, 'count': 1}]","[{'file.md5s': {'345eff15b7a49add451b65a7f4bdc6ae', '7c1365118771e609b36f9595f774e3ba'}, 'files.source': 'SSL', 'count': 2}]"
199.38.165.28,0xf4265,C8EktcyVs7xJnE1Be,RSTR,11.036234,1197,1570,49712,9,tcp,3298,3762,443,11,ssl,2017-07-06T12:08:12.452147Z,192.168.10.15,0,0,0,1,2,[],[],[],[],[],[],[],['TLSv12'],['TLS_RSA_WITH_AES_128_CBC_SHA'],[None],[None],['SSL'],"['345eff15b7a49add451b65a7f4bdc6ae', '7c1365118771e609b36f9595f774e3ba']",[],[],[],"[{'ssl.version': 'TLSv12', 'ssl.curve': None, 'ssl.cipher': 'TLS_RSA_WITH_AES_128_CBC_SHA', 'ssl.validation_status': None, 'count': 1}]","[{'file.md5s': {'345eff15b7a49add451b65a7f4bdc6ae', '7c1365118771e609b36f9595f774e3ba'}, 'files.source': 'SSL', 'count': 2}]"
199.38.165.28,0x200d1b,Cc2W0g1B0NU9GltzPd,RSTR,11.03426,1197,1622,49705,10,tcp,3442,4021,443,12,ssl,2017-07-06T12:08:12.410007Z,192.168.10.15,0,0,0,1,2,[],[],[],[],[],[],[],['TLSv12'],['TLS_RSA_WITH_AES_128_CBC_SHA'],[None],[None],['SSL'],"['345eff15b7a49add451b65a7f4bdc6ae', '7c1365118771e609b36f9595f774e3ba']",[],[],[],"[{'ssl.version': 'TLSv12', 'ssl.curve': None, 'ssl.cipher': 'TLS_RSA_WITH_AES_128_CBC_SHA', 'ssl.validation_status': None, 'count': 1}]","[{'file.md5s': {'345eff15b7a49add451b65a7f4bdc6ae', '7c1365118771e609b36f9595f774e3ba'}, 'files.source': 'SSL', 'count': 2}]"
199.38.165.28,0x2625b6,CVsvBB2KRK5oJMjbc3,RSTR,11.032446,1197,1582,49709,9,tcp,3298,4415,443,12,ssl,2017-07-06T12:08:12.443941Z,192.168.10.15,0,0,0,1,2,[],[],[],[],[],[],[],['TLSv12'],['TLS_RSA_WITH_AES_128_CBC_SHA'],[None],[None],['SSL'],"['345eff15b7a49add451b65a7f4bdc6ae', '7c1365118771e609b36f9595f774e3ba']",[],[],[],"[{'ssl.version': 'TLSv12', 'ssl.curve': None, 'ssl.cipher': 'TLS_RSA_WITH_AES_128_CBC_SHA', 'ssl.validation_status': None, 'count': 1}]","[{'file.md5s': {'345eff15b7a49add451b65a7f4bdc6ae', '7c1365118771e609b36f9595f774e3ba'}, 'files.source': 'SSL', 'count': 2}]"
