originated_ip,uid,connection.uid,connection.conn_state,connection.duration,connection.orig_bytes,connection.orig_ip_bytes,connection.orig_p,connection.orig_pkts,connection.proto,connection.resp_bytes,connection.resp_ip_bytes,connection.resp_p,connection.resp_pkts,connection.service,connection.ts,responded_ip,dns_count,ssh_count,http_count,ssl_count,files_count,dns_qtype,dns_rcode,ssh_auth_attempts,ssh_host_key,http_method,http_status_code,http_user_agent,ssl_version,ssl_cipher,ssl_curve,ssl_validation_status,files_source,file_md5,dns_dicts,ssh_dicts,http_dicts,ssl_dicts,files_dicts
104.88.51.144,0x18892,CVsmbH1wvO7p0iUNpb,SF,5.791116,599,891,59348,7,tcp,183,475,443,7,ssl,2017-07-06T12:14:57.579701Z,192.168.10.14,0,0,0,1,0,[],[],[],[],[],[],[],['TLSv12'],['TLS_ECDHE_ECDSA_WITH_AES_256_GCM_SHA384'],[None],[None],[],[],[],[],[],"[{'ssl.version': 'TLSv12', 'ssl.curve': None, 'ssl.cipher': 'TLS_ECDHE_ECDSA_WITH_AES_256_GCM_SHA384', 'ssl.validation_status': None, 'count': 1}]",[]
104.88.51.144,0xf443b,Chaaxv1IvDEgbNGPMj,SF,5.791229,599,891,59347,7,tcp,183,475,443,7,ssl,2017-07-06T12:14:57.579582Z,192.168.10.14,0,0,0,1,0,[],[],[],[],[],[],[],['TLSv12'],['TLS_ECDHE_ECDSA_WITH_AES_256_GCM_SHA384'],[None],[None],[],[],[],[],[],"[{'ssl.version': 'TLSv12', 'ssl.curve': None, 'ssl.cipher': 'TLS_ECDHE_ECDSA_WITH_AES_256_GCM_SHA384', 'ssl.validation_status': None, 'count': 1}]",[]
104.88.51.144,0x231a2a,CdmgBuHUmwbfZz9Ma,RSTR,116.365573,3753,4856,59325,27,tcp,7308,8492,443,26,ssl,2017-07-06T12:14:57.023005Z,192.168.10.14,0,0,0,1,2,[],[],[],[],[],[],[],['TLSv12'],['TLS_ECDHE_ECDSA_WITH_AES_256_GCM_SHA384'],[None],[None],['SSL'],"['a5e6b2b38a2a1cdb30925461c083e79e', 'a02589946d09dd16d6da84d04cfc384c']",[],[],[],"[{'ssl.version': 'TLSv12', 'ssl.curve': None, 'ssl.cipher': 'TLS_ECDHE_ECDSA_WITH_AES_256_GCM_SHA384', 'ssl.validation_status': None, 'count': 1}]","[{'file.md5s': {'a5e6b2b38a2a1cdb30925461c083e79e', 'a02589946d09dd16d6da84d04cfc384c'}, 'files.source': 'SSL', 'count': 2}]"
104.88.51.144,0x2dc88a,CMZEV73XgWLvbY9DJ1,SF,116.353087,1237,2180,59324,23,tcp,6466,7450,443,21,ssl,2017-07-06T12:14:57.022668Z,192.168.10.14,0,0,0,1,2,[],[],[],[],[],[],[],['TLSv12'],['TLS_ECDHE_ECDSA_WITH_AES_256_GCM_SHA384'],[None],[None],['SSL'],"['a5e6b2b38a2a1cdb30925461c083e79e', 'a02589946d09dd16d6da84d04cfc384c']",[],[],[],"[{'ssl.version': 'TLSv12', 'ssl.curve': None, 'ssl.cipher': 'TLS_ECDHE_ECDSA_WITH_AES_256_GCM_SHA384', 'ssl.validation_status': None, 'count': 1}]","[{'file.md5s': {'a5e6b2b38a2a1cdb30925461c083e79e', 'a02589946d09dd16d6da84d04cfc384c'}, 'files.source': 'SSL', 'count': 2}]"
