originated_ip,uid,connection.uid,connection.conn_state,connection.duration,connection.orig_bytes,connection.orig_ip_bytes,connection.orig_p,connection.orig_pkts,connection.proto,connection.resp_bytes,connection.resp_ip_bytes,connection.resp_p,connection.resp_pkts,connection.service,connection.ts,responded_ip,dns_count,ssh_count,http_count,ssl_count,files_count,dns_qtype,dns_rcode,ssh_auth_attempts,ssh_host_key,http_method,http_status_code,http_user_agent,ssl_version,ssl_cipher,ssl_curve,ssl_validation_status,files_source,file_md5,dns_dicts,ssh_dicts,http_dicts,ssl_dicts,files_dicts
199.166.0.200,0x310b5,CsUQ9h4HrnIRCfjWK9,SF,0.061861,439,707,44967,5,tcp,343,611,80,5,http,2017-07-06T12:25:13.99842Z,192.168.10.17,0,0,1,0,1,[],[],[],[],['GET'],[200],[None],[],[],[],[],['HTTP'],['ac1448ef3f5171c2bb582f4a3d6fd968'],[],[],"[{'http.method': 'GET', 'http.user_agent': None, 'http.status_code': 200, 'count': 1}]",[],"[{'file.md5s': {'ac1448ef3f5171c2bb582f4a3d6fd968'}, 'files.source': 'HTTP', 'count': 1}]"
199.166.0.200,0xab134,COFwLsORXdq8lh2X4,SF,0.13513,943,1735,49314,15,tcp,5782,6350,443,11,ssl,2017-07-06T12:20:03.074133Z,192.168.10.25,0,0,0,1,4,[],[],[],[],[],[],[],['TLSv10'],['TLS_RSA_WITH_AES_128_CBC_SHA'],[None],[None],['SSL'],"['1d3554048578b03f42424dbf20730a3f', 'e0b2d2f9d84be82d6f9daa7c1aefd32a', '83e10465b722ef33ff0b6f535e8d996b', '1edaf9ae99ce2920667d0e9a8b3f8c9c']",[],[],[],"[{'ssl.version': 'TLSv10', 'ssl.curve': None, 'ssl.cipher': 'TLS_RSA_WITH_AES_128_CBC_SHA', 'ssl.validation_status': None, 'count': 1}]","[{'file.md5s': {'1d3554048578b03f42424dbf20730a3f', 'e0b2d2f9d84be82d6f9daa7c1aefd32a', '83e10465b722ef33ff0b6f535e8d996b', '1edaf9ae99ce2920667d0e9a8b3f8c9c'}, 'files.source': 'SSL', 'count': 4}]"
199.166.0.200,0xdbe2d,C3Ghv51JpsmORcLMN8,SF,0.117284,895,1635,49304,14,tcp,6038,6606,443,11,ssl,2017-07-06T12:20:02.910333Z,192.168.10.25,0,0,0,1,4,[],[],[],[],[],[],[],['TLSv10'],['TLS_RSA_WITH_AES_128_CBC_SHA'],[None],[None],['SSL'],"['1d3554048578b03f42424dbf20730a3f', 'e0b2d2f9d84be82d6f9daa7c1aefd32a', '83e10465b722ef33ff0b6f535e8d996b', '1edaf9ae99ce2920667d0e9a8b3f8c9c']",[],[],[],"[{'ssl.version': 'TLSv10', 'ssl.curve': None, 'ssl.cipher': 'TLS_RSA_WITH_AES_128_CBC_SHA', 'ssl.validation_status': None, 'count': 1}]","[{'file.md5s': {'1d3554048578b03f42424dbf20730a3f', 'e0b2d2f9d84be82d6f9daa7c1aefd32a', '83e10465b722ef33ff0b6f535e8d996b', '1edaf9ae99ce2920667d0e9a8b3f8c9c'}, 'files.source': 'SSL', 'count': 4}]"
199.166.0.200,0xf4423,CJ7fEv3XlhLZLNt0u4,SF,0.049072,439,707,44317,5,tcp,349,617,80,5,http,2017-07-06T12:08:09.222276Z,192.168.10.17,0,0,1,0,1,[],[],[],[],['GET'],[200],[None],[],[],[],[],['HTTP'],['dbcf53681a535af37f4e4942d4dd2a41'],[],[],"[{'http.method': 'GET', 'http.user_agent': None, 'http.status_code': 200, 'count': 1}]",[],"[{'file.md5s': {'dbcf53681a535af37f4e4942d4dd2a41'}, 'files.source': 'HTTP', 'count': 1}]"
