responded_ip,connection.uid,connection.conn_state,connection.duration,connection.orig_bytes,connection.orig_ip_bytes,connection.orig_p,connection.orig_pkts,connection.proto,connection.resp_bytes,connection.resp_ip_bytes,connection.resp_p,connection.resp_pkts,connection.service,connection.ts,originated_ip
104.96.136.91,CgB273363D1b5njlnh,RSTO,9.63516,1150,1362,50696,5,tcp,187,319,80,3,http,2019-03-19T15:58:19.220425Z,10.4.2.24
104.96.136.91,C0Zpdd18iiK3v6cmf1,RSTO,7.185445,0,132,49658,3,tcp,0,52,80,1,,2019-03-19T15:11:49.682861Z,10.4.2.23
104.96.136.91,Cc5uvN2incFqZ6P097,RSTO,9.635726,0,132,50697,3,tcp,0,52,80,1,,2019-03-19T15:58:19.2204Z,10.4.2.24
104.96.136.91,CKPj3asyraAL5Bx6,RSTO,7.184483,1090,1302,49659,5,tcp,187,319,80,3,http,2019-03-19T15:11:49.682885Z,10.4.2.23
