responded_ip,connection.uid,connection.conn_state,connection.duration,connection.orig_bytes,connection.orig_ip_bytes,connection.orig_p,connection.orig_pkts,connection.proto,connection.resp_bytes,connection.resp_ip_bytes,connection.resp_p,connection.resp_pkts,connection.service,connection.ts,originated_ip
104.28.12.54,CQdhbn3tT1Us4pTF4d,RSTO,45.190691,427,943,49270,12,tcp,4652,6404,443,9,ssl,2019-03-19T10:36:22.52035Z,10.1.4.46
104.28.12.54,CDoWvf1toHKq43Gywl,SF,773.994019,1218,2525,50706,32,tcp,2165,3837,443,37,ssl,2019-03-19T11:06:42.062526Z,10.1.4.46
104.28.12.54,C5lMgA3D2LzHz4alme,RSTO,45.19394,683,1215,49269,13,tcp,5334,5666,443,8,ssl,2019-03-19T10:36:22.520275Z,10.1.4.46
104.28.12.54,COiRKt4S2rirohEXn2,SF,645.957043,1219,2362,50871,28,tcp,2186,3742,443,35,ssl,2019-03-19T11:24:01.086289Z,10.1.4.46
