responded_ip,connection.uid,connection.conn_state,connection.duration,connection.orig_bytes,connection.orig_ip_bytes,connection.orig_p,connection.orig_pkts,connection.proto,connection.resp_bytes,connection.resp_ip_bytes,connection.resp_p,connection.resp_pkts,connection.service,connection.ts,originated_ip
104.103.72.9,CQ4q0Y1KHdyT6mkyU7,SF,43.966202,459,913,57996,12,tcp,6554,7006,443,11,ssl,2019-03-19T14:16:25.01711Z,10.4.4.43
104.103.72.9,CruIqF1Xpo06hDHvub,SF,42.308672,987,1479,58024,12,tcp,1396,1654,443,9,ssl,2019-03-19T14:17:24.778982Z,10.4.4.43
104.103.72.9,Cn2VPp41ui0UrPUTG1,SF,40.160974,987,1559,58286,14,tcp,1394,1846,443,11,ssl,2019-03-19T14:28:21.965187Z,10.4.4.43
104.103.72.9,CHR6XO1gN6eZR9FPKb,SF,44.01139,868,1560,57995,17,tcp,7726,8338,443,15,ssl,2019-03-19T14:16:25.016845Z,10.4.4.43
