responded_ip,connection.uid,connection.conn_state,connection.duration,connection.orig_bytes,connection.orig_ip_bytes,connection.orig_p,connection.orig_pkts,connection.proto,connection.resp_bytes,connection.resp_ip_bytes,connection.resp_p,connection.resp_pkts,connection.service,connection.ts,originated_ip
104.18.98.194,CUHmyKhVRGSHqQa11,SH,0.0,0,40,55168,1,tcp,0,0,80,0,,2019-03-19T15:56:36.142322Z,9.66.44.14
104.18.98.194,CAUM5W8k7itHPBol5,SF,105.838009,494,746,55169,6,tcp,410,582,80,4,http,2019-03-19T15:54:40.985196Z,9.66.44.14
104.18.98.194,ClKEGA3VhDTFnOUSff,SF,105.824672,0,332,55168,8,tcp,0,92,80,2,,2019-03-19T15:54:40.985006Z,9.66.44.14
104.18.98.194,CmrkKY17A3LtvM1UCg,OTH,0.0,0,40,55168,1,tcp,0,0,80,0,,2019-03-19T15:56:45.751712Z,9.66.44.14
