responded_ip,connection.uid,connection.conn_state,connection.duration,connection.orig_bytes,connection.orig_ip_bytes,connection.orig_p,connection.orig_pkts,connection.proto,connection.resp_bytes,connection.resp_ip_bytes,connection.resp_p,connection.resp_pkts,connection.service,connection.ts,originated_ip
104.19.197.151,CnXs1x4YdrIgu3cwEk,SF,5.465505,635,975,36592,8,tcp,354,172,443,4,ssl,2019-03-19T16:03:15.524308Z,10.2.4.49
104.19.197.151,C3HKrI2UTWNXJhRff9,SF,129.875171,1209,2429,36568,30,tcp,9373,10265,443,22,ssl,2019-03-19T16:03:08.106285Z,10.2.4.49
104.19.197.151,CQDTde4wI98n8nr4c9,SF,125.431116,1183,2483,59396,32,tcp,8324,9376,443,26,ssl,2019-03-19T12:16:47.142051Z,10.2.4.49
104.19.197.151,CjtOIX24dKQK0Gu7M5,S2,5.7359,635,975,36714,8,tcp,160,331,443,4,ssl,2019-03-19T16:03:37.897237Z,10.2.4.49
