responded_ip,connection.uid,connection.conn_state,connection.duration,connection.orig_bytes,connection.orig_ip_bytes,connection.orig_p,connection.orig_pkts,connection.proto,connection.resp_bytes,connection.resp_ip_bytes,connection.resp_p,connection.resp_pkts,connection.service,connection.ts,originated_ip
10.1.4.49,Cr7I5u4fE7i2cAKGw6,S0,0.0,0,76,123,1,udp,0,0,123,0,ntp,2019-03-19T13:35:16.360534Z,5.1.56.123
10.1.4.49,Cr7FMp3EZjui59heOd,S0,0.0,0,76,123,1,udp,0,0,123,0,ntp,2019-03-19T10:37:01.095587Z,195.113.144.201
10.1.4.49,CizHpEP9HsCrod805,S0,0.0,0,76,123,1,udp,0,0,123,0,ntp,2019-03-19T13:04:27.098684Z,147.251.48.140
10.1.4.49,Cr3CCn1kkeDGCzRd89,S0,0.0,0,76,123,1,udp,0,0,123,0,ntp,2019-03-19T11:53:09.092646Z,147.251.48.140
