responded_ip,connection.uid,connection.conn_state,connection.duration,connection.orig_bytes,connection.orig_ip_bytes,connection.orig_p,connection.orig_pkts,connection.proto,connection.resp_bytes,connection.resp_ip_bytes,connection.resp_p,connection.resp_pkts,connection.service,connection.ts,originated_ip
104.24.10.25,CRxyjD3vFLcNxZifx,SF,116.71038,949,2209,34986,31,tcp,24071,25123,443,26,ssl,2019-03-19T13:17:20.663448Z,10.2.4.49
104.24.10.25,Cv5hfs2UpZRhiTwLE6,SF,11.766279,364,904,34998,13,tcp,5097,5349,443,6,ssl,2019-03-19T13:17:20.664964Z,10.2.4.49
104.24.10.25,CShBNW3dexgyIh3IIc,SF,117.714694,930,5290,34984,91,tcp,52332,95978,443,52,ssl,2019-03-19T13:17:20.663182Z,10.2.4.49
104.24.10.25,CFNLts8mbpLmeN683,S3,117.713784,930,2358,34988,36,tcp,26262,27354,443,27,ssl,2019-03-19T13:17:20.663998Z,10.2.4.49
