responded_ip,connection.uid,connection.conn_state,connection.duration,connection.orig_bytes,connection.orig_ip_bytes,connection.orig_p,connection.orig_pkts,connection.proto,connection.resp_bytes,connection.resp_ip_bytes,connection.resp_p,connection.resp_pkts,connection.service,connection.ts,originated_ip
104.17.212.204,CpQmCb37Uty46pgsH4,RSTO,28.754976,424,888,51637,11,tcp,4091,4383,443,7,ssl,2019-03-19T14:23:44.005209Z,10.4.4.46
104.17.212.204,CDqPUvkDeiID4MLUe,S3,106.576232,663,1154,58528,12,tcp,5125,5577,443,11,ssl,2019-03-19T15:58:22.550107Z,10.1.4.43
104.17.212.204,CFBl7r4cr5s29dGBK,S3,106.575861,425,888,58529,11,tcp,4062,4394,443,8,ssl,2019-03-19T15:58:22.550137Z,10.1.4.43
104.17.212.204,CDFePXZpC7VDD51bk,RSTO,28.753281,663,1207,51638,13,tcp,5131,5543,443,10,ssl,2019-03-19T14:23:44.006537Z,10.4.4.46
