responded_ip,connection.uid,connection.conn_state,connection.duration,connection.orig_bytes,connection.orig_ip_bytes,connection.orig_p,connection.orig_pkts,connection.proto,connection.resp_bytes,connection.resp_ip_bytes,connection.resp_p,connection.resp_pkts,connection.service,connection.ts,originated_ip
13.32.24.138,Cvu9rt2mopTBhmoKxg,SF,4.352999,440,760,54014,6,tcp,970,1186,80,4,http,2019-03-19T10:39:38.343749Z,10.3.4.49
13.32.24.138,C5Mzch1ia4bsZyEnAh,SF,115.83024,440,1332,33402,17,tcp,971,1759,80,15,http,2019-03-19T14:48:08.2188Z,10.3.4.45
13.32.24.138,CPEpIU25tjGgUHuyde,SF,108.204945,482,774,50309,7,tcp,1963,2175,80,5,http,2019-03-19T14:26:17.058943Z,10.4.2.24
13.32.24.138,Cl7JQP2jvR1yPJ7e16,SF,4.352679,0,216,54016,4,tcp,0,112,80,2,,2019-03-19T10:39:38.343792Z,10.3.4.49
