responded_ip,connection.uid,connection.conn_state,connection.duration,connection.orig_bytes,connection.orig_ip_bytes,connection.orig_p,connection.orig_pkts,connection.proto,connection.resp_bytes,connection.resp_ip_bytes,connection.resp_p,connection.resp_pkts,connection.service,connection.ts,originated_ip
151.101.37.108,CJ7Vlv2s2pYZmjQ3xb,SF,108.23963,0,172,49292,4,tcp,0,92,80,2,,2019-03-19T15:54:38.600336Z,9.66.44.14
151.101.37.108,CvCCFT1dNdnaEPhqhc,SF,108.239391,1229,2173,49293,21,tcp,32230,35642,80,16,http,2019-03-19T15:54:38.600619Z,9.66.44.14
151.101.37.108,Cn349d295bESnXFkdh,SF,110.308843,422,910,49272,11,tcp,17467,18272,80,8,http,2019-03-19T15:54:36.536493Z,9.66.44.14
151.101.37.108,CQDe9Z2hgowKc6dR3j,SF,110.309357,724,1692,49271,23,tcp,48782,50974,80,20,http,2019-03-19T15:54:36.536465Z,9.66.44.14
