responded_ip,connection.uid,connection.conn_state,connection.duration,connection.orig_bytes,connection.orig_ip_bytes,connection.orig_p,connection.orig_pkts,connection.proto,connection.resp_bytes,connection.resp_ip_bytes,connection.resp_p,connection.resp_pkts,connection.service,connection.ts,originated_ip
104.96.130.8,CtflKvFIaIlLxPBnl,SF,61.679198,2478,2970,50322,12,tcp,7305,7797,443,12,,2019-03-19T14:26:17.746993Z,10.4.2.24
104.96.130.8,CYbdLx20vw16OE4SW3,SF,60.702123,1644,1976,50336,8,tcp,1269,1561,443,7,ssl,2019-03-19T14:26:18.723804Z,10.4.2.24
104.96.130.8,CDnRRD2heqvTfxS49e,SF,61.679018,752,1084,50323,8,tcp,6571,6943,443,9,,2019-03-19T14:26:17.747263Z,10.4.2.24
104.96.130.8,ClWt5s3mnmxgNeJ0I6,SF,326.496325,61620,66545,50337,160,tcp,50425,54207,443,159,ssl,2019-03-19T14:26:18.775344Z,10.4.2.24
