responded_ip,connection.uid,connection.conn_state,connection.duration,connection.orig_bytes,connection.orig_ip_bytes,connection.orig_p,connection.orig_pkts,connection.proto,connection.resp_bytes,connection.resp_ip_bytes,connection.resp_p,connection.resp_pkts,connection.service,connection.ts,originated_ip
151.101.194.49,CwlgpLq1L4Mu6ROek,SF,103.141377,1011,1423,49960,10,tcp,8025,8357,443,8,ssl,2019-03-19T14:24:40.822234Z,10.2.2.24
151.101.194.49,C4uDeB2XBbGHycIORj,SF,0.043607,517,729,62818,5,tcp,6798,6970,443,4,ssl,2019-03-19T15:53:04.395907Z,10.3.3.32
151.101.194.49,C3IRB6riVafkWvsHi,SF,60.215173,735,4395,33692,64,tcp,140804,146424,443,29,ssl,2019-03-19T12:08:56.611092Z,10.4.4.48
151.101.194.49,Cz9ieW28abXooWu6v2,RSTO,103.128248,382,714,49959,8,tcp,7135,7307,443,4,ssl,2019-03-19T14:24:40.822213Z,10.2.2.24
