responded_ip,connection.uid,connection.conn_state,connection.duration,connection.orig_bytes,connection.orig_ip_bytes,connection.orig_p,connection.orig_pkts,connection.proto,connection.resp_bytes,connection.resp_ip_bytes,connection.resp_p,connection.resp_pkts,connection.service,connection.ts,originated_ip
13.32.118.52,CmJwBZ1DapBNp032a4,S3,240.062898,1001,1573,51129,14,tcp,1873,2405,443,13,ssl,2019-03-19T12:36:53.79474Z,10.4.4.47
13.32.118.52,CMbdV42NekOI1Eokad,S3,241.131945,883,1455,61191,14,tcp,6952,7564,443,15,ssl,2019-03-19T16:00:00.072813Z,10.5.4.43
13.32.118.52,CvoJY610SPmjNmOw45,SF,240.199415,883,1615,50832,18,tcp,6951,7603,443,16,ssl,2019-03-19T11:53:09.305123Z,10.3.4.47
13.32.118.52,CKhpwC38eU9pAvLUz,S1,0.059738,999,1531,52207,13,tcp,1794,2246,443,11,ssl,2019-03-19T16:07:09.048969Z,10.3.4.47
