responded_ip,connection.uid,connection.conn_state,connection.duration,connection.orig_bytes,connection.orig_ip_bytes,connection.orig_p,connection.orig_pkts,connection.proto,connection.resp_bytes,connection.resp_ip_bytes,connection.resp_p,connection.resp_pkts,connection.service,connection.ts,originated_ip
13.32.24.107,CIg2882D9x2oaOp8Fd,SF,215.727233,883,1495,50104,15,tcp,6846,7338,443,12,ssl,2019-03-19T10:53:30.382157Z,10.1.4.46
13.32.24.107,CuDVX6V52BmBBVao9,RSTO,44.2622,585,997,50761,10,tcp,221,433,443,5,ssl,2019-03-19T11:48:07.161407Z,10.3.4.47
13.32.24.107,CEXB5L1oOCmvc4jYk9,S3,240.778493,883,1455,57125,14,tcp,6953,7525,443,14,ssl,2019-03-19T14:33:28.924473Z,10.1.4.43
13.32.24.107,CYvc8e2CtdGH6srVQ8,S3,240.285273,883,1495,50587,15,tcp,6922,7494,443,14,ssl,2019-03-19T11:01:57.291924Z,10.3.4.47
