responded_ip,connection.uid,connection.conn_state,connection.duration,connection.orig_bytes,connection.orig_ip_bytes,connection.orig_p,connection.orig_pkts,connection.proto,connection.resp_bytes,connection.resp_ip_bytes,connection.resp_p,connection.resp_pkts,connection.service,connection.ts,originated_ip
10.2.4.44,Cp1WeH2JGJmpiR90z3,S0,0.0,0,76,123,1,udp,0,0,123,0,ntp,2019-03-19T13:31:23.581453Z,147.231.100.5
10.2.4.44,CBR2RF2Z8nmbZMce47,S0,0.0,0,76,123,1,udp,0,0,123,0,ntp,2019-03-19T13:59:43.58009Z,147.231.100.5
10.2.4.44,CXnTaJ22NFsO2xGkz8,S0,0.0,0,76,123,1,udp,0,0,123,0,ntp,2019-03-19T14:53:04.587244Z,147.231.100.5
10.2.4.44,CIimRK1R6gcpapUiXd,S0,0.0,0,76,123,1,udp,0,0,123,0,ntp,2019-03-19T13:04:19.618269Z,91.189.94.4
