responded_ip,connection.uid,connection.conn_state,connection.duration,connection.orig_bytes,connection.orig_ip_bytes,connection.orig_p,connection.orig_pkts,connection.proto,connection.resp_bytes,connection.resp_ip_bytes,connection.resp_p,connection.resp_pkts,connection.service,connection.ts,originated_ip
13.32.24.142,CVqGYe1PjZWtHPjvc8,RSTO,45.166171,344,510,49283,7,tcp,5229,5183,443,5,ssl,2019-03-19T10:36:22.546515Z,10.1.4.46
13.32.24.142,CM3GbA327bLYxqGV98,SF,372.567023,1411,1592,51034,17,tcp,1948,1787,443,16,,2019-03-19T11:41:00.144321Z,10.1.4.46
13.32.24.142,Cx2JeY1Mxedxsxqrr2,RSTO,232.067959,990,1487,51092,12,tcp,1019,1491,443,10,ssl,2019-03-19T11:47:13.113356Z,10.1.4.46
13.32.24.142,Cm2Zen1FrtC36WvzLc,RSTO,45.165841,771,510,49284,7,tcp,6066,5980,443,4,ssl,2019-03-19T10:36:22.546535Z,10.1.4.46
