responded_ip,connection.uid,connection.conn_state,connection.duration,connection.orig_bytes,connection.orig_ip_bytes,connection.orig_p,connection.orig_pkts,connection.proto,connection.resp_bytes,connection.resp_ip_bytes,connection.resp_p,connection.resp_pkts,connection.service,connection.ts,originated_ip
13.32.121.19,CgLymuxM0RnXwOXAl,SH,0.0,0,40,49288,1,tcp,0,0,80,0,,2019-03-19T15:56:36.142378Z,9.66.44.14
13.32.121.19,CuTB5XL6OHuwNuivh,SF,108.4408,320,808,49284,11,tcp,14623,16415,80,10,http,2019-03-19T15:54:38.385622Z,9.66.44.14
13.32.121.19,CerBORZhJ9k0Qc2P2,OTH,0.0,0,40,49288,1,tcp,0,0,80,0,,2019-03-19T15:56:45.751972Z,9.66.44.14
13.32.121.19,CLMdZV2T0VmdmUOrc5,SF,108.398996,0,332,49288,8,tcp,0,92,80,2,,2019-03-19T15:54:38.420919Z,9.66.44.14
