responded_ip,connection.uid,connection.conn_state,connection.duration,connection.orig_bytes,connection.orig_ip_bytes,connection.orig_p,connection.orig_pkts,connection.proto,connection.resp_bytes,connection.resp_ip_bytes,connection.resp_p,connection.resp_pkts,connection.service,connection.ts,originated_ip
108.60.199.109,C0vFaU2PRUXUQwTsl4,SF,0.271104,129,449,56490,6,tcp,3248,3568,80,6,http,2019-03-19T14:39:44.010703Z,9.66.44.13
108.60.199.109,ChyLV21rO92DlOIh62,SF,0.268972,120,388,46760,5,tcp,308,576,80,5,http,2019-03-19T13:25:32.546238Z,9.66.55.13
108.60.199.109,CBvTKtgpJ4FYnDHK2,SF,0.26818,120,388,56460,5,tcp,308,576,80,5,http,2019-03-19T14:39:43.430956Z,9.66.44.13
108.60.199.109,CZjhalSz8WcckYNOe,SF,0.284834,129,461,46778,6,tcp,3248,3516,80,5,http,2019-03-19T13:25:33.017906Z,9.66.55.13
