responded_ip,connection.uid,connection.conn_state,connection.duration,connection.orig_bytes,connection.orig_ip_bytes,connection.orig_p,connection.orig_pkts,connection.proto,connection.resp_bytes,connection.resp_ip_bytes,connection.resp_p,connection.resp_pkts,connection.service,connection.ts,originated_ip
104.24.11.25,C7JVEl2pXPqM4Jjbg3,SF,124.412919,2544,4764,44656,55,tcp,45352,46844,443,37,ssl,2019-03-19T13:17:11.960387Z,10.2.4.49
104.24.11.25,CWpQeS35TQN2EZRmq6,SF,6.914401,635,975,44662,8,tcp,159,411,443,6,ssl,2019-03-19T13:17:11.961891Z,10.2.4.49
104.24.11.25,CpD6a3111nKKp6kUN5,SF,6.916452,635,975,44660,8,tcp,159,411,443,6,ssl,2019-03-19T13:17:11.961061Z,10.2.4.49
104.24.11.25,CotKp02ZKBa4F1zhke,SF,173.669776,8855,21633,44654,294,tcp,310885,291808,443,165,ssl,2019-03-19T13:17:11.154195Z,10.2.4.49
