responded_ip,connection.uid,connection.conn_state,connection.duration,connection.orig_bytes,connection.orig_ip_bytes,connection.orig_p,connection.orig_pkts,connection.proto,connection.resp_bytes,connection.resp_ip_bytes,connection.resp_p,connection.resp_pkts,connection.service,connection.ts,originated_ip
142.44.139.233,CshvEx2QpfvphCyxNk,SF,0.108987,118,146,63605,1,udp,304,332,443,1,,2019-03-19T14:32:57.752628Z,10.2.2.24
142.44.139.233,CkQfm13U7sgC5KKD6b,SF,0.811733,120,332,50230,5,tcp,306,518,53,5,,2019-03-19T14:32:58.879203Z,10.2.2.24
142.44.139.233,C6f9Wa1OAb1iv8YEY8,SF,0.109308,39,67,56506,1,udp,176,204,53,1,dns,2019-03-19T14:32:57.64749Z,10.2.2.24
142.44.139.233,CoLwGX47kG6rngdQ,SF,0.11141,39,67,56502,1,udp,176,204,443,1,,2019-03-19T14:32:57.637976Z,10.2.2.24
