responded_ip,connection.uid,connection.conn_state,connection.duration,connection.orig_bytes,connection.orig_ip_bytes,connection.orig_p,connection.orig_pkts,connection.proto,connection.resp_bytes,connection.resp_ip_bytes,connection.resp_p,connection.resp_pkts,connection.service,connection.ts,originated_ip
13.32.28.189,CNq7la4c35Opr32Pq9,SF,104.432724,950,1414,50216,11,tcp,4691,4983,443,7,ssl,2019-03-19T14:25:50.231028Z,10.4.2.24
13.32.28.189,CjPiXH3u5CupPxNC47,SF,115.209451,758,1922,51668,22,tcp,4616,5560,443,18,ssl,2019-03-19T14:21:49.149677Z,10.4.4.48
13.32.28.189,C6wYm63vu6ItSEu5Oc,OTH,2.3e-05,0,80,50217,2,tcp,0,0,443,0,,2019-03-19T14:27:34.652173Z,10.0.2.24
13.32.28.189,CaIZJi1Tii15tXSljf,S3,30.025008,385,677,50217,7,tcp,4211,4463,443,6,ssl,2019-03-19T14:25:50.231048Z,10.4.2.24
