responded_ip,connection.uid,connection.conn_state,connection.duration,connection.orig_bytes,connection.orig_ip_bytes,connection.orig_p,connection.orig_pkts,connection.proto,connection.resp_bytes,connection.resp_ip_bytes,connection.resp_p,connection.resp_pkts,connection.service,connection.ts,originated_ip
13.107.128.254,CaMOv74whF9y3C2XA7,RSTR,0.033778,208,420,49823,5,tcp,5548,5800,443,6,ssl,2019-03-19T15:43:31.556453Z,10.1.4.42
13.107.128.254,CzC5K939wLlrOVdO2h,RSTR,0.054108,208,420,49822,5,tcp,5548,5760,443,5,ssl,2019-03-19T15:43:31.503213Z,10.1.4.42
13.107.128.254,CCN9fi186SUMAZXtF3,RSTR,0.037054,208,420,60508,5,tcp,5548,5760,443,5,ssl,2019-03-19T16:09:16.385Z,10.4.4.42
13.107.128.254,CIUWha4VbSh52V8QN,RSTR,0.045357,208,460,60509,6,tcp,5548,5760,443,5,ssl,2019-03-19T16:09:16.422429Z,10.4.4.42
