responded_ip,connection.uid,connection.conn_state,connection.duration,connection.orig_bytes,connection.orig_ip_bytes,connection.orig_p,connection.orig_pkts,connection.proto,connection.resp_bytes,connection.resp_ip_bytes,connection.resp_p,connection.resp_pkts,connection.service,connection.ts,originated_ip
13.32.24.32,CjjNKk2NDAwPOxnN62,SF,108.41187,254,506,50306,6,tcp,2004,2176,80,4,http,2019-03-19T14:26:16.854623Z,10.4.2.24
13.32.24.32,CxLTgp3jWjGGTm9f1l,SF,108.516862,249,501,50301,6,tcp,2126,2298,80,4,http,2019-03-19T14:26:16.745163Z,10.4.2.24
13.32.24.32,C51ZLs3JibPnqBn1Qd,SF,108.130313,255,507,50669,6,tcp,2003,2175,80,4,http,2019-03-19T10:15:23.70562Z,10.4.4.46
13.32.24.32,Cp5ZRaV8ChRbE7Ft3,SF,105.069393,254,506,49964,6,tcp,2004,2216,80,5,http,2019-03-19T14:24:40.973796Z,10.2.2.24
