responded_ip,connection.uid,connection.conn_state,connection.duration,connection.orig_bytes,connection.orig_ip_bytes,connection.orig_p,connection.orig_pkts,connection.proto,connection.resp_bytes,connection.resp_ip_bytes,connection.resp_p,connection.resp_pkts,connection.service,connection.ts,originated_ip
172.217.17.238,CXYjDS3MQFocB9QLcg,SF,116.048909,7682,10370,57338,25,tcp,5989,6782,443,20,ssl,2019-03-19T13:16:50.944696Z,10.5.4.48
172.217.17.238,CdgMmt24WnCgfqQ5lb,SF,116.050255,7934,9138,57364,23,tcp,4238,5442,443,23,ssl,2019-03-19T13:47:13.262633Z,10.5.4.48
172.217.17.238,C42Djq2odalspGdYp2,SF,6.177333,369,735,41570,10,tcp,3732,3992,443,5,ssl,2019-03-19T13:16:45.583054Z,10.2.4.49
172.217.17.238,CNGryWrI1UwTivgL,SF,116.001511,6128,7378,41568,27,tcp,6771,8003,443,23,ssl,2019-03-19T13:16:45.582688Z,10.2.4.49
