responded_ip,connection.uid,connection.conn_state,connection.duration,connection.orig_bytes,connection.orig_ip_bytes,connection.orig_p,connection.orig_pkts,connection.proto,connection.resp_bytes,connection.resp_ip_bytes,connection.resp_p,connection.resp_pkts,connection.service,connection.ts,originated_ip
151.101.130.49,C4KmEP3i3XkSBoFdod,SF,171.255616,1640,2492,62790,21,tcp,8452,9184,443,18,ssl,2019-03-19T15:53:03.392636Z,10.3.3.32
151.101.130.49,CA7Yvz3BrhA0yNNLFb,RSTO,103.639727,388,760,49920,9,tcp,7504,7676,443,4,ssl,2019-03-19T14:24:40.31709Z,10.2.2.24
151.101.130.49,CAdvsPbMJBlL5OKWc,SF,60.197495,735,7243,53474,119,tcp,140804,149524,443,36,ssl,2019-03-19T12:36:47.776989Z,10.2.4.49
151.101.130.49,CGkNhL1AuhgM0AaxX,SF,0.336061,1646,2258,49922,15,tcp,9007,9499,443,12,ssl,2019-03-19T14:24:40.317735Z,10.2.2.24
