responded_ip,connection.uid,connection.conn_state,connection.duration,connection.orig_bytes,connection.orig_ip_bytes,connection.orig_p,connection.orig_pkts,connection.proto,connection.resp_bytes,connection.resp_ip_bytes,connection.resp_p,connection.resp_pkts,connection.service,connection.ts,originated_ip
173.255.214.53,CS2RO43wZuv4Sbjjxh,SF,0.342106,132,304,50274,4,tcp,941,1101,80,4,http,2019-03-19T14:33:10.589761Z,10.2.2.24
173.255.214.53,CBO7kW3qJLtnfbBuFd,SF,0.386184,1227,1479,50270,6,tcp,2008,2260,80,6,http,2019-03-19T14:33:07.318556Z,10.2.2.24
173.255.214.53,CbCMGo2fz1tZfyZ881,S3,0.375393,132,264,50277,3,tcp,533,705,80,4,http,2019-03-19T14:33:11.353786Z,10.2.2.24
173.255.214.53,CcrM9sbzuD3UfWCN6,SF,2.70277,132,33604,50271,638,tcp,2247881,2114092,80,394,http,2019-03-19T14:33:07.707861Z,10.2.2.24
