responded_ip,connection.uid,connection.conn_state,connection.duration,connection.orig_bytes,connection.orig_ip_bytes,connection.orig_p,connection.orig_pkts,connection.proto,connection.resp_bytes,connection.resp_ip_bytes,connection.resp_p,connection.resp_pkts,connection.service,connection.ts,originated_ip
13.32.24.195,C4445i4oDaqQO9L9i2,SF,108.751401,113,365,50293,6,tcp,1796,1968,80,4,http,2019-03-19T14:26:16.510666Z,10.4.2.24
13.32.24.195,CGbuqG3czKYgKSBjnf,SF,105.443854,113,365,49944,6,tcp,1796,2008,80,5,http,2019-03-19T14:24:40.604279Z,10.2.2.24
13.32.24.195,CWBiTE4zvDwdklouY3,SF,105.431024,113,212,49945,5,tcp,1796,2008,80,5,,2019-03-19T14:24:40.613962Z,10.2.2.24
13.32.24.195,CgTwkgp4VPsCHdeN7,SF,108.75147,113,365,50294,6,tcp,1796,2008,80,5,http,2019-03-19T14:26:16.510677Z,10.4.2.24
