responded_ip,connection.uid,connection.conn_state,connection.duration,connection.orig_bytes,connection.orig_ip_bytes,connection.orig_p,connection.orig_pkts,connection.proto,connection.resp_bytes,connection.resp_ip_bytes,connection.resp_p,connection.resp_pkts,connection.service,connection.ts,originated_ip
140.82.118.3,CCvUwy2RcGJPyYzGK4,SF,87.187862,2559,4535,55072,38,tcp,27649,29009,443,26,ssl,2019-03-19T13:10:37.064235Z,10.2.4.49
140.82.118.3,CsbSrv2LiCzBvdSDnd,RSTO,5.699688,352,816,56336,9,tcp,14592,14912,443,6,ssl,2019-03-19T13:20:22.801184Z,10.2.4.49
140.82.118.3,CZrRrS29hqbIhoH7i7,SF,61.011887,1317,2833,55098,29,tcp,21455,22243,443,15,ssl,2019-03-19T13:12:24.981497Z,10.2.4.49
140.82.118.3,CsZxFx4ovVGdqrTP9j,SF,61.063856,1207,2247,56338,20,tcp,10704,11440,443,14,ssl,2019-03-19T13:20:22.90833Z,10.2.4.49
