responded_ip,connection.uid,connection.conn_state,connection.duration,connection.orig_bytes,connection.orig_ip_bytes,connection.orig_p,connection.orig_pkts,connection.proto,connection.resp_bytes,connection.resp_ip_bytes,connection.resp_p,connection.resp_pkts,connection.service,connection.ts,originated_ip
10.66.3.1,C0tRdxlXj9ZFEQXi6,S0,0.0,0,52,57865,1,tcp,0,0,22,0,,2019-03-19T14:15:32.229582Z,10.3.4.46
10.66.3.1,CwhQEDmGXUJUk69P1,S0,3.022352,0,104,57865,2,tcp,0,0,22,0,,2019-03-19T14:15:23.179948Z,10.3.4.46
10.66.3.1,CLdawKtUjWfg3rN9g,S0,3.02188,0,156,57857,3,tcp,0,0,80,0,,2019-03-19T14:14:41.253224Z,10.3.4.46
10.66.3.1,CNNBsl3nduihrPMqn4,S0,3.023366,0,156,57864,3,tcp,0,0,80,0,,2019-03-19T14:15:11.539193Z,10.3.4.46
