responded_ip,connection.uid,connection.conn_state,connection.duration,connection.orig_bytes,connection.orig_ip_bytes,connection.orig_p,connection.orig_pkts,connection.proto,connection.resp_bytes,connection.resp_ip_bytes,connection.resp_p,connection.resp_pkts,connection.service,connection.ts,originated_ip
13.78.186.254,CCJIFVFBphtcTtp9g,SF,0.772234,605,1149,50311,13,tcp,4473,4845,443,9,ssl,2019-03-19T11:29:01.901467Z,10.6.4.47
13.78.186.254,C8nysF2SxXhATSaYgk,SF,0.787889,609,1205,58013,14,tcp,4473,4805,443,8,ssl,2019-03-19T14:16:50.128093Z,10.4.4.43
13.78.186.254,C2gnAQ20NKRRAzxmik,SF,0.768355,605,1149,51689,13,tcp,4473,4805,443,8,ssl,2019-03-19T10:28:07.8541Z,10.6.4.46
13.78.186.254,CDRLyP2lGwUDrQzx5j,SF,0.768712,605,1097,50400,12,tcp,4473,4805,443,8,ssl,2019-03-19T10:08:16.094724Z,10.3.4.47
