responded_ip,connection.uid,connection.conn_state,connection.duration,connection.orig_bytes,connection.orig_ip_bytes,connection.orig_p,connection.orig_pkts,connection.proto,connection.resp_bytes,connection.resp_ip_bytes,connection.resp_p,connection.resp_pkts,connection.service,connection.ts,originated_ip
173.194.76.189,C9sNKo4PaUVEtDvZ5j,SF,240.200846,1867,2604,52813,18,tcp,5150,6062,443,21,ssl,2019-03-19T13:34:20.826358Z,10.5.2.22
173.194.76.189,CF1z8t1xhwDa9VjJ2l,SF,240.134459,455,503,65099,9,tcp,3419,3779,443,9,,2019-03-19T13:07:57.139843Z,10.5.2.22
173.194.76.189,Ca0qJF3Mp7laiJz0q3,SF,7958.451435,38986,59230,63776,723,udp,102683,125783,443,825,,2019-03-19T13:34:21.527429Z,10.5.2.22
173.194.76.189,Cuv4qz34kAGoWw5lkj,OTH,1499.875039,19840,24921,65100,149,tcp,69345,33896,443,167,,2019-03-19T13:07:57.139833Z,10.5.2.22
