responded_ip,connection.uid,connection.conn_state,connection.duration,connection.orig_bytes,connection.orig_ip_bytes,connection.orig_p,connection.orig_pkts,connection.proto,connection.resp_bytes,connection.resp_ip_bytes,connection.resp_p,connection.resp_pkts,connection.service,connection.ts,originated_ip
104.17.71.176,CTXLqS20jxXG7QS34i,S3,104.812462,683,1334,58555,16,tcp,29842,30574,443,18,ssl,2019-03-19T15:58:24.314092Z,10.1.4.43
104.17.71.176,CdKW153i8cKLMEyiFe,RSTO,25.902395,683,1903,51666,27,tcp,29842,32314,443,27,ssl,2019-03-19T14:23:46.870335Z,10.4.4.46
104.17.71.176,Cba3Zc14IDDScT6gc6,RSTO,25.902167,426,798,51667,9,tcp,3798,4090,443,7,ssl,2019-03-19T14:23:46.871134Z,10.4.4.46
104.17.71.176,CeFmtY2sPFRBQ0Hew,S3,104.809896,427,798,58556,9,tcp,3769,4021,443,6,ssl,2019-03-19T15:58:24.314642Z,10.1.4.43
