responded_ip,connection.uid,connection.conn_state,connection.duration,connection.orig_bytes,connection.orig_ip_bytes,connection.orig_p,connection.orig_pkts,connection.proto,connection.resp_bytes,connection.resp_ip_bytes,connection.resp_p,connection.resp_pkts,connection.service,connection.ts,originated_ip
13.32.24.201,CHGVH14PkoPXiv7198,SF,244.669308,1064,1681,50332,15,tcp,6125,6757,443,14,ssl,2019-03-19T10:58:18.01838Z,10.1.4.46
13.32.24.201,CUbQXV1LViVLYUoXP4,SF,378.488585,1411,1689,50745,17,tcp,1948,1664,443,16,ssl,2019-03-19T11:10:53.214379Z,10.1.4.46
13.32.24.201,CEexlX2Tu7413bb4oa,SF,258.569798,990,1567,51002,14,tcp,1080,1712,443,14,ssl,2019-03-19T11:36:41.128986Z,10.1.4.46
13.32.24.201,CiycsS1a2oXS2il8B1,RSTR,330.09717,1064,1601,49766,13,tcp,6097,6657,443,13,ssl,2019-03-19T11:55:23.766399Z,10.1.4.46
