responded_ip,connection.uid,connection.conn_state,connection.duration,connection.orig_bytes,connection.orig_ip_bytes,connection.orig_p,connection.orig_pkts,connection.proto,connection.resp_bytes,connection.resp_ip_bytes,connection.resp_p,connection.resp_pkts,connection.service,connection.ts,originated_ip
13.32.27.80,C651k51j9sh2LsExZh,SF,116.073168,761,1703,61193,23,tcp,54547,26765,443,19,ssl,2019-03-19T15:03:15.834984Z,10.2.4.43
13.32.27.80,ClhsQx4m7Jf3psqPKk,SF,115.891174,728,1831,54538,27,tcp,54576,55760,443,26,ssl,2019-03-19T11:07:33.667114Z,10.1.4.42
13.32.27.80,CMvgqwV3X171dlE82,SF,115.051761,763,1368,61194,18,tcp,20090,5455,443,18,ssl,2019-03-19T15:03:15.845857Z,10.2.4.43
13.32.27.80,Ctse282aG99zttnrK5,SF,115.890291,730,1713,54539,24,tcp,20089,21073,443,21,ssl,2019-03-19T11:07:33.667932Z,10.1.4.42
