responded_ip,connection.uid,connection.conn_state,connection.duration,connection.orig_bytes,connection.orig_ip_bytes,connection.orig_p,connection.orig_pkts,connection.proto,connection.resp_bytes,connection.resp_ip_bytes,connection.resp_p,connection.resp_pkts,connection.service,connection.ts,originated_ip
13.32.28.167,CsYJKv2xE6QPh2IgF1,SF,115.418625,1853,2876,61059,25,tcp,24104,25076,443,21,ssl,2019-03-19T14:57:47.325046Z,10.2.4.43
13.32.28.167,CgRfl12opzRFWkCGO9,SF,115.80414,1003,1744,61136,18,tcp,10225,11089,443,18,ssl,2019-03-19T15:01:13.222592Z,10.2.4.43
13.32.28.167,CzjEX11Ea9VAYgF1W2,SF,120.174132,3565,4867,54366,32,tcp,38015,39347,443,30,ssl,2019-03-19T10:58:11.39102Z,10.1.4.42
13.32.28.167,CjpLBC3lHc6ggSiD7k,SF,121.043665,3565,4948,60948,34,tcp,37987,39411,443,32,ssl,2019-03-19T14:53:40.601923Z,10.2.4.43
