originated_ip,uid,connection.uid,connection.conn_state,connection.duration,connection.orig_bytes,connection.orig_ip_bytes,connection.orig_p,connection.orig_pkts,connection.proto,connection.resp_bytes,connection.resp_ip_bytes,connection.resp_p,connection.resp_pkts,connection.service,connection.ts,responded_ip,dns_count,ssh_count,http_count,ssl_count,files_count,dns_qtype,dns_rcode,ssh_auth_attempts,ssh_host_key,http_method,http_status_code,http_user_agent,ssl_version,ssl_cipher,ssl_curve,ssl_validation_status,files_source,file_md5,dns_dicts,ssh_dicts,http_dicts,ssl_dicts,files_dicts
172.217.10.42,0x30dd5,CCJtiT3ZwozfeoRw3a,SF,0.221988,501,913,3063,10,tcp,4071,4483,443,10,ssl,2017-07-04T13:09:20.266689Z,192.168.10.9,0,0,0,1,3,[],[],[],[],[],[],[],['TLSv12'],['TLS_ECDHE_RSA_WITH_AES_128_GCM_SHA256'],[None],[None],['SSL'],"['17866ccbd224bd2ff9df48b95118f935', '7e9bfdcd51733f7d70337c2e55d1e219', '2e7db2a31d0e3da4b25f49b9542a2e1a']",[],[],[],"[{'ssl.validation_status': None, 'ssl.cipher': 'TLS_ECDHE_RSA_WITH_AES_128_GCM_SHA256', 'ssl.curve': None, 'ssl.version': 'TLSv12', 'count': 1}]","[{'files.source': 'SSL', 'file.md5s': {'17866ccbd224bd2ff9df48b95118f935', '7e9bfdcd51733f7d70337c2e55d1e219', '2e7db2a31d0e3da4b25f49b9542a2e1a'}, 'count': 3}]"
172.217.10.42,0x16e499,Cs6X5Z2BSLdWo6FnLj,RSTO,0.310828,530,942,51685,10,tcp,4071,4483,443,10,ssl,2017-07-04T13:09:33.60323Z,192.168.10.14,0,0,0,1,3,[],[],[],[],[],[],[],['TLSv12'],['TLS_ECDHE_RSA_WITH_AES_128_GCM_SHA256'],[None],[None],['SSL'],"['17866ccbd224bd2ff9df48b95118f935', '7e9bfdcd51733f7d70337c2e55d1e219', '2e7db2a31d0e3da4b25f49b9542a2e1a']",[],[],[],"[{'ssl.validation_status': None, 'ssl.cipher': 'TLS_ECDHE_RSA_WITH_AES_128_GCM_SHA256', 'ssl.curve': None, 'ssl.version': 'TLSv12', 'count': 1}]","[{'files.source': 'SSL', 'file.md5s': {'17866ccbd224bd2ff9df48b95118f935', '7e9bfdcd51733f7d70337c2e55d1e219', '2e7db2a31d0e3da4b25f49b9542a2e1a'}, 'count': 3}]"
172.217.10.42,0x200baa,CiB5otbgAn26EmBzd,SF,180.904475,971,2343,41976,26,tcp,4945,6139,443,22,ssl,2017-07-04T13:07:35.022007Z,192.168.10.12,0,0,0,1,0,[],[],[],[],[],[],[],['TLSv12'],['TLS_ECDHE_RSA_WITH_AES_128_GCM_SHA256'],[None],[None],[],[],[],[],[],"[{'ssl.validation_status': None, 'ssl.cipher': 'TLS_ECDHE_RSA_WITH_AES_128_GCM_SHA256', 'ssl.curve': None, 'ssl.version': 'TLSv12', 'count': 1}]",[]
172.217.10.42,0x200d62,CaKSVv4PBY3PNLbf81,SF,180.829239,1081,2013,51684,23,tcp,5723,6575,443,21,ssl,2017-07-04T13:09:33.603072Z,192.168.10.14,0,0,0,1,3,[],[],[],[],[],[],[],['TLSv12'],['TLS_ECDHE_RSA_WITH_AES_128_GCM_SHA256'],[None],[None],['SSL'],"['17866ccbd224bd2ff9df48b95118f935', '7e9bfdcd51733f7d70337c2e55d1e219', '2e7db2a31d0e3da4b25f49b9542a2e1a']",[],[],[],"[{'ssl.validation_status': None, 'ssl.cipher': 'TLS_ECDHE_RSA_WITH_AES_128_GCM_SHA256', 'ssl.curve': None, 'ssl.version': 'TLSv12', 'count': 1}]","[{'files.source': 'SSL', 'file.md5s': {'17866ccbd224bd2ff9df48b95118f935', '7e9bfdcd51733f7d70337c2e55d1e219', '2e7db2a31d0e3da4b25f49b9542a2e1a'}, 'count': 3}]"
