originated_ip,uid,connection.uid,connection.conn_state,connection.duration,connection.orig_bytes,connection.orig_ip_bytes,connection.orig_p,connection.orig_pkts,connection.proto,connection.resp_bytes,connection.resp_ip_bytes,connection.resp_p,connection.resp_pkts,connection.service,connection.ts,responded_ip,dns_count,ssh_count,http_count,ssl_count,files_count,dns_qtype,dns_rcode,ssh_auth_attempts,ssh_host_key,http_method,http_status_code,http_user_agent,ssl_version,ssl_cipher,ssl_curve,ssl_validation_status,files_source,file_md5,dns_dicts,ssh_dicts,http_dicts,ssl_dicts,files_dicts
151.101.2.2,0x3116c,Cpuiy61LBCTbHxDwO1,SF,0.303023,558,1322,37708,15,tcp,7119,7699,443,11,ssl,2017-07-04T13:27:51.479977Z,192.168.10.12,0,0,0,1,0,[],[],[],[],[],[],[],['TLSv12'],['TLS_ECDHE_RSA_WITH_AES_128_GCM_SHA256'],[None],[None],[],[],[],[],[],"[{'ssl.validation_status': None, 'ssl.cipher': 'TLS_ECDHE_RSA_WITH_AES_128_GCM_SHA256', 'ssl.curve': None, 'ssl.version': 'TLSv12', 'count': 1}]",[]
151.101.2.2,0x10c954,C2s2AzXM29Qv04Y86,SF,117.625612,5410,6614,55256,23,tcp,3977,5129,80,22,http,2017-07-04T13:06:06.787951Z,192.168.10.19,0,0,1,0,3,[],[],[],[],['POST'],[204],[None],[],[],[],[],['HTTP'],"['acd69fca9aec57b6a4e26556ccc4aff2', '3fa688c65bd1981891b871569fa5021e', '3e34c9b59955340fd3c7206bedbe0dd8']",[],[],"[{'http.status_code': 204, 'http.user_agent': None, 'http.method': 'POST', 'count': 1}]",[],"[{'files.source': 'HTTP', 'file.md5s': {'acd69fca9aec57b6a4e26556ccc4aff2', '3fa688c65bd1981891b871569fa5021e', '3e34c9b59955340fd3c7206bedbe0dd8'}, 'count': 3}]"
151.101.2.2,0x1e87ca,CVxUDd2PZjFXyRaRtb,SF,180.488742,1379,2651,37694,25,tcp,7760,8704,443,18,ssl,2017-07-04T13:27:51.442734Z,192.168.10.12,0,0,0,1,0,[],[],[],[],[],[],[],['TLSv12'],['TLS_ECDHE_RSA_WITH_AES_128_GCM_SHA256'],[None],[None],[],[],[],[],[],"[{'ssl.validation_status': None, 'ssl.cipher': 'TLS_ECDHE_RSA_WITH_AES_128_GCM_SHA256', 'ssl.curve': None, 'ssl.version': 'TLSv12', 'count': 1}]",[]
151.101.2.2,0x27af44,CDZpO92Tp3gfUmPIL2,SF,116.261383,1194,2478,46280,25,tcp,7817,8917,443,21,ssl,2017-07-04T13:28:21.733805Z,192.168.10.17,0,0,0,1,0,[],[],[],[],[],[],[],['TLSv12'],['TLS_ECDHE_RSA_WITH_AES_128_GCM_SHA256'],[None],[None],[],[],[],[],[],"[{'ssl.validation_status': None, 'ssl.cipher': 'TLS_ECDHE_RSA_WITH_AES_128_GCM_SHA256', 'ssl.curve': None, 'ssl.version': 'TLSv12', 'count': 1}]",[]
