originated_ip,uid,connection.uid,connection.conn_state,connection.duration,connection.orig_bytes,connection.orig_ip_bytes,connection.orig_p,connection.orig_pkts,connection.proto,connection.resp_bytes,connection.resp_ip_bytes,connection.resp_p,connection.resp_pkts,connection.service,connection.ts,responded_ip,dns_count,ssh_count,http_count,ssl_count,files_count,dns_qtype,dns_rcode,ssh_auth_attempts,ssh_host_key,http_method,http_status_code,http_user_agent,ssl_version,ssl_cipher,ssl_curve,ssl_validation_status,files_source,file_md5,dns_dicts,ssh_dicts,http_dicts,ssl_dicts,files_dicts
173.194.61.91,0x7a44c,CTqby63gtBK7OiSvGe,RSTR,0.274089,1245,1737,3415,12,tcp,15970,16462,443,12,ssl,2017-07-04T13:22:58.911599Z,192.168.10.9,0,0,0,1,3,[],[],[],[],[],[],[],['TLSv12'],['TLS_ECDHE_RSA_WITH_AES_128_GCM_SHA256'],[None],[None],['SSL'],"['17866ccbd224bd2ff9df48b95118f935', '736cb1415ffedf2a5868c1c6ad36fd27', '2e7db2a31d0e3da4b25f49b9542a2e1a']",[],[],[],"[{'ssl.validation_status': None, 'ssl.cipher': 'TLS_ECDHE_RSA_WITH_AES_128_GCM_SHA256', 'ssl.curve': None, 'ssl.version': 'TLSv12', 'count': 1}]","[{'files.source': 'SSL', 'file.md5s': {'17866ccbd224bd2ff9df48b95118f935', '736cb1415ffedf2a5868c1c6ad36fd27', '2e7db2a31d0e3da4b25f49b9542a2e1a'}, 'count': 3}]"
173.194.61.91,0x19f46a,CimlQi46fBvcZSoVwd,SF,1.194185,1510,16042,3428,363,tcp,1127129,1154581,443,686,ssl,2017-07-04T13:22:59.156432Z,192.168.10.9,0,0,0,1,0,[],[],[],[],[],[],[],['TLSv12'],['TLS_ECDHE_RSA_WITH_AES_128_GCM_SHA256'],[None],[None],[],[],[],[],[],"[{'ssl.validation_status': None, 'ssl.cipher': 'TLS_ECDHE_RSA_WITH_AES_128_GCM_SHA256', 'ssl.curve': None, 'ssl.version': 'TLSv12', 'count': 1}]",[]
173.194.61.91,0x1b7a59,CzTyAp3bczv9uBeKSc,RSTO,0.221074,1275,2567,3416,32,tcp,120964,124216,443,81,ssl,2017-07-04T13:22:58.911696Z,192.168.10.9,0,0,0,1,3,[],[],[],[],[],[],[],['TLSv12'],['TLS_ECDHE_RSA_WITH_AES_128_GCM_SHA256'],[None],[None],['SSL'],"['17866ccbd224bd2ff9df48b95118f935', '736cb1415ffedf2a5868c1c6ad36fd27', '2e7db2a31d0e3da4b25f49b9542a2e1a']",[],[],[],"[{'ssl.validation_status': None, 'ssl.cipher': 'TLS_ECDHE_RSA_WITH_AES_128_GCM_SHA256', 'ssl.curve': None, 'ssl.version': 'TLSv12', 'count': 1}]","[{'files.source': 'SSL', 'file.md5s': {'17866ccbd224bd2ff9df48b95118f935', '736cb1415ffedf2a5868c1c6ad36fd27', '2e7db2a31d0e3da4b25f49b9542a2e1a'}, 'count': 3}]"
173.194.61.91,0x1e88e3,CU5rpn4kudUimYtOI4,RSTR,0.472726,1516,1808,3464,7,tcp,453,785,443,8,ssl,2017-07-04T13:23:00.486701Z,192.168.10.9,0,0,0,1,0,[],[],[],[],[],[],[],['TLSv12'],['TLS_ECDHE_RSA_WITH_AES_128_GCM_SHA256'],[None],[None],[],[],[],[],[],"[{'ssl.validation_status': None, 'ssl.cipher': 'TLS_ECDHE_RSA_WITH_AES_128_GCM_SHA256', 'ssl.curve': None, 'ssl.version': 'TLSv12', 'count': 1}]",[]
