originated_ip,uid,connection.uid,connection.conn_state,connection.duration,connection.orig_bytes,connection.orig_ip_bytes,connection.orig_p,connection.orig_pkts,connection.proto,connection.resp_bytes,connection.resp_ip_bytes,connection.resp_p,connection.resp_pkts,connection.service,connection.ts,responded_ip,dns_count,ssh_count,http_count,ssl_count,files_count,dns_qtype,dns_rcode,ssh_auth_attempts,ssh_host_key,http_method,http_status_code,http_user_agent,ssl_version,ssl_cipher,ssl_curve,ssl_validation_status,files_source,file_md5,dns_dicts,ssh_dicts,http_dicts,ssl_dicts,files_dicts
106.11.94.6,0x61c99,C5b1Tg3scCXFzkPgqh,SF,6.469944,350,722,52681,9,tcp,3603,3895,443,7,ssl,2017-07-04T13:17:50.156656Z,192.168.10.15,0,0,0,1,2,[],[],[],[],[],[],[],['TLSv12'],['TLS_ECDHE_RSA_WITH_AES_128_GCM_SHA256'],[None],[None],['SSL'],"['d3e8706d8292ace4ddebf7a8bbbd566b', '1ce0f6a9e14b3c88e0931166e6a121c4']",[],[],[],"[{'ssl.validation_status': None, 'ssl.cipher': 'TLS_ECDHE_RSA_WITH_AES_128_GCM_SHA256', 'ssl.curve': None, 'ssl.version': 'TLSv12', 'count': 1}]","[{'files.source': 'SSL', 'file.md5s': {'d3e8706d8292ace4ddebf7a8bbbd566b', '1ce0f6a9e14b3c88e0931166e6a121c4'}, 'count': 2}]"
106.11.94.6,0x16e566,Cx73q8sy1CDKxOjth,SF,5.902027,666,1038,52680,9,tcp,4087,4499,443,10,ssl,2017-07-04T13:17:50.156537Z,192.168.10.15,0,0,0,1,2,[],[],[],[],[],[],[],['TLSv12'],['TLS_ECDHE_RSA_WITH_AES_128_GCM_SHA256'],[None],[None],['SSL'],"['d3e8706d8292ace4ddebf7a8bbbd566b', '1ce0f6a9e14b3c88e0931166e6a121c4']",[],[],[],"[{'ssl.validation_status': None, 'ssl.cipher': 'TLS_ECDHE_RSA_WITH_AES_128_GCM_SHA256', 'ssl.curve': None, 'ssl.version': 'TLSv12', 'count': 1}]","[{'files.source': 'SSL', 'file.md5s': {'d3e8706d8292ace4ddebf7a8bbbd566b', '1ce0f6a9e14b3c88e0931166e6a121c4'}, 'count': 2}]"
106.11.94.6,0x1b7937,C1FDtv4Sdu3tfYADHc,SF,6.212621,350,722,52682,9,tcp,3603,3895,443,7,ssl,2017-07-04T13:17:50.407304Z,192.168.10.15,0,0,0,1,2,[],[],[],[],[],[],[],['TLSv12'],['TLS_ECDHE_RSA_WITH_AES_128_GCM_SHA256'],[None],[None],['SSL'],"['d3e8706d8292ace4ddebf7a8bbbd566b', '1ce0f6a9e14b3c88e0931166e6a121c4']",[],[],[],"[{'ssl.validation_status': None, 'ssl.cipher': 'TLS_ECDHE_RSA_WITH_AES_128_GCM_SHA256', 'ssl.curve': None, 'ssl.version': 'TLSv12', 'count': 1}]","[{'files.source': 'SSL', 'file.md5s': {'d3e8706d8292ace4ddebf7a8bbbd566b', '1ce0f6a9e14b3c88e0931166e6a121c4'}, 'count': 2}]"
106.11.94.6,0x2dc9a2,CYgkP9zAhcwTF2n91,SF,5.963597,790,1162,53738,9,tcp,4090,4542,443,11,ssl,2017-07-04T13:22:14.920611Z,192.168.10.5,0,0,0,1,2,[],[],[],[],[],[],[],['TLSv12'],['TLS_ECDHE_RSA_WITH_AES_128_GCM_SHA256'],[None],[None],['SSL'],"['d3e8706d8292ace4ddebf7a8bbbd566b', '1ce0f6a9e14b3c88e0931166e6a121c4']",[],[],[],"[{'ssl.validation_status': None, 'ssl.cipher': 'TLS_ECDHE_RSA_WITH_AES_128_GCM_SHA256', 'ssl.curve': None, 'ssl.version': 'TLSv12', 'count': 1}]","[{'files.source': 'SSL', 'file.md5s': {'d3e8706d8292ace4ddebf7a8bbbd566b', '1ce0f6a9e14b3c88e0931166e6a121c4'}, 'count': 2}]"
