originated_ip,uid,connection.uid,connection.conn_state,connection.duration,connection.orig_bytes,connection.orig_ip_bytes,connection.orig_p,connection.orig_pkts,connection.proto,connection.resp_bytes,connection.resp_ip_bytes,connection.resp_p,connection.resp_pkts,connection.service,connection.ts,responded_ip,dns_count,ssh_count,http_count,ssl_count,files_count,dns_qtype,dns_rcode,ssh_auth_attempts,ssh_host_key,http_method,http_status_code,http_user_agent,ssl_version,ssl_cipher,ssl_curve,ssl_validation_status,files_source,file_md5,dns_dicts,ssh_dicts,http_dicts,ssl_dicts,files_dicts
152.90.94.9,0x139,CvHI9u2THZDk4Nvgw4,SF,33.502143,4292,5444,35039,22,tcp,19027,20179,443,22,ssl,2017-07-04T13:10:14.077439Z,192.168.10.17,0,0,0,1,0,[],[],[],[],[],[],[],['TLSv12'],['TLS_ECDHE_RSA_WITH_AES_128_GCM_SHA256'],[None],[None],[],[],[],[],[],"[{'ssl.validation_status': None, 'ssl.cipher': 'TLS_ECDHE_RSA_WITH_AES_128_GCM_SHA256', 'ssl.curve': None, 'ssl.version': 'TLSv12', 'count': 1}]",[]
152.90.94.9,0x1b79e0,CwtwTh1POmvZTkjf98,SF,5.692324,328,780,35060,9,tcp,407,727,443,6,ssl,2017-07-04T13:10:15.284672Z,192.168.10.17,0,0,0,1,0,[],[],[],[],[],[],[],['TLSv12'],['TLS_ECDHE_RSA_WITH_AES_128_GCM_SHA256'],[None],[None],[],[],[],[],[],"[{'ssl.validation_status': None, 'ssl.cipher': 'TLS_ECDHE_RSA_WITH_AES_128_GCM_SHA256', 'ssl.curve': None, 'ssl.version': 'TLSv12', 'count': 1}]",[]
152.90.94.9,0x231b27,ChIkF71uDkbpkFZ6nd,SF,30.402651,689,1269,35059,11,tcp,905,1381,443,9,ssl,2017-07-04T13:10:15.264052Z,192.168.10.17,0,0,0,1,0,[],[],[],[],[],[],[],['TLSv12'],['TLS_ECDHE_RSA_WITH_AES_128_GCM_SHA256'],[None],[None],[],[],[],[],[],"[{'ssl.validation_status': None, 'ssl.cipher': 'TLS_ECDHE_RSA_WITH_AES_128_GCM_SHA256', 'ssl.curve': None, 'ssl.version': 'TLSv12', 'count': 1}]",[]
152.90.94.9,0x2f5004,CLphVY1QI0XmlKrvd4,SF,5.681023,328,780,35061,9,tcp,407,727,443,6,ssl,2017-07-04T13:10:15.296013Z,192.168.10.17,0,0,0,1,0,[],[],[],[],[],[],[],['TLSv12'],['TLS_ECDHE_RSA_WITH_AES_128_GCM_SHA256'],[None],[None],[],[],[],[],[],"[{'ssl.validation_status': None, 'ssl.cipher': 'TLS_ECDHE_RSA_WITH_AES_128_GCM_SHA256', 'ssl.curve': None, 'ssl.version': 'TLSv12', 'count': 1}]",[]
