originated_ip,uid,connection.uid,connection.conn_state,connection.duration,connection.orig_bytes,connection.orig_ip_bytes,connection.orig_p,connection.orig_pkts,connection.proto,connection.resp_bytes,connection.resp_ip_bytes,connection.resp_p,connection.resp_pkts,connection.service,connection.ts,responded_ip,dns_count,ssh_count,http_count,ssl_count,files_count,dns_qtype,dns_rcode,ssh_auth_attempts,ssh_host_key,http_method,http_status_code,http_user_agent,ssl_version,ssl_cipher,ssl_curve,ssl_validation_status,files_source,file_md5,dns_dicts,ssh_dicts,http_dicts,ssl_dicts,files_dicts
172.217.10.99,0x4977a,CeXY9XPpIaZtZrpte,RSTO,171.357325,2683,3855,3343,29,tcp,5972,7424,443,36,ssl,2017-07-04T13:22:54.497164Z,192.168.10.9,0,0,0,1,3,[],[],[],[],[],[],[],['TLSv12'],['TLS_ECDHE_ECDSA_WITH_AES_128_GCM_SHA256'],[None],[None],['SSL'],"['e4c21e11b8ea0b8afac5f67feffe032b', '17866ccbd224bd2ff9df48b95118f935', '2e7db2a31d0e3da4b25f49b9542a2e1a']",[],[],[],"[{'ssl.validation_status': None, 'ssl.cipher': 'TLS_ECDHE_ECDSA_WITH_AES_128_GCM_SHA256', 'ssl.curve': None, 'ssl.version': 'TLSv12', 'count': 1}]","[{'files.source': 'SSL', 'file.md5s': {'e4c21e11b8ea0b8afac5f67feffe032b', '17866ccbd224bd2ff9df48b95118f935', '2e7db2a31d0e3da4b25f49b9542a2e1a'}, 'count': 3}]"
172.217.10.99,0x125336,C0IxGl1xgZgfdYmDul,SF,180.273438,1123,2223,59650,21,tcp,5674,6618,443,18,ssl,2017-07-04T13:24:27.257136Z,192.168.10.16,0,0,0,1,0,[],[],[],[],[],[],[],['TLSv12'],['TLS_ECDHE_ECDSA_WITH_AES_128_GCM_SHA256'],[None],[None],[],[],[],[],[],"[{'ssl.validation_status': None, 'ssl.cipher': 'TLS_ECDHE_ECDSA_WITH_AES_128_GCM_SHA256', 'ssl.curve': None, 'ssl.version': 'TLSv12', 'count': 1}]",[]
172.217.10.99,0x27afbe,CuUotd3Yip9lB2ubkf,SF,263.445048,1422,2162,50377,14,tcp,3843,4359,443,10,ssl,2017-07-04T13:25:28.370775Z,192.168.10.25,0,0,0,1,3,[],[],[],[],[],[],[],['TLSv10'],['TLS_RSA_WITH_AES_128_CBC_SHA'],[None],[None],['SSL'],"['17866ccbd224bd2ff9df48b95118f935', '2e7db2a31d0e3da4b25f49b9542a2e1a', '0dd4f73eee3936c011c5a81f4631cc61']",[],[],[],"[{'ssl.validation_status': None, 'ssl.cipher': 'TLS_RSA_WITH_AES_128_CBC_SHA', 'ssl.curve': None, 'ssl.version': 'TLSv10', 'count': 1}]","[{'files.source': 'SSL', 'file.md5s': {'17866ccbd224bd2ff9df48b95118f935', '2e7db2a31d0e3da4b25f49b9542a2e1a', '0dd4f73eee3936c011c5a81f4631cc61'}, 'count': 3}]"
172.217.10.99,0x2abcd3,CiH5yGraIlaSr5K54,SF,180.413068,1337,2309,53814,24,tcp,5304,6156,443,21,ssl,2017-07-04T13:25:12.602811Z,192.168.10.5,0,0,0,1,3,[],[],[],[],[],[],[],['TLSv12'],['TLS_ECDHE_ECDSA_WITH_AES_128_GCM_SHA256'],[None],[None],['SSL'],"['e4c21e11b8ea0b8afac5f67feffe032b', '17866ccbd224bd2ff9df48b95118f935', '2e7db2a31d0e3da4b25f49b9542a2e1a']",[],[],[],"[{'ssl.validation_status': None, 'ssl.cipher': 'TLS_ECDHE_ECDSA_WITH_AES_128_GCM_SHA256', 'ssl.curve': None, 'ssl.version': 'TLSv12', 'count': 1}]","[{'files.source': 'SSL', 'file.md5s': {'e4c21e11b8ea0b8afac5f67feffe032b', '17866ccbd224bd2ff9df48b95118f935', '2e7db2a31d0e3da4b25f49b9542a2e1a'}, 'count': 3}]"
