originated_ip,uid,connection.uid,connection.conn_state,connection.duration,connection.orig_bytes,connection.orig_ip_bytes,connection.orig_p,connection.orig_pkts,connection.proto,connection.resp_bytes,connection.resp_ip_bytes,connection.resp_p,connection.resp_pkts,connection.service,connection.ts,responded_ip,dns_count,ssh_count,http_count,ssl_count,files_count,dns_qtype,dns_rcode,ssh_auth_attempts,ssh_host_key,http_method,http_status_code,http_user_agent,ssl_version,ssl_cipher,ssl_curve,ssl_validation_status,files_source,file_md5,dns_dicts,ssh_dicts,http_dicts,ssl_dicts,files_dicts
184.50.96.123,0x144,CpaLuQ2aibUuSPGuEi,SF,6.161447,0,216,35059,4,tcp,0,112,80,2,,2017-07-04T13:06:07.566097Z,192.168.10.19,0,0,0,0,0,[],[],[],[],[],[],[],[],[],[],[],[],[],[],[],[],[],[]
184.50.96.123,0xaaf7c,CqPK7b3MVnESAv0GOb,SF,6.435345,0,216,35054,4,tcp,0,112,80,2,,2017-07-04T13:06:07.315868Z,192.168.10.19,0,0,0,0,0,[],[],[],[],[],[],[],[],[],[],[],[],[],[],[],[],[],[]
184.50.96.123,0xc363d,CP8ckf4Tm2b19LkfPh,SF,6.168569,0,216,35060,4,tcp,0,112,80,2,,2017-07-04T13:06:07.566132Z,192.168.10.19,0,0,0,0,0,[],[],[],[],[],[],[],[],[],[],[],[],[],[],[],[],[],[]
184.50.96.123,0x155d67,CrSjSg4QsceyEP2XL5,SF,116.348978,387,1487,35053,21,tcp,12124,13224,80,21,http,2017-07-04T13:06:07.31585Z,192.168.10.19,0,0,1,0,1,[],[],[],[],['GET'],[200],[None],[],[],[],[],['HTTP'],[''],[],[],"[{'http.status_code': 200, 'http.user_agent': None, 'http.method': 'GET', 'count': 1}]",[],"[{'files.source': 'HTTP', 'file.md5s': {''}, 'count': 1}]"
