originated_ip,uid,connection.uid,connection.conn_state,connection.duration,connection.orig_bytes,connection.orig_ip_bytes,connection.orig_p,connection.orig_pkts,connection.proto,connection.resp_bytes,connection.resp_ip_bytes,connection.resp_p,connection.resp_pkts,connection.service,connection.ts,responded_ip,dns_count,ssh_count,http_count,ssl_count,files_count,dns_qtype,dns_rcode,ssh_auth_attempts,ssh_host_key,http_method,http_status_code,http_user_agent,ssl_version,ssl_cipher,ssl_curve,ssl_validation_status,files_source,file_md5,dns_dicts,ssh_dicts,http_dicts,ssl_dicts,files_dicts
130.250.51.150,0xdc0a1,CXgMhz1pCI9gOz6yzc,SF,116.617418,1223,3163,59094,48,tcp,54137,56241,443,52,ssl,2017-07-04T13:28:17.43659Z,192.168.10.17,0,0,0,1,0,[],[],[],[],[],[],[],[''],[''],[None],[None],[],[],[],[],[],"[{'ssl.validation_status': None, 'ssl.cipher': '', 'ssl.curve': None, 'ssl.version': '', 'count': 1}]",[]
130.250.51.150,0x10cd42,CE7hLDL5q128yWPy5,SF,115.720239,1004,2744,59111,43,tcp,67025,69409,443,59,ssl,2017-07-04T13:28:18.332614Z,192.168.10.17,0,0,0,1,0,[],[],[],[],[],[],[],['TLSv12'],['TLS_RSA_WITH_AES_256_CBC_SHA'],[None],[None],[],[],[],[],[],"[{'ssl.validation_status': None, 'ssl.cipher': 'TLS_RSA_WITH_AES_256_CBC_SHA', 'ssl.curve': None, 'ssl.version': 'TLSv12', 'count': 1}]",[]
130.250.51.150,0x186e68,CzWSNY2DyZT5jyiqR4,SF,115.720349,1004,2824,59110,45,tcp,64652,66916,443,56,ssl,2017-07-04T13:28:18.332502Z,192.168.10.17,0,0,0,1,0,[],[],[],[],[],[],[],['TLSv12'],['TLS_RSA_WITH_AES_256_CBC_SHA'],[None],[None],[],[],[],[],[],"[{'ssl.validation_status': None, 'ssl.cipher': 'TLS_RSA_WITH_AES_256_CBC_SHA', 'ssl.curve': None, 'ssl.version': 'TLSv12', 'count': 1}]",[]
130.250.51.150,0x262a5d,CQnwiG46Mwl7nyDKXh,SF,115.72098,1004,2784,59109,44,tcp,48541,50445,443,47,ssl,2017-07-04T13:28:18.332373Z,192.168.10.17,0,0,0,1,0,[],[],[],[],[],[],[],['TLSv12'],['TLS_RSA_WITH_AES_256_CBC_SHA'],[None],[None],[],[],[],[],[],"[{'ssl.validation_status': None, 'ssl.cipher': 'TLS_RSA_WITH_AES_256_CBC_SHA', 'ssl.curve': None, 'ssl.version': 'TLSv12', 'count': 1}]",[]
