originated_ip,uid,connection.uid,connection.conn_state,connection.duration,connection.orig_bytes,connection.orig_ip_bytes,connection.orig_p,connection.orig_pkts,connection.proto,connection.resp_bytes,connection.resp_ip_bytes,connection.resp_p,connection.resp_pkts,connection.service,connection.ts,responded_ip,dns_count,ssh_count,http_count,ssl_count,files_count,dns_qtype,dns_rcode,ssh_auth_attempts,ssh_host_key,http_method,http_status_code,http_user_agent,ssl_version,ssl_cipher,ssl_curve,ssl_validation_status,files_source,file_md5,dns_dicts,ssh_dicts,http_dicts,ssl_dicts,files_dicts
180.148.171.45,0x155eaa,CopNT141oORcFObMs4,SF,0.662628,635,1007,53402,9,tcp,7189,7757,443,14,ssl,2017-07-04T13:10:11.352595Z,192.168.10.5,0,0,0,1,2,[],[],[],[],[],[],[],['TLSv12'],['TLS_ECDHE_RSA_WITH_AES_128_GCM_SHA256'],[None],[None],['SSL'],"['342e1e02d91852d4a66f8a892167c8fa', 'ef85e8600fc2a33d528ddfe48d03f5df']",[],[],[],"[{'ssl.validation_status': None, 'ssl.cipher': 'TLS_ECDHE_RSA_WITH_AES_128_GCM_SHA256', 'ssl.curve': None, 'ssl.version': 'TLSv12', 'count': 1}]","[{'files.source': 'SSL', 'file.md5s': {'342e1e02d91852d4a66f8a892167c8fa', 'ef85e8600fc2a33d528ddfe48d03f5df'}, 'count': 2}]"
180.148.171.45,0x16e5f1,CyDe9I1AIE38gHDU62,SF,0.562201,987,1279,53435,7,tcp,512,880,443,9,ssl,2017-07-04T13:10:18.699129Z,192.168.10.5,0,0,0,1,0,[],[],[],[],[],[],[],['TLSv12'],['TLS_ECDHE_RSA_WITH_AES_128_GCM_SHA256'],[None],[None],[],[],[],[],[],"[{'ssl.validation_status': None, 'ssl.cipher': 'TLS_ECDHE_RSA_WITH_AES_128_GCM_SHA256', 'ssl.curve': None, 'ssl.version': 'TLSv12', 'count': 1}]",[]
180.148.171.45,0x200d7e,CYXcYjQ7W2GvI4B65,SF,6.058149,344,716,53403,9,tcp,3706,4154,443,11,ssl,2017-07-04T13:10:11.352716Z,192.168.10.5,0,0,0,1,2,[],[],[],[],[],[],[],['TLSv12'],['TLS_ECDHE_RSA_WITH_AES_128_GCM_SHA256'],[None],[None],['SSL'],"['342e1e02d91852d4a66f8a892167c8fa', 'ef85e8600fc2a33d528ddfe48d03f5df']",[],[],[],"[{'ssl.validation_status': None, 'ssl.cipher': 'TLS_ECDHE_RSA_WITH_AES_128_GCM_SHA256', 'ssl.curve': None, 'ssl.version': 'TLSv12', 'count': 1}]","[{'files.source': 'SSL', 'file.md5s': {'342e1e02d91852d4a66f8a892167c8fa', 'ef85e8600fc2a33d528ddfe48d03f5df'}, 'count': 2}]"
180.148.171.45,0x26287c,CJpfDfnf1hb7N0QJl,SF,5.666963,599,891,53438,7,tcp,168,496,443,8,ssl,2017-07-04T13:10:18.751637Z,192.168.10.5,0,0,0,1,0,[],[],[],[],[],[],[],['TLSv12'],['TLS_ECDHE_RSA_WITH_AES_128_GCM_SHA256'],[None],[None],[],[],[],[],[],"[{'ssl.validation_status': None, 'ssl.cipher': 'TLS_ECDHE_RSA_WITH_AES_128_GCM_SHA256', 'ssl.curve': None, 'ssl.version': 'TLSv12', 'count': 1}]",[]
