originated_ip,uid,connection.uid,connection.conn_state,connection.duration,connection.orig_bytes,connection.orig_ip_bytes,connection.orig_p,connection.orig_pkts,connection.proto,connection.resp_bytes,connection.resp_ip_bytes,connection.resp_p,connection.resp_pkts,connection.service,connection.ts,responded_ip,dns_count,ssh_count,http_count,ssl_count,files_count,dns_qtype,dns_rcode,ssh_auth_attempts,ssh_host_key,http_method,http_status_code,http_user_agent,ssl_version,ssl_cipher,ssl_curve,ssl_validation_status,files_source,file_md5,dns_dicts,ssh_dicts,http_dicts,ssl_dicts,files_dicts
173.223.155.20,0xab131,Cklw0w1f6aBYx47lG3,SF,5.576064,0,216,37049,4,tcp,0,112,80,2,,2017-07-04T13:06:03.905818Z,192.168.10.19,0,0,0,0,0,[],[],[],[],[],[],[],[],[],[],[],[],[],[],[],[],[],[]
173.223.155.20,0x1b7a1c,CvAH6E4IJPsAqTb2g9,SF,5.576064,0,216,37050,4,tcp,0,112,80,2,,2017-07-04T13:06:03.905862Z,192.168.10.19,0,0,0,0,0,[],[],[],[],[],[],[],[],[],[],[],[],[],[],[],[],[],[]
173.223.155.20,0x1e8496,CsVYZm1wybqsCXC2T6,SF,115.512977,368,2404,37047,39,tcp,59538,61834,80,44,http,2017-07-04T13:06:03.905766Z,192.168.10.19,0,0,1,0,1,[],[],[],[],['GET'],[200],[None],[],[],[],[],['HTTP'],[''],[],[],"[{'http.status_code': 200, 'http.user_agent': None, 'http.method': 'GET', 'count': 1}]",[],"[{'files.source': 'HTTP', 'file.md5s': {''}, 'count': 1}]"
173.223.155.20,0x2ab98c,Cgmyuf4X6Yq5FseeQk,SF,115.512922,369,1625,37048,24,tcp,16029,17233,80,23,http,2017-07-04T13:06:03.905817Z,192.168.10.19,0,0,1,0,1,[],[],[],[],['GET'],[200],[None],[],[],[],[],['HTTP'],[''],[],[],"[{'http.status_code': 200, 'http.user_agent': None, 'http.method': 'GET', 'count': 1}]",[],"[{'files.source': 'HTTP', 'file.md5s': {''}, 'count': 1}]"
