originated_ip,uid,connection.uid,connection.conn_state,connection.duration,connection.orig_bytes,connection.orig_ip_bytes,connection.orig_p,connection.orig_pkts,connection.proto,connection.resp_bytes,connection.resp_ip_bytes,connection.resp_p,connection.resp_pkts,connection.service,connection.ts,responded_ip,dns_count,ssh_count,http_count,ssl_count,files_count,dns_qtype,dns_rcode,ssh_auth_attempts,ssh_host_key,http_method,http_status_code,http_user_agent,ssl_version,ssl_cipher,ssl_curve,ssl_validation_status,files_source,file_md5,dns_dicts,ssh_dicts,http_dicts,ssl_dicts,files_dicts
104.113.62.61,0xf2,CdZSqKRGOylpguQwc,SF,5.464199,358,770,51531,10,tcp,5199,5571,443,9,ssl,2017-07-04T13:08:07.373179Z,192.168.10.14,0,0,0,1,3,[],[],[],[],[],[],[],['TLSv12'],['TLS_ECDHE_RSA_WITH_AES_256_GCM_SHA384'],[None],[None],['SSL'],"['c1a062d0f4d54792c5ce1432e45aee59', '9129733212d5f5651864d86b7bae0b98', '1edaf9ae99ce2920667d0e9a8b3f8c9c']",[],[],[],"[{'ssl.validation_status': None, 'ssl.cipher': 'TLS_ECDHE_RSA_WITH_AES_256_GCM_SHA384', 'ssl.curve': None, 'ssl.version': 'TLSv12', 'count': 1}]","[{'files.source': 'SSL', 'file.md5s': {'c1a062d0f4d54792c5ce1432e45aee59', '9129733212d5f5651864d86b7bae0b98', '1edaf9ae99ce2920667d0e9a8b3f8c9c'}, 'count': 3}]"
104.113.62.61,0x187c3,C4sbkBFgBxzUFjCAd,RSTR,156.971642,6952,8099,51532,28,tcp,5875,7267,443,30,ssl,2017-07-04T13:08:07.373277Z,192.168.10.14,0,0,0,1,0,[],[],[],[],[],[],[],['TLSv12'],['TLS_ECDHE_RSA_WITH_AES_256_GCM_SHA384'],[None],[None],[],[],[],[],[],"[{'ssl.validation_status': None, 'ssl.cipher': 'TLS_ECDHE_RSA_WITH_AES_256_GCM_SHA384', 'ssl.curve': None, 'ssl.version': 'TLSv12', 'count': 1}]",[]
104.113.62.61,0xdbc80,C7ICdM37iejdjYDQ0f,RSTR,281.234419,154142,159126,51530,124,tcp,48048,53404,443,130,ssl,2017-07-04T13:08:07.373058Z,192.168.10.14,0,0,0,1,3,[],[],[],[],[],[],[],['TLSv12'],['TLS_ECDHE_RSA_WITH_AES_256_GCM_SHA384'],[None],[None],['SSL'],"['c1a062d0f4d54792c5ce1432e45aee59', '9129733212d5f5651864d86b7bae0b98', '1edaf9ae99ce2920667d0e9a8b3f8c9c']",[],[],[],"[{'ssl.validation_status': None, 'ssl.cipher': 'TLS_ECDHE_RSA_WITH_AES_256_GCM_SHA384', 'ssl.curve': None, 'ssl.version': 'TLSv12', 'count': 1}]","[{'files.source': 'SSL', 'file.md5s': {'c1a062d0f4d54792c5ce1432e45aee59', '9129733212d5f5651864d86b7bae0b98', '1edaf9ae99ce2920667d0e9a8b3f8c9c'}, 'count': 3}]"
104.113.62.61,0x186bb0,CkKN1R2K31YwePGu8g,SF,5.35797,599,891,51589,7,tcp,183,475,443,7,ssl,2017-07-04T13:08:48.413059Z,192.168.10.14,0,0,0,1,0,[],[],[],[],[],[],[],['TLSv12'],['TLS_ECDHE_RSA_WITH_AES_256_GCM_SHA384'],[None],[None],[],[],[],[],[],"[{'ssl.validation_status': None, 'ssl.cipher': 'TLS_ECDHE_RSA_WITH_AES_256_GCM_SHA384', 'ssl.curve': None, 'ssl.version': 'TLSv12', 'count': 1}]",[]
