originated_ip,uid,connection.uid,connection.conn_state,connection.duration,connection.orig_bytes,connection.orig_ip_bytes,connection.orig_p,connection.orig_pkts,connection.proto,connection.resp_bytes,connection.resp_ip_bytes,connection.resp_p,connection.resp_pkts,connection.service,connection.ts,responded_ip,dns_count,ssh_count,http_count,ssl_count,files_count,dns_qtype,dns_rcode,ssh_auth_attempts,ssh_host_key,http_method,http_status_code,http_user_agent,ssl_version,ssl_cipher,ssl_curve,ssl_validation_status,files_source,file_md5,dns_dicts,ssh_dicts,http_dicts,ssl_dicts,files_dicts
107.178.240.89,0x36,CVgsVP2EmDXrYnrze7,SF,180.968524,1125,1977,3190,21,tcp,4116,4848,443,18,ssl,2017-07-04T13:13:53.463721Z,192.168.10.9,0,0,0,1,2,[],[],[],[],[],[],[],['TLSv12'],['TLS_ECDHE_RSA_WITH_AES_128_GCM_SHA256'],[None],[None],['SSL'],"['901103db6490bcba382e65f965386519', '481f51f70f5f177b2350f638e63e8754']",[],[],[],"[{'ssl.validation_status': None, 'ssl.cipher': 'TLS_ECDHE_RSA_WITH_AES_128_GCM_SHA256', 'ssl.curve': None, 'ssl.version': 'TLSv12', 'count': 1}]","[{'files.source': 'SSL', 'file.md5s': {'901103db6490bcba382e65f965386519', '481f51f70f5f177b2350f638e63e8754'}, 'count': 2}]"
107.178.240.89,0x124fc2,CvBrNQ2htV5tzl5oml,SF,0.360583,528,980,3191,11,tcp,3600,4012,443,10,ssl,2017-07-04T13:13:53.464187Z,192.168.10.9,0,0,0,1,2,[],[],[],[],[],[],[],['TLSv12'],['TLS_ECDHE_RSA_WITH_AES_128_GCM_SHA256'],[None],[None],['SSL'],"['901103db6490bcba382e65f965386519', '481f51f70f5f177b2350f638e63e8754']",[],[],[],"[{'ssl.validation_status': None, 'ssl.cipher': 'TLS_ECDHE_RSA_WITH_AES_128_GCM_SHA256', 'ssl.curve': None, 'ssl.version': 'TLSv12', 'count': 1}]","[{'files.source': 'SSL', 'file.md5s': {'901103db6490bcba382e65f965386519', '481f51f70f5f177b2350f638e63e8754'}, 'count': 2}]"
107.178.240.89,0x1253b0,CN3gF73MSPSZM2Hzta,RSTO,165.832319,1262,1874,3453,15,tcp,1104,1676,443,14,ssl,2017-07-04T13:23:00.022685Z,192.168.10.9,0,0,0,1,0,[],[],[],[],[],[],[],['TLSv12'],['TLS_ECDHE_RSA_WITH_AES_128_GCM_SHA256'],[None],[None],[],[],[],[],[],"[{'ssl.validation_status': None, 'ssl.cipher': 'TLS_ECDHE_RSA_WITH_AES_128_GCM_SHA256', 'ssl.curve': None, 'ssl.version': 'TLSv12', 'count': 1}]",[]
107.178.240.89,0x186b9d,CGVQVo11Dnoeif8M6f,SF,181.910538,974,1878,52014,22,tcp,4426,5238,443,20,ssl,2017-07-04T13:10:57.214171Z,192.168.10.14,0,0,0,1,2,[],[],[],[],[],[],[],['TLSv12'],['TLS_ECDHE_RSA_WITH_AES_128_GCM_SHA256'],[None],[None],['SSL'],"['901103db6490bcba382e65f965386519', '481f51f70f5f177b2350f638e63e8754']",[],[],[],"[{'ssl.validation_status': None, 'ssl.cipher': 'TLS_ECDHE_RSA_WITH_AES_128_GCM_SHA256', 'ssl.curve': None, 'ssl.version': 'TLSv12', 'count': 1}]","[{'files.source': 'SSL', 'file.md5s': {'901103db6490bcba382e65f965386519', '481f51f70f5f177b2350f638e63e8754'}, 'count': 2}]"
