originated_ip,uid,connection.uid,connection.conn_state,connection.duration,connection.orig_bytes,connection.orig_ip_bytes,connection.orig_p,connection.orig_pkts,connection.proto,connection.resp_bytes,connection.resp_ip_bytes,connection.resp_p,connection.resp_pkts,connection.service,connection.ts,responded_ip,dns_count,ssh_count,http_count,ssl_count,files_count,dns_qtype,dns_rcode,ssh_auth_attempts,ssh_host_key,http_method,http_status_code,http_user_agent,ssl_version,ssl_cipher,ssl_curve,ssl_validation_status,files_source,file_md5,dns_dicts,ssh_dicts,http_dicts,ssl_dicts,files_dicts
172.217.2.166,0x13d84e,CWYtsS2JlKVz6APtvb,SF,116.166481,969,2225,59591,24,tcp,4720,5820,443,21,ssl,2017-07-04T13:10:15.068065Z,192.168.10.17,0,0,0,1,0,[],[],[],[],[],[],[],['TLSv12'],['TLS_ECDHE_RSA_WITH_AES_128_GCM_SHA256'],[None],[None],[],[],[],[],[],"[{'ssl.validation_status': None, 'ssl.cipher': 'TLS_ECDHE_RSA_WITH_AES_128_GCM_SHA256', 'ssl.curve': None, 'ssl.version': 'TLSv12', 'count': 1}]",[]
172.217.2.166,0x2191ff,CHab1w4S8lOOUShwCg,RSTO,80.583901,721,1261,52333,13,tcp,704,1252,80,11,http,2017-07-04T13:10:56.68217Z,192.168.10.15,0,0,1,0,1,[],[],[],[],['GET'],[200],[None],[],[],[],[],['HTTP'],['5edea4cde2c1a9c8e8150deaf71ce73d'],[],[],"[{'http.status_code': 200, 'http.user_agent': None, 'http.method': 'GET', 'count': 1}]",[],"[{'files.source': 'HTTP', 'file.md5s': {'5edea4cde2c1a9c8e8150deaf71ce73d'}, 'count': 1}]"
172.217.2.166,0x21932e,Csf82XXWNWKCxCAk6,RSTO,80.454562,941,1593,52340,16,tcp,7661,8393,443,18,ssl,2017-07-04T13:10:56.769279Z,192.168.10.15,0,0,0,1,3,[],[],[],[],[],[],[],['TLSv12'],['TLS_ECDHE_RSA_WITH_AES_128_GCM_SHA256'],[None],[None],['SSL'],"['8465964ceb08d4005e5bda72df47e986', '17866ccbd224bd2ff9df48b95118f935', '2e7db2a31d0e3da4b25f49b9542a2e1a']",[],[],[],"[{'ssl.validation_status': None, 'ssl.cipher': 'TLS_ECDHE_RSA_WITH_AES_128_GCM_SHA256', 'ssl.curve': None, 'ssl.version': 'TLSv12', 'count': 1}]","[{'files.source': 'SSL', 'file.md5s': {'8465964ceb08d4005e5bda72df47e986', '17866ccbd224bd2ff9df48b95118f935', '2e7db2a31d0e3da4b25f49b9542a2e1a'}, 'count': 3}]"
172.217.2.166,0x2f511a,C7rUdW1OdYfWsIAPu7,SF,5.542492,0,172,52334,4,tcp,0,92,80,2,,2017-07-04T13:10:56.682255Z,192.168.10.15,0,0,0,0,0,[],[],[],[],[],[],[],[],[],[],[],[],[],[],[],[],[],[]
