originated_ip,uid,connection.uid,connection.conn_state,connection.duration,connection.orig_bytes,connection.orig_ip_bytes,connection.orig_p,connection.orig_pkts,connection.proto,connection.resp_bytes,connection.resp_ip_bytes,connection.resp_p,connection.resp_pkts,connection.service,connection.ts,responded_ip,dns_count,ssh_count,http_count,ssl_count,files_count,dns_qtype,dns_rcode,ssh_auth_attempts,ssh_host_key,http_method,http_status_code,http_user_agent,ssl_version,ssl_cipher,ssl_curve,ssl_validation_status,files_source,file_md5,dns_dicts,ssh_dicts,http_dicts,ssl_dicts,files_dicts
107.154.102.208,0x399,CGoML646E9idNlS17c,SF,118.711501,2941,6097,56009,61,tcp,64000,67232,443,62,ssl,2017-07-04T13:28:14.295524Z,192.168.10.17,0,0,0,1,3,[],[],[],[],[],[],[],['TLSv12'],['TLS_ECDHE_RSA_WITH_AES_128_GCM_SHA256'],[None],[None],['SSL'],"['156751ac67d539085b20a13fc1638ace', '27935538f9aa3d3b1c1bf52a3f61ea77', 'a69f662e7988448723092fea968d4c59']",[],[],[],"[{'ssl.validation_status': None, 'ssl.cipher': 'TLS_ECDHE_RSA_WITH_AES_128_GCM_SHA256', 'ssl.curve': None, 'ssl.version': 'TLSv12', 'count': 1}]","[{'files.source': 'SSL', 'file.md5s': {'156751ac67d539085b20a13fc1638ace', '27935538f9aa3d3b1c1bf52a3f61ea77', 'a69f662e7988448723092fea968d4c59'}, 'count': 3}]"
107.154.102.208,0xc3969,CcNzHN2ag4XCfKzvKc,SF,5.066264,635,1087,56034,9,tcp,188,560,443,7,ssl,2017-07-04T13:28:17.406725Z,192.168.10.17,0,0,0,1,0,[],[],[],[],[],[],[],['TLSv12'],['TLS_ECDHE_RSA_WITH_AES_128_GCM_SHA256'],[None],[None],[],[],[],[],[],"[{'ssl.validation_status': None, 'ssl.cipher': 'TLS_ECDHE_RSA_WITH_AES_128_GCM_SHA256', 'ssl.curve': None, 'ssl.version': 'TLSv12', 'count': 1}]",[]
107.154.102.208,0x10cd37,C2gIT91NdKBdVfr9y1,SF,116.13836,1067,2247,56045,23,tcp,1906,2954,443,20,ssl,2017-07-04T13:28:17.872235Z,192.168.10.17,0,0,0,1,0,[],[],[],[],[],[],[],['TLSv12'],['TLS_ECDHE_RSA_WITH_AES_128_GCM_SHA256'],[None],[None],[],[],[],[],[],"[{'ssl.validation_status': None, 'ssl.cipher': 'TLS_ECDHE_RSA_WITH_AES_128_GCM_SHA256', 'ssl.curve': None, 'ssl.version': 'TLSv12', 'count': 1}]",[]
107.154.102.208,0x16e8a8,CN0rnZRRU1r96F6R9,SF,115.601695,876,2212,56035,26,tcp,7614,8818,443,23,ssl,2017-07-04T13:28:17.406791Z,192.168.10.17,0,0,0,1,0,[],[],[],[],[],[],[],['TLSv12'],['TLS_ECDHE_RSA_WITH_AES_128_GCM_SHA256'],[None],[None],[],[],[],[],[],"[{'ssl.validation_status': None, 'ssl.cipher': 'TLS_ECDHE_RSA_WITH_AES_128_GCM_SHA256', 'ssl.curve': None, 'ssl.version': 'TLSv12', 'count': 1}]",[]
