originated_ip,uid,connection.uid,connection.conn_state,connection.duration,connection.orig_bytes,connection.orig_ip_bytes,connection.orig_p,connection.orig_pkts,connection.proto,connection.resp_bytes,connection.resp_ip_bytes,connection.resp_p,connection.resp_pkts,connection.service,connection.ts,responded_ip,dns_count,ssh_count,http_count,ssl_count,files_count,dns_qtype,dns_rcode,ssh_auth_attempts,ssh_host_key,http_method,http_status_code,http_user_agent,ssl_version,ssl_cipher,ssl_curve,ssl_validation_status,files_source,file_md5,dns_dicts,ssh_dicts,http_dicts,ssl_dicts,files_dicts
180.153.132.57,0xf4608,C7OGKLKOSrZjG9Nah,SF,5.855359,376,956,58862,11,tcp,5461,5885,443,8,ssl,2017-07-04T13:29:08.802284Z,192.168.10.51,0,0,0,1,4,[],[],[],[],[],[],[],['TLSv12'],['TLS_ECDHE_RSA_WITH_AES_128_GCM_SHA256'],[None],[None],['SSL'],"['623d361f20b6dd3d20f11afb321e628a', '96c25031bc0dc35cfba723731e1b4140', '91de0625abdafd32170cbb25172a8467', '81528b89e165204a75ad85e8c388cd68']",[],[],[],"[{'ssl.validation_status': None, 'ssl.cipher': 'TLS_ECDHE_RSA_WITH_AES_128_GCM_SHA256', 'ssl.curve': None, 'ssl.version': 'TLSv12', 'count': 1}]","[{'files.source': 'SSL', 'file.md5s': {'623d361f20b6dd3d20f11afb321e628a', '96c25031bc0dc35cfba723731e1b4140', '91de0625abdafd32170cbb25172a8467', '81528b89e165204a75ad85e8c388cd68'}, 'count': 4}]"
180.153.132.57,0x1d00ed,COL2uoj9YPbSOwYJ8,SF,6.471515,710,1290,58878,11,tcp,5461,5885,443,8,ssl,2017-07-04T13:30:39.669284Z,192.168.10.51,0,0,0,1,0,[],[],[],[],[],[],[],['TLSv12'],['TLS_ECDHE_RSA_WITH_AES_128_GCM_SHA256'],[None],[None],[],[],[],[],[],"[{'ssl.validation_status': None, 'ssl.cipher': 'TLS_ECDHE_RSA_WITH_AES_128_GCM_SHA256', 'ssl.curve': None, 'ssl.version': 'TLSv12', 'count': 1}]",[]
180.153.132.57,0x2195b4,CsQeSvJ6N5mOZfVsb,SF,7.098182,980,1826,58861,13,tcp,5998,6590,443,11,ssl,2017-07-04T13:29:08.548796Z,192.168.10.51,0,0,0,1,4,[],[],[],[],[],[],[],['TLSv12'],['TLS_ECDHE_RSA_WITH_AES_128_GCM_SHA256'],[None],[None],['SSL'],"['623d361f20b6dd3d20f11afb321e628a', '96c25031bc0dc35cfba723731e1b4140', '91de0625abdafd32170cbb25172a8467', '81528b89e165204a75ad85e8c388cd68']",[],[],[],"[{'ssl.validation_status': None, 'ssl.cipher': 'TLS_ECDHE_RSA_WITH_AES_128_GCM_SHA256', 'ssl.curve': None, 'ssl.version': 'TLSv12', 'count': 1}]","[{'files.source': 'SSL', 'file.md5s': {'623d361f20b6dd3d20f11afb321e628a', '96c25031bc0dc35cfba723731e1b4140', '91de0625abdafd32170cbb25172a8467', '81528b89e165204a75ad85e8c388cd68'}, 'count': 4}]"
180.153.132.57,0x2628c7,CxD67i3v0netgGSkEa,SF,6.707525,1677,2257,58877,11,tcp,5998,6474,443,9,ssl,2017-07-04T13:30:39.417097Z,192.168.10.51,0,0,0,1,4,[],[],[],[],[],[],[],['TLSv12'],['TLS_ECDHE_RSA_WITH_AES_128_GCM_SHA256'],[None],[None],['SSL'],"['623d361f20b6dd3d20f11afb321e628a', '96c25031bc0dc35cfba723731e1b4140', '91de0625abdafd32170cbb25172a8467', '81528b89e165204a75ad85e8c388cd68']",[],[],[],"[{'ssl.validation_status': None, 'ssl.cipher': 'TLS_ECDHE_RSA_WITH_AES_128_GCM_SHA256', 'ssl.curve': None, 'ssl.version': 'TLSv12', 'count': 1}]","[{'files.source': 'SSL', 'file.md5s': {'623d361f20b6dd3d20f11afb321e628a', '96c25031bc0dc35cfba723731e1b4140', '91de0625abdafd32170cbb25172a8467', '81528b89e165204a75ad85e8c388cd68'}, 'count': 4}]"
