originated_ip,uid,connection.uid,connection.conn_state,connection.duration,connection.orig_bytes,connection.orig_ip_bytes,connection.orig_p,connection.orig_pkts,connection.proto,connection.resp_bytes,connection.resp_ip_bytes,connection.resp_p,connection.resp_pkts,connection.service,connection.ts,responded_ip,dns_count,ssh_count,http_count,ssl_count,files_count,dns_qtype,dns_rcode,ssh_auth_attempts,ssh_host_key,http_method,http_status_code,http_user_agent,ssl_version,ssl_cipher,ssl_curve,ssl_validation_status,files_source,file_md5,dns_dicts,ssh_dicts,http_dicts,ssl_dicts,files_dicts
169.54.129.12,0x1d5,C7rqdaIC9qZeluHq8,SF,65.335766,1371,2029,3093,16,tcp,3954,5090,443,16,ssl,2017-07-04T13:09:20.989144Z,192.168.10.9,0,0,0,1,2,[],[],[],[],[],[],[],['TLSv12'],['TLS_ECDHE_RSA_WITH_AES_128_GCM_SHA256'],[None],[None],['SSL'],"['c98a5202c10a5914228378b09052b8e5', '901103db6490bcba382e65f965386519']",[],[],[],"[{'ssl.validation_status': None, 'ssl.cipher': 'TLS_ECDHE_RSA_WITH_AES_128_GCM_SHA256', 'ssl.curve': None, 'ssl.version': 'TLSv12', 'count': 1}]","[{'files.source': 'SSL', 'file.md5s': {'c98a5202c10a5914228378b09052b8e5', '901103db6490bcba382e65f965386519'}, 'count': 2}]"
169.54.129.12,0x61b82,CelPGH12osXqhiBqjc,SF,6.135242,350,762,3095,10,tcp,3431,3973,443,7,ssl,2017-07-04T13:09:21.059371Z,192.168.10.9,0,0,0,1,2,[],[],[],[],[],[],[],['TLSv12'],['TLS_ECDHE_RSA_WITH_AES_128_GCM_SHA256'],[None],[None],['SSL'],"['c98a5202c10a5914228378b09052b8e5', '901103db6490bcba382e65f965386519']",[],[],[],"[{'ssl.validation_status': None, 'ssl.cipher': 'TLS_ECDHE_RSA_WITH_AES_128_GCM_SHA256', 'ssl.curve': None, 'ssl.version': 'TLSv12', 'count': 1}]","[{'files.source': 'SSL', 'file.md5s': {'c98a5202c10a5914228378b09052b8e5', '901103db6490bcba382e65f965386519'}, 'count': 2}]"
169.54.129.12,0x1e863c,C5WIKt4dmV8qEoIqe5,SF,65.361025,747,1405,3092,16,tcp,4112,5406,443,16,ssl,2017-07-04T13:09:20.981604Z,192.168.10.9,0,0,0,1,2,[],[],[],[],[],[],[],['TLSv12'],['TLS_ECDHE_RSA_WITH_AES_128_GCM_SHA256'],[None],[None],['SSL'],"['901103db6490bcba382e65f965386519', 'c98a5202c10a5914228378b09052b8e5']",[],[],[],"[{'ssl.validation_status': None, 'ssl.cipher': 'TLS_ECDHE_RSA_WITH_AES_128_GCM_SHA256', 'ssl.curve': None, 'ssl.version': 'TLSv12', 'count': 1}]","[{'files.source': 'SSL', 'file.md5s': {'901103db6490bcba382e65f965386519', 'c98a5202c10a5914228378b09052b8e5'}, 'count': 2}]"
169.54.129.12,0x2f4e57,CS4Ltq38PcahvaKZs1,SF,6.135065,350,762,3094,10,tcp,3431,3973,443,7,ssl,2017-07-04T13:09:21.059258Z,192.168.10.9,0,0,0,1,2,[],[],[],[],[],[],[],['TLSv12'],['TLS_ECDHE_RSA_WITH_AES_128_GCM_SHA256'],[None],[None],['SSL'],"['c98a5202c10a5914228378b09052b8e5', '901103db6490bcba382e65f965386519']",[],[],[],"[{'ssl.validation_status': None, 'ssl.cipher': 'TLS_ECDHE_RSA_WITH_AES_128_GCM_SHA256', 'ssl.curve': None, 'ssl.version': 'TLSv12', 'count': 1}]","[{'files.source': 'SSL', 'file.md5s': {'c98a5202c10a5914228378b09052b8e5', '901103db6490bcba382e65f965386519'}, 'count': 2}]"
