originated_ip,uid,connection.uid,connection.conn_state,connection.duration,connection.orig_bytes,connection.orig_ip_bytes,connection.orig_p,connection.orig_pkts,connection.proto,connection.resp_bytes,connection.resp_ip_bytes,connection.resp_p,connection.resp_pkts,connection.service,connection.ts,responded_ip,dns_count,ssh_count,http_count,ssl_count,files_count,dns_qtype,dns_rcode,ssh_auth_attempts,ssh_host_key,http_method,http_status_code,http_user_agent,ssl_version,ssl_cipher,ssl_curve,ssl_validation_status,files_source,file_md5,dns_dicts,ssh_dicts,http_dicts,ssl_dicts,files_dicts
172.217.10.225,0x7a386,CeSEC438RyYKrTd4if,SF,180.823067,1331,3743,53673,60,tcp,107975,111667,443,92,ssl,2017-07-04T13:19:12.539847Z,192.168.10.5,0,0,0,1,3,[],[],[],[],[],[],[],['TLSv12'],['TLS_ECDHE_ECDSA_WITH_AES_128_GCM_SHA256'],[None],[None],['SSL'],"['17866ccbd224bd2ff9df48b95118f935', '54747adb38d00313127850726c9b825c', '2e7db2a31d0e3da4b25f49b9542a2e1a']",[],[],[],"[{'ssl.validation_status': None, 'ssl.cipher': 'TLS_ECDHE_ECDSA_WITH_AES_128_GCM_SHA256', 'ssl.curve': None, 'ssl.version': 'TLSv12', 'count': 1}]","[{'files.source': 'SSL', 'file.md5s': {'17866ccbd224bd2ff9df48b95118f935', '54747adb38d00313127850726c9b825c', '2e7db2a31d0e3da4b25f49b9542a2e1a'}, 'count': 3}]"
172.217.10.225,0x7a388,CuBE7XLJ5WP5LCa7c,SF,0.290426,538,990,53675,11,tcp,4475,4927,443,11,ssl,2017-07-04T13:19:12.555718Z,192.168.10.5,0,0,0,1,3,[],[],[],[],[],[],[],['TLSv12'],['TLS_ECDHE_ECDSA_WITH_AES_128_GCM_SHA256'],[None],[None],['SSL'],"['17866ccbd224bd2ff9df48b95118f935', '54747adb38d00313127850726c9b825c', '2e7db2a31d0e3da4b25f49b9542a2e1a']",[],[],[],"[{'ssl.validation_status': None, 'ssl.cipher': 'TLS_ECDHE_ECDSA_WITH_AES_128_GCM_SHA256', 'ssl.curve': None, 'ssl.version': 'TLSv12', 'count': 1}]","[{'files.source': 'SSL', 'file.md5s': {'17866ccbd224bd2ff9df48b95118f935', '54747adb38d00313127850726c9b825c', '2e7db2a31d0e3da4b25f49b9542a2e1a'}, 'count': 3}]"
172.217.10.225,0x19f1bb,CmD9v02HF22kOwnl7h,SF,0.213832,938,1782,50249,16,tcp,5609,6189,443,11,ssl,2017-07-04T13:09:32.415056Z,192.168.10.25,0,0,0,1,3,[],[],[],[],[],[],[],['TLSv10'],['TLS_RSA_WITH_AES_128_CBC_SHA'],[None],[None],['SSL'],"['55ccb3f7917a2e9d70558250800d82cd', '17866ccbd224bd2ff9df48b95118f935', '2e7db2a31d0e3da4b25f49b9542a2e1a']",[],[],[],"[{'ssl.validation_status': None, 'ssl.cipher': 'TLS_RSA_WITH_AES_128_CBC_SHA', 'ssl.curve': None, 'ssl.version': 'TLSv10', 'count': 1}]","[{'files.source': 'SSL', 'file.md5s': {'55ccb3f7917a2e9d70558250800d82cd', '17866ccbd224bd2ff9df48b95118f935', '2e7db2a31d0e3da4b25f49b9542a2e1a'}, 'count': 3}]"
172.217.10.225,0x2aba26,Cs8KCH2go7J3zgl9i9,SF,308.225494,1337,2549,51502,30,tcp,20046,21538,443,37,ssl,2017-07-04T13:08:05.628415Z,192.168.10.14,0,0,0,1,3,[],[],[],[],[],[],[],['TLSv12'],['TLS_ECDHE_RSA_WITH_AES_128_GCM_SHA256'],[None],[None],['SSL'],"['55ccb3f7917a2e9d70558250800d82cd', '17866ccbd224bd2ff9df48b95118f935', '2e7db2a31d0e3da4b25f49b9542a2e1a']",[],[],[],"[{'ssl.validation_status': None, 'ssl.cipher': 'TLS_ECDHE_RSA_WITH_AES_128_GCM_SHA256', 'ssl.curve': None, 'ssl.version': 'TLSv12', 'count': 1}]","[{'files.source': 'SSL', 'file.md5s': {'55ccb3f7917a2e9d70558250800d82cd', '17866ccbd224bd2ff9df48b95118f935', '2e7db2a31d0e3da4b25f49b9542a2e1a'}, 'count': 3}]"
