originated_ip,uid,connection.uid,connection.conn_state,connection.duration,connection.orig_bytes,connection.orig_ip_bytes,connection.orig_p,connection.orig_pkts,connection.proto,connection.resp_bytes,connection.resp_ip_bytes,connection.resp_p,connection.resp_pkts,connection.service,connection.ts,responded_ip,dns_count,ssh_count,http_count,ssl_count,files_count,dns_qtype,dns_rcode,ssh_auth_attempts,ssh_host_key,http_method,http_status_code,http_user_agent,ssl_version,ssl_cipher,ssl_curve,ssl_validation_status,files_source,file_md5,dns_dicts,ssh_dicts,http_dicts,ssl_dicts,files_dicts
184.86.217.145,0x30e99,CnEyO04WNCvcfWKmW8,RSTR,115.291176,938,2182,37664,24,tcp,4879,5927,443,20,ssl,2017-07-04T13:15:28.665976Z,192.168.10.17,0,0,0,1,0,[],[],[],[],[],[],[],['TLSv12'],['TLS_ECDHE_RSA_WITH_AES_128_GCM_SHA256'],[None],[None],[],[],[],[],[],"[{'ssl.validation_status': None, 'ssl.cipher': 'TLS_ECDHE_RSA_WITH_AES_128_GCM_SHA256', 'ssl.curve': None, 'ssl.version': 'TLSv12', 'count': 1}]",[]
184.86.217.145,0xc37cc,C8SWpi39arIHJrqE64,SF,8.012618,635,1087,50225,9,tcp,190,562,443,7,ssl,2017-07-04T13:15:36.319864Z,192.168.10.51,0,0,0,1,0,[],[],[],[],[],[],[],['TLSv12'],['TLS_ECDHE_RSA_WITH_AES_128_GCM_SHA256'],[None],[None],[],[],[],[],[],"[{'ssl.validation_status': None, 'ssl.cipher': 'TLS_ECDHE_RSA_WITH_AES_128_GCM_SHA256', 'ssl.curve': None, 'ssl.version': 'TLSv12', 'count': 1}]",[]
184.86.217.145,0x155ecb,CW3FFa1G0f7snFY1jb,SF,135.979926,7510,11570,50209,77,tcp,115150,119474,443,83,ssl,2017-07-04T13:15:32.782801Z,192.168.10.51,0,0,0,1,0,[],[],[],[],[],[],[],['TLSv12'],['TLS_ECDHE_RSA_WITH_AES_128_GCM_SHA256'],[None],[None],[],[],[],[],[],"[{'ssl.validation_status': None, 'ssl.cipher': 'TLS_ECDHE_RSA_WITH_AES_128_GCM_SHA256', 'ssl.curve': None, 'ssl.version': 'TLSv12', 'count': 1}]",[]
184.86.217.145,0x24a3f1,CH3S5pCQurT6Kmxuk,RSTR,115.601142,1227,2315,38024,21,tcp,1590,2638,443,20,ssl,2017-07-04T13:23:52.454438Z,192.168.10.17,0,0,0,1,0,[],[],[],[],[],[],[],['TLSv12'],['TLS_ECDHE_RSA_WITH_AES_128_GCM_SHA256'],[None],[None],[],[],[],[],[],"[{'ssl.validation_status': None, 'ssl.cipher': 'TLS_ECDHE_RSA_WITH_AES_128_GCM_SHA256', 'ssl.curve': None, 'ssl.version': 'TLSv12', 'count': 1}]",[]
