originated_ip,uid,connection.uid,connection.conn_state,connection.duration,connection.orig_bytes,connection.orig_ip_bytes,connection.orig_p,connection.orig_pkts,connection.proto,connection.resp_bytes,connection.resp_ip_bytes,connection.resp_p,connection.resp_pkts,connection.service,connection.ts,responded_ip,dns_count,ssh_count,http_count,ssl_count,files_count,dns_qtype,dns_rcode,ssh_auth_attempts,ssh_host_key,http_method,http_status_code,http_user_agent,ssl_version,ssl_cipher,ssl_curve,ssl_validation_status,files_source,file_md5,dns_dicts,ssh_dicts,http_dicts,ssl_dicts,files_dicts
169.55.70.227,0xf45df,Cn8MDu19Ut2WxJRULc,SF,15.329644,2248,2932,49464,13,tcp,6325,6957,443,12,ssl,2017-07-04T13:31:49.922462Z,192.168.10.17,0,0,0,1,0,[],[],[],[],[],[],[],['TLSv12'],['TLS_ECDHE_RSA_WITH_AES_128_GCM_SHA256'],[None],[None],[],[],[],[],[],"[{'ssl.validation_status': None, 'ssl.cipher': 'TLS_ECDHE_RSA_WITH_AES_128_GCM_SHA256', 'ssl.curve': None, 'ssl.version': 'TLSv12', 'count': 1}]",[]
169.55.70.227,0x12531c,CDElsv3GQH2C6prWC,SF,5.97957,599,1091,49468,10,tcp,384,756,443,7,ssl,2017-07-04T13:31:50.01952Z,192.168.10.17,0,0,0,1,0,[],[],[],[],[],[],[],['TLSv12'],['TLS_ECDHE_RSA_WITH_AES_128_GCM_SHA256'],[None],[None],[],[],[],[],[],"[{'ssl.validation_status': None, 'ssl.cipher': 'TLS_ECDHE_RSA_WITH_AES_128_GCM_SHA256', 'ssl.curve': None, 'ssl.version': 'TLSv12', 'count': 1}]",[]
169.55.70.227,0x12531d,CnDhRz4etUy4C0USH9,SF,5.968892,599,1091,49470,10,tcp,384,756,443,7,ssl,2017-07-04T13:31:50.044463Z,192.168.10.17,0,0,0,1,0,[],[],[],[],[],[],[],['TLSv12'],['TLS_ECDHE_RSA_WITH_AES_128_GCM_SHA256'],[None],[None],[],[],[],[],[],"[{'ssl.validation_status': None, 'ssl.cipher': 'TLS_ECDHE_RSA_WITH_AES_128_GCM_SHA256', 'ssl.curve': None, 'ssl.version': 'TLSv12', 'count': 1}]",[]
169.55.70.227,0x2abd17,CxRMhZ2hh9PquvzOge,SF,15.44277,2249,2933,49462,13,tcp,6354,7038,443,13,ssl,2017-07-04T13:31:49.916441Z,192.168.10.17,0,0,0,1,4,[],[],[],[],[],[],[],['TLSv12'],['TLS_ECDHE_RSA_WITH_AES_128_GCM_SHA256'],[None],[None],['SSL'],"['91de0625abdafd32170cbb25172a8467', '4c4d4234a7a4ac0600be6e30b87824f9', '96c25031bc0dc35cfba723731e1b4140', '81528b89e165204a75ad85e8c388cd68']",[],[],[],"[{'ssl.validation_status': None, 'ssl.cipher': 'TLS_ECDHE_RSA_WITH_AES_128_GCM_SHA256', 'ssl.curve': None, 'ssl.version': 'TLSv12', 'count': 1}]","[{'files.source': 'SSL', 'file.md5s': {'91de0625abdafd32170cbb25172a8467', '4c4d4234a7a4ac0600be6e30b87824f9', '96c25031bc0dc35cfba723731e1b4140', '81528b89e165204a75ad85e8c388cd68'}, 'count': 4}]"
