originated_ip,uid,connection.uid,connection.conn_state,connection.duration,connection.orig_bytes,connection.orig_ip_bytes,connection.orig_p,connection.orig_pkts,connection.proto,connection.resp_bytes,connection.resp_ip_bytes,connection.resp_p,connection.resp_pkts,connection.service,connection.ts,responded_ip,dns_count,ssh_count,http_count,ssl_count,files_count,dns_qtype,dns_rcode,ssh_auth_attempts,ssh_host_key,http_method,http_status_code,http_user_agent,ssl_version,ssl_cipher,ssl_curve,ssl_validation_status,files_source,file_md5,dns_dicts,ssh_dicts,http_dicts,ssl_dicts,files_dicts
129.146.14.97,0xdc2d9,C9L2gy2Td0exW30HNa,SF,5.346453,0,216,40838,4,tcp,0,112,80,2,,2017-07-04T13:31:52.697664Z,192.168.10.17,0,0,0,0,0,[],[],[],[],[],[],[],[],[],[],[],[],[],[],[],[],[],[]
129.146.14.97,0x200ed0,CUb9Hb4ClUuL6qM9S2,SF,65.180479,336,916,40837,11,tcp,527,1107,80,11,http,2017-07-04T13:31:52.697615Z,192.168.10.17,0,0,1,0,1,[],[],[],[],['GET'],[200],[None],[],[],[],[],['HTTP'],['3f386f5061436a0338a64e0910db495d'],[],[],"[{'http.status_code': 200, 'http.user_agent': None, 'http.method': 'GET', 'count': 1}]",[],"[{'files.source': 'HTTP', 'file.md5s': {'3f386f5061436a0338a64e0910db495d'}, 'count': 1}]"
129.146.14.97,0x2ab9c9,C207JyacqvaRdDHXl,SF,14.495965,1,162,51145,4,tcp,31,255,443,5,,2017-07-04T13:05:03.577446Z,192.168.10.14,0,0,0,0,0,[],[],[],[],[],[],[],[],[],[],[],[],[],[],[],[],[],[]
129.146.14.97,0x2f4eaf,Ctbmc82heoNrcmE1d9,SF,146.739006,1912,2978,51487,26,tcp,1850,3070,443,26,ssl,2017-07-04T13:07:28.496739Z,192.168.10.14,0,0,0,1,0,[],[],[],[],[],[],[],['TLSv12'],['TLS_ECDHE_RSA_WITH_AES_256_GCM_SHA384'],[None],[None],[],[],[],[],[],"[{'ssl.validation_status': None, 'ssl.cipher': 'TLS_ECDHE_RSA_WITH_AES_256_GCM_SHA384', 'ssl.curve': None, 'ssl.version': 'TLSv12', 'count': 1}]",[]
