originated_ip,uid,connection.uid,connection.conn_state,connection.duration,connection.orig_bytes,connection.orig_ip_bytes,connection.orig_p,connection.orig_pkts,connection.proto,connection.resp_bytes,connection.resp_ip_bytes,connection.resp_p,connection.resp_pkts,connection.service,connection.ts,responded_ip,dns_count,ssh_count,http_count,ssl_count,files_count,dns_qtype,dns_rcode,ssh_auth_attempts,ssh_host_key,http_method,http_status_code,http_user_agent,ssl_version,ssl_cipher,ssl_curve,ssl_validation_status,files_source,file_md5,dns_dicts,ssh_dicts,http_dicts,ssl_dicts,files_dicts
129.146.13.99,0x156022,CC35rjldPG9f0qTj3,SF,65.483451,1356,2014,52883,16,tcp,4639,5363,443,16,ssl,2017-07-04T13:31:12.317014Z,192.168.10.15,0,0,0,1,2,[],[],[],[],[],[],[],['TLSv12'],['TLS_ECDHE_RSA_WITH_AES_256_GCM_SHA384'],[None],[None],['SSL'],"['a1f7e27481eca50765970d37d59f943d', 'c8c47b15f496af7b75e47f3ef41c70ba']",[],[],[],"[{'ssl.validation_status': None, 'ssl.cipher': 'TLS_ECDHE_RSA_WITH_AES_256_GCM_SHA384', 'ssl.curve': None, 'ssl.version': 'TLSv12', 'count': 1}]","[{'files.source': 'SSL', 'file.md5s': {'a1f7e27481eca50765970d37d59f943d', 'c8c47b15f496af7b75e47f3ef41c70ba'}, 'count': 2}]"
129.146.13.99,0x16e7cd,CpMoNw4kiXQYhGB3mb,SF,6.005141,351,879,39546,10,tcp,3597,3969,443,7,ssl,2017-07-04T13:27:53.209633Z,192.168.10.12,0,0,0,1,0,[],[],[],[],[],[],[],['TLSv12'],['TLS_ECDHE_RSA_WITH_AES_256_GCM_SHA384'],[None],[None],[],[],[],[],[],"[{'ssl.validation_status': None, 'ssl.cipher': 'TLS_ECDHE_RSA_WITH_AES_256_GCM_SHA384', 'ssl.curve': None, 'ssl.version': 'TLSv12', 'count': 1}]",[]
129.146.13.99,0x19f3b1,CtSaKX2NjhnjOAbm2g,SF,65.378486,735,1575,39544,16,tcp,4184,4972,443,15,ssl,2017-07-04T13:27:53.209545Z,192.168.10.12,0,0,0,1,2,[],[],[],[],[],[],[],['TLSv12'],['TLS_ECDHE_RSA_WITH_AES_256_GCM_SHA384'],[None],[None],['SSL'],"['a1f7e27481eca50765970d37d59f943d', 'c8c47b15f496af7b75e47f3ef41c70ba']",[],[],[],"[{'ssl.validation_status': None, 'ssl.cipher': 'TLS_ECDHE_RSA_WITH_AES_256_GCM_SHA384', 'ssl.curve': None, 'ssl.version': 'TLSv12', 'count': 1}]","[{'files.source': 'SSL', 'file.md5s': {'a1f7e27481eca50765970d37d59f943d', 'c8c47b15f496af7b75e47f3ef41c70ba'}, 'count': 2}]"
129.146.13.99,0x200e89,CtfaFr2eqWCLIksNx1,SF,5.768135,351,723,52884,9,tcp,3597,3889,443,7,ssl,2017-07-04T13:31:12.317412Z,192.168.10.15,0,0,0,1,2,[],[],[],[],[],[],[],['TLSv12'],['TLS_ECDHE_RSA_WITH_AES_256_GCM_SHA384'],[None],[None],['SSL'],"['a1f7e27481eca50765970d37d59f943d', 'c8c47b15f496af7b75e47f3ef41c70ba']",[],[],[],"[{'ssl.validation_status': None, 'ssl.cipher': 'TLS_ECDHE_RSA_WITH_AES_256_GCM_SHA384', 'ssl.curve': None, 'ssl.version': 'TLSv12', 'count': 1}]","[{'files.source': 'SSL', 'file.md5s': {'a1f7e27481eca50765970d37d59f943d', 'c8c47b15f496af7b75e47f3ef41c70ba'}, 'count': 2}]"
