originated_ip,uid,connection.uid,connection.conn_state,connection.duration,connection.orig_bytes,connection.orig_ip_bytes,connection.orig_p,connection.orig_pkts,connection.proto,connection.resp_bytes,connection.resp_ip_bytes,connection.resp_p,connection.resp_pkts,connection.service,connection.ts,responded_ip,dns_count,ssh_count,http_count,ssl_count,files_count,dns_qtype,dns_rcode,ssh_auth_attempts,ssh_host_key,http_method,http_status_code,http_user_agent,ssl_version,ssl_cipher,ssl_curve,ssl_validation_status,files_source,file_md5,dns_dicts,ssh_dicts,http_dicts,ssl_dicts,files_dicts
107.178.245.158,0x61d08,CsMZVz1aCXL4EQPnS2,SF,460.422206,49667,53759,53665,102,tcp,5676,10928,443,131,ssl,2017-07-04T13:19:11.92123Z,192.168.10.5,0,0,0,1,2,[],[],[],[],[],[],[],['TLSv12'],['TLS_ECDHE_RSA_WITH_AES_128_GCM_SHA256'],[None],[None],['SSL'],"['901103db6490bcba382e65f965386519', '4bb4c897b714852498d7c72e087ecbfe']",[],[],[],"[{'ssl.validation_status': None, 'ssl.cipher': 'TLS_ECDHE_RSA_WITH_AES_128_GCM_SHA256', 'ssl.curve': None, 'ssl.version': 'TLSv12', 'count': 1}]","[{'files.source': 'SSL', 'file.md5s': {'901103db6490bcba382e65f965386519', '4bb4c897b714852498d7c72e087ecbfe'}, 'count': 2}]"
107.178.245.158,0x7a37e,CIn5AqcnqHbsyBq98,RSTO,0.216466,494,866,53666,9,tcp,3305,3637,443,8,ssl,2017-07-04T13:19:11.961865Z,192.168.10.5,0,0,0,1,2,[],[],[],[],[],[],[],['TLSv12'],['TLS_ECDHE_RSA_WITH_AES_128_GCM_SHA256'],[None],[None],['SSL'],"['901103db6490bcba382e65f965386519', '4bb4c897b714852498d7c72e087ecbfe']",[],[],[],"[{'ssl.validation_status': None, 'ssl.cipher': 'TLS_ECDHE_RSA_WITH_AES_128_GCM_SHA256', 'ssl.curve': None, 'ssl.version': 'TLSv12', 'count': 1}]","[{'files.source': 'SSL', 'file.md5s': {'901103db6490bcba382e65f965386519', '4bb4c897b714852498d7c72e087ecbfe'}, 'count': 2}]"
107.178.245.158,0x10ccd7,Cg24Bt2hQ1fIOqdnn6,SF,201.114518,2415,3787,53835,34,tcp,978,2270,443,32,ssl,2017-07-04T13:27:51.921019Z,192.168.10.5,0,0,0,1,0,[],[],[],[],[],[],[],['TLSv12'],['TLS_ECDHE_RSA_WITH_AES_128_GCM_SHA256'],[None],[None],[],[],[],[],[],"[{'ssl.validation_status': None, 'ssl.cipher': 'TLS_ECDHE_RSA_WITH_AES_128_GCM_SHA256', 'ssl.curve': None, 'ssl.version': 'TLSv12', 'count': 1}]",[]
107.178.245.158,0x16e756,CdYdra364DnX8S2Oi6,RSTO,43.885565,1937,2789,53857,21,tcp,725,1577,443,21,ssl,2017-07-04T13:32:11.918775Z,192.168.10.5,0,0,0,1,0,[],[],[],[],[],[],[],['TLSv12'],['TLS_ECDHE_RSA_WITH_AES_128_GCM_SHA256'],[None],[None],[],[],[],[],[],"[{'ssl.validation_status': None, 'ssl.cipher': 'TLS_ECDHE_RSA_WITH_AES_128_GCM_SHA256', 'ssl.curve': None, 'ssl.version': 'TLSv12', 'count': 1}]",[]
