originated_ip,uid,connection.uid,connection.conn_state,connection.duration,connection.orig_bytes,connection.orig_ip_bytes,connection.orig_p,connection.orig_pkts,connection.proto,connection.resp_bytes,connection.resp_ip_bytes,connection.resp_p,connection.resp_pkts,connection.service,connection.ts,responded_ip,dns_count,ssh_count,http_count,ssl_count,files_count,dns_qtype,dns_rcode,ssh_auth_attempts,ssh_host_key,http_method,http_status_code,http_user_agent,ssl_version,ssl_cipher,ssl_curve,ssl_validation_status,files_source,file_md5,dns_dicts,ssh_dicts,http_dicts,ssl_dicts,files_dicts
172.217.11.46,0xdbbe3,C2Bfyq2T7cRChPOIx4,SF,115.561267,435,3927,48346,67,tcp,76909,80401,80,67,http,2017-07-04T13:10:14.364628Z,192.168.10.16,0,0,1,0,1,[],[],[],[],['GET'],[200],[None],[],[],[],[],['HTTP'],[''],[],[],"[{'http.status_code': 200, 'http.user_agent': None, 'http.method': 'GET', 'count': 1}]",[],"[{'files.source': 'HTTP', 'file.md5s': {''}, 'count': 1}]"
172.217.11.46,0xf43ed,C2wfab11mwo81klKzk,SF,181.270207,1252,2832,46594,30,tcp,6996,8398,443,26,ssl,2017-07-04T13:06:51.615502Z,192.168.10.16,0,0,0,1,0,[],[],[],[],[],[],[],['TLSv12'],['TLS_ECDHE_ECDSA_WITH_AES_128_GCM_SHA256'],[None],[None],[],[],[],[],[],"[{'ssl.validation_status': None, 'ssl.cipher': 'TLS_ECDHE_ECDSA_WITH_AES_128_GCM_SHA256', 'ssl.curve': None, 'ssl.version': 'TLSv12', 'count': 1}]",[]
172.217.11.46,0x19f19b,COqcPk4nZLABbKZBVd,SF,180.737771,992,2044,52540,26,tcp,20069,21161,443,27,ssl,2017-07-04T13:14:27.082663Z,192.168.10.15,0,0,0,1,3,[],[],[],[],[],[],[],['TLSv12'],['TLS_ECDHE_ECDSA_WITH_AES_128_GCM_SHA256'],[None],[None],['SSL'],"['17866ccbd224bd2ff9df48b95118f935', '2e7db2a31d0e3da4b25f49b9542a2e1a', '2446fa633d27755d6b0403be0b8c2cbe']",[],[],[],"[{'ssl.validation_status': None, 'ssl.cipher': 'TLS_ECDHE_ECDSA_WITH_AES_128_GCM_SHA256', 'ssl.curve': None, 'ssl.version': 'TLSv12', 'count': 1}]","[{'files.source': 'SSL', 'file.md5s': {'17866ccbd224bd2ff9df48b95118f935', '2e7db2a31d0e3da4b25f49b9542a2e1a', '2446fa633d27755d6b0403be0b8c2cbe'}, 'count': 3}]"
172.217.11.46,0x2abc23,CDNlDX27sSkkE39PVc,SF,181.074219,1358,2458,46814,21,tcp,2672,3668,443,19,ssl,2017-07-04T13:10:12.864609Z,192.168.10.16,0,0,0,1,0,[],[],[],[],[],[],[],['TLSv12'],['TLS_ECDHE_ECDSA_WITH_AES_128_GCM_SHA256'],[None],[None],[],[],[],[],[],"[{'ssl.validation_status': None, 'ssl.cipher': 'TLS_ECDHE_ECDSA_WITH_AES_128_GCM_SHA256', 'ssl.curve': None, 'ssl.version': 'TLSv12', 'count': 1}]",[]
