originated_ip,uid,connection.uid,connection.conn_state,connection.duration,connection.orig_bytes,connection.orig_ip_bytes,connection.orig_p,connection.orig_pkts,connection.proto,connection.resp_bytes,connection.resp_ip_bytes,connection.resp_p,connection.resp_pkts,connection.service,connection.ts,responded_ip,dns_count,ssh_count,http_count,ssl_count,files_count,dns_qtype,dns_rcode,ssh_auth_attempts,ssh_host_key,http_method,http_status_code,http_user_agent,ssl_version,ssl_cipher,ssl_curve,ssl_validation_status,files_source,file_md5,dns_dicts,ssh_dicts,http_dicts,ssl_dicts,files_dicts
183.79.1.73,0x1b77b7,CYrO3i2NdHfZDwGjJb,RSTR,1.225612,1167,1695,58602,10,tcp,4005,4573,443,11,ssl,2017-07-04T13:13:42.589391Z,192.168.10.16,0,0,0,1,2,[],[],[],[],[],[],[],['TLSv12'],['TLS_ECDHE_RSA_WITH_AES_128_GCM_SHA256'],[None],[None],['SSL'],"['fdd81c8d669021d111a9bff4adf913be', '60f3eada341d4522166688fb1dd58f64']",[],[],[],"[{'ssl.validation_status': None, 'ssl.cipher': 'TLS_ECDHE_RSA_WITH_AES_128_GCM_SHA256', 'ssl.curve': None, 'ssl.version': 'TLSv12', 'count': 1}]","[{'files.source': 'SSL', 'file.md5s': {'fdd81c8d669021d111a9bff4adf913be', '60f3eada341d4522166688fb1dd58f64'}, 'count': 2}]"
183.79.1.73,0x1cfe74,CuNEjapXNQ2q0anof,SF,5.827166,349,877,58608,10,tcp,3350,3670,443,6,ssl,2017-07-04T13:13:42.589629Z,192.168.10.16,0,0,0,1,2,[],[],[],[],[],[],[],['TLSv12'],['TLS_ECDHE_RSA_WITH_AES_128_GCM_SHA256'],[None],[None],['SSL'],"['fdd81c8d669021d111a9bff4adf913be', '60f3eada341d4522166688fb1dd58f64']",[],[],[],"[{'ssl.validation_status': None, 'ssl.cipher': 'TLS_ECDHE_RSA_WITH_AES_128_GCM_SHA256', 'ssl.curve': None, 'ssl.version': 'TLSv12', 'count': 1}]","[{'files.source': 'SSL', 'file.md5s': {'fdd81c8d669021d111a9bff4adf913be', '60f3eada341d4522166688fb1dd58f64'}, 'count': 2}]"
183.79.1.73,0x2c4090,CCcqdO3uIs5NpNdmU4,SF,1.00752,1136,1612,58604,9,tcp,4005,4585,443,11,ssl,2017-07-04T13:13:42.589485Z,192.168.10.16,0,0,0,1,2,[],[],[],[],[],[],[],['TLSv12'],['TLS_ECDHE_RSA_WITH_AES_128_GCM_SHA256'],[None],[None],['SSL'],"['fdd81c8d669021d111a9bff4adf913be', '60f3eada341d4522166688fb1dd58f64']",[],[],[],"[{'ssl.validation_status': None, 'ssl.cipher': 'TLS_ECDHE_RSA_WITH_AES_128_GCM_SHA256', 'ssl.curve': None, 'ssl.version': 'TLSv12', 'count': 1}]","[{'files.source': 'SSL', 'file.md5s': {'fdd81c8d669021d111a9bff4adf913be', '60f3eada341d4522166688fb1dd58f64'}, 'count': 2}]"
183.79.1.73,0x2c4097,CfE7u33zUCxnbbC4A6,SF,5.828681,349,877,58606,10,tcp,3350,3670,443,6,ssl,2017-07-04T13:13:42.589544Z,192.168.10.16,0,0,0,1,2,[],[],[],[],[],[],[],['TLSv12'],['TLS_ECDHE_RSA_WITH_AES_128_GCM_SHA256'],[None],[None],['SSL'],"['fdd81c8d669021d111a9bff4adf913be', '60f3eada341d4522166688fb1dd58f64']",[],[],[],"[{'ssl.validation_status': None, 'ssl.cipher': 'TLS_ECDHE_RSA_WITH_AES_128_GCM_SHA256', 'ssl.curve': None, 'ssl.version': 'TLSv12', 'count': 1}]","[{'files.source': 'SSL', 'file.md5s': {'fdd81c8d669021d111a9bff4adf913be', '60f3eada341d4522166688fb1dd58f64'}, 'count': 2}]"
