originated_ip,uid,connection.uid,connection.conn_state,connection.duration,connection.orig_bytes,connection.orig_ip_bytes,connection.orig_p,connection.orig_pkts,connection.proto,connection.resp_bytes,connection.resp_ip_bytes,connection.resp_p,connection.resp_pkts,connection.service,connection.ts,responded_ip,dns_count,ssh_count,http_count,ssl_count,files_count,dns_qtype,dns_rcode,ssh_auth_attempts,ssh_host_key,http_method,http_status_code,http_user_agent,ssl_version,ssl_cipher,ssl_curve,ssl_validation_status,files_source,file_md5,dns_dicts,ssh_dicts,http_dicts,ssl_dicts,files_dicts
162.248.16.28,0x61b17,Cf2nLy45ARFYeIurr3,SF,0.273577,2212,2424,52403,5,tcp,802,1006,80,5,http,2017-07-04T13:10:59.435683Z,192.168.10.15,0,0,1,0,1,[],[],[],[],['GET'],[200],[None],[],[],[],[],['HTTP'],['d89746888da2d9510b64a9f031eaecd5'],[],[],"[{'http.status_code': 200, 'http.user_agent': None, 'http.method': 'GET', 'count': 1}]",[],"[{'files.source': 'HTTP', 'file.md5s': {'d89746888da2d9510b64a9f031eaecd5'}, 'count': 1}]"
162.248.16.28,0xaafdf,Cjovx11zJxmVPn2jRg,SF,5.437147,559,931,51696,9,tcp,3164,3488,443,8,ssl,2017-07-04T13:09:33.993639Z,192.168.10.14,0,0,0,1,2,[],[],[],[],[],[],[],['TLSv12'],['TLS_RSA_WITH_3DES_EDE_CBC_SHA'],[None],[None],['SSL'],"['db8d951b442ca02001a94b9de11b05f9', '9129733212d5f5651864d86b7bae0b98']",[],[],[],"[{'ssl.validation_status': None, 'ssl.cipher': 'TLS_RSA_WITH_3DES_EDE_CBC_SHA', 'ssl.curve': None, 'ssl.version': 'TLSv12', 'count': 1}]","[{'files.source': 'SSL', 'file.md5s': {'db8d951b442ca02001a94b9de11b05f9', '9129733212d5f5651864d86b7bae0b98'}, 'count': 2}]"
162.248.16.28,0x155cdd,CUjVWr3qACMPLc1Fv3,SF,0.26207,4147,4447,33198,7,tcp,671,955,80,7,http,2017-07-04T13:06:10.243667Z,192.168.10.19,0,0,1,0,1,[],[],[],[],['GET'],[200],[None],[],[],[],[],['HTTP'],['d89746888da2d9510b64a9f031eaecd5'],[],[],"[{'http.status_code': 200, 'http.user_agent': None, 'http.method': 'GET', 'count': 1}]",[],"[{'files.source': 'HTTP', 'file.md5s': {'d89746888da2d9510b64a9f031eaecd5'}, 'count': 1}]"
162.248.16.28,0x1e85bf,CKphEbVUU4c0NJYhc,SF,0.476606,1540,1912,51695,9,tcp,4542,4946,443,10,ssl,2017-07-04T13:09:33.993554Z,192.168.10.14,0,0,0,1,2,[],[],[],[],[],[],[],['TLSv12'],['TLS_RSA_WITH_3DES_EDE_CBC_SHA'],[None],[None],['SSL'],"['db8d951b442ca02001a94b9de11b05f9', '9129733212d5f5651864d86b7bae0b98']",[],[],[],"[{'ssl.validation_status': None, 'ssl.cipher': 'TLS_RSA_WITH_3DES_EDE_CBC_SHA', 'ssl.curve': None, 'ssl.version': 'TLSv12', 'count': 1}]","[{'files.source': 'SSL', 'file.md5s': {'db8d951b442ca02001a94b9de11b05f9', '9129733212d5f5651864d86b7bae0b98'}, 'count': 2}]"
