originated_ip,uid,connection.uid,connection.conn_state,connection.duration,connection.orig_bytes,connection.orig_ip_bytes,connection.orig_p,connection.orig_pkts,connection.proto,connection.resp_bytes,connection.resp_ip_bytes,connection.resp_p,connection.resp_pkts,connection.service,connection.ts,responded_ip,dns_count,ssh_count,http_count,ssl_count,files_count,dns_qtype,dns_rcode,ssh_auth_attempts,ssh_host_key,http_method,http_status_code,http_user_agent,ssl_version,ssl_cipher,ssl_curve,ssl_validation_status,files_source,file_md5,dns_dicts,ssh_dicts,http_dicts,ssl_dicts,files_dicts
192.82.242.21,0x7a274,Cj4Bf12GZaUVqTTdJ2,SF,5.436682,560,972,51644,10,tcp,4567,4931,443,9,ssl,2017-07-04T13:09:29.92603Z,192.168.10.14,0,0,0,1,3,[],[],[],[],[],[],[],['TLSv12'],['TLS_RSA_WITH_3DES_EDE_CBC_SHA'],[None],[None],['SSL'],"['db8d951b442ca02001a94b9de11b05f9', '9129733212d5f5651864d86b7bae0b98', '1edaf9ae99ce2920667d0e9a8b3f8c9c']",[],[],[],"[{'ssl.validation_status': None, 'ssl.cipher': 'TLS_RSA_WITH_3DES_EDE_CBC_SHA', 'ssl.curve': None, 'ssl.version': 'TLSv12', 'count': 1}]","[{'files.source': 'SSL', 'file.md5s': {'db8d951b442ca02001a94b9de11b05f9', '9129733212d5f5651864d86b7bae0b98', '1edaf9ae99ce2920667d0e9a8b3f8c9c'}, 'count': 3}]"
192.82.242.21,0x1250a6,CNpk4o1dKFggXLlNyh,SF,0.333374,1189,1641,51643,11,tcp,5569,6013,443,11,ssl,2017-07-04T13:09:29.925812Z,192.168.10.14,0,0,0,1,3,[],[],[],[],[],[],[],['TLSv12'],['TLS_RSA_WITH_3DES_EDE_CBC_SHA'],[None],[None],['SSL'],"['db8d951b442ca02001a94b9de11b05f9', '9129733212d5f5651864d86b7bae0b98', '1edaf9ae99ce2920667d0e9a8b3f8c9c']",[],[],[],"[{'ssl.validation_status': None, 'ssl.cipher': 'TLS_RSA_WITH_3DES_EDE_CBC_SHA', 'ssl.curve': None, 'ssl.version': 'TLSv12', 'count': 1}]","[{'files.source': 'SSL', 'file.md5s': {'db8d951b442ca02001a94b9de11b05f9', '9129733212d5f5651864d86b7bae0b98', '1edaf9ae99ce2920667d0e9a8b3f8c9c'}, 'count': 3}]"
192.82.242.21,0x16e38b,C3bR2LhwiHt050MRa,SF,0.162935,2773,3145,53536,9,tcp,5313,5757,443,11,ssl,2017-07-04T13:10:31.610217Z,192.168.10.5,0,0,0,1,3,[],[],[],[],[],[],[],['TLSv12'],['TLS_RSA_WITH_3DES_EDE_CBC_SHA'],[None],[None],['SSL'],"['db8d951b442ca02001a94b9de11b05f9', '9129733212d5f5651864d86b7bae0b98', '1edaf9ae99ce2920667d0e9a8b3f8c9c']",[],[],[],"[{'ssl.validation_status': None, 'ssl.cipher': 'TLS_RSA_WITH_3DES_EDE_CBC_SHA', 'ssl.curve': None, 'ssl.version': 'TLSv12', 'count': 1}]","[{'files.source': 'SSL', 'file.md5s': {'db8d951b442ca02001a94b9de11b05f9', '9129733212d5f5651864d86b7bae0b98', '1edaf9ae99ce2920667d0e9a8b3f8c9c'}, 'count': 3}]"
192.82.242.21,0x1b78bb,Cyi5NC3xnifHcfK677,SF,0.7169,1277,1649,52009,9,tcp,1268,1632,443,9,ssl,2017-07-04T13:10:57.131532Z,192.168.10.14,0,0,0,1,0,[],[],[],[],[],[],[],['TLSv12'],['TLS_RSA_WITH_3DES_EDE_CBC_SHA'],[None],[None],[],[],[],[],[],"[{'ssl.validation_status': None, 'ssl.cipher': 'TLS_RSA_WITH_3DES_EDE_CBC_SHA', 'ssl.curve': None, 'ssl.version': 'TLSv12', 'count': 1}]",[]
