originated_ip,uid,connection.uid,connection.conn_state,connection.duration,connection.orig_bytes,connection.orig_ip_bytes,connection.orig_p,connection.orig_pkts,connection.proto,connection.resp_bytes,connection.resp_ip_bytes,connection.resp_p,connection.resp_pkts,connection.service,connection.ts,responded_ip,dns_count,ssh_count,http_count,ssl_count,files_count,dns_qtype,dns_rcode,ssh_auth_attempts,ssh_host_key,http_method,http_status_code,http_user_agent,ssl_version,ssl_cipher,ssl_curve,ssl_validation_status,files_source,file_md5,dns_dicts,ssh_dicts,http_dicts,ssl_dicts,files_dicts
120.37.140.227,0xf43ca,CUMXlS1C8laFEyIKS1,SF,1.655383,524,1000,52621,11,tcp,3251,3687,443,10,ssl,2017-07-04T13:17:42.082222Z,192.168.10.15,0,0,0,1,2,[],[],[],[],[],[],[],['TLSv12'],['TLS_ECDHE_RSA_WITH_AES_128_GCM_SHA256'],[None],[None],['SSL'],"['2e49a9d5a300f9e16c6efea65d0375cf', 'd3e8706d8292ace4ddebf7a8bbbd566b']",[],[],[],"[{'ssl.validation_status': None, 'ssl.cipher': 'TLS_ECDHE_RSA_WITH_AES_128_GCM_SHA256', 'ssl.curve': None, 'ssl.version': 'TLSv12', 'count': 1}]","[{'files.source': 'SSL', 'file.md5s': {'2e49a9d5a300f9e16c6efea65d0375cf', 'd3e8706d8292ace4ddebf7a8bbbd566b'}, 'count': 2}]"
120.37.140.227,0x200cb7,CI2kbH3rhfGhHMA3Th,SF,1.542387,524,948,52624,10,tcp,3251,3635,443,9,ssl,2017-07-04T13:17:42.332749Z,192.168.10.15,0,0,0,1,2,[],[],[],[],[],[],[],['TLSv12'],['TLS_ECDHE_RSA_WITH_AES_128_GCM_SHA256'],[None],[None],['SSL'],"['2e49a9d5a300f9e16c6efea65d0375cf', 'd3e8706d8292ace4ddebf7a8bbbd566b']",[],[],[],"[{'ssl.validation_status': None, 'ssl.cipher': 'TLS_ECDHE_RSA_WITH_AES_128_GCM_SHA256', 'ssl.curve': None, 'ssl.version': 'TLSv12', 'count': 1}]","[{'files.source': 'SSL', 'file.md5s': {'2e49a9d5a300f9e16c6efea65d0375cf', 'd3e8706d8292ace4ddebf7a8bbbd566b'}, 'count': 2}]"
120.37.140.227,0x2abb19,CHBVXX1xV4vyaCsJh5,SF,2.244853,524,1177,52601,11,tcp,3251,3634,443,9,ssl,2017-07-04T13:17:40.069461Z,192.168.10.15,0,0,0,1,2,[],[],[],[],[],[],[],['TLSv12'],['TLS_ECDHE_RSA_WITH_AES_128_GCM_SHA256'],[None],[None],['SSL'],"['2e49a9d5a300f9e16c6efea65d0375cf', 'd3e8706d8292ace4ddebf7a8bbbd566b']",[],[],[],"[{'ssl.validation_status': None, 'ssl.cipher': 'TLS_ECDHE_RSA_WITH_AES_128_GCM_SHA256', 'ssl.curve': None, 'ssl.version': 'TLSv12', 'count': 1}]","[{'files.source': 'SSL', 'file.md5s': {'2e49a9d5a300f9e16c6efea65d0375cf', 'd3e8706d8292ace4ddebf7a8bbbd566b'}, 'count': 2}]"
120.37.140.227,0x2f4ed0,CZGFbB3YpryLXEFN3a,SF,183.99263,1042,2366,52596,31,tcp,16118,17463,443,32,ssl,2017-07-04T13:17:39.817992Z,192.168.10.15,0,0,0,1,2,[],[],[],[],[],[],[],['TLSv12'],['TLS_ECDHE_RSA_WITH_AES_128_GCM_SHA256'],[None],[None],['SSL'],"['2e49a9d5a300f9e16c6efea65d0375cf', 'd3e8706d8292ace4ddebf7a8bbbd566b']",[],[],[],"[{'ssl.validation_status': None, 'ssl.cipher': 'TLS_ECDHE_RSA_WITH_AES_128_GCM_SHA256', 'ssl.curve': None, 'ssl.version': 'TLSv12', 'count': 1}]","[{'files.source': 'SSL', 'file.md5s': {'2e49a9d5a300f9e16c6efea65d0375cf', 'd3e8706d8292ace4ddebf7a8bbbd566b'}, 'count': 2}]"
