originated_ip,uid,connection.uid,connection.conn_state,connection.duration,connection.orig_bytes,connection.orig_ip_bytes,connection.orig_p,connection.orig_pkts,connection.proto,connection.resp_bytes,connection.resp_ip_bytes,connection.resp_p,connection.resp_pkts,connection.service,connection.ts,responded_ip,dns_count,ssh_count,http_count,ssl_count,files_count,dns_qtype,dns_rcode,ssh_auth_attempts,ssh_host_key,http_method,http_status_code,http_user_agent,ssl_version,ssl_cipher,ssl_curve,ssl_validation_status,files_source,file_md5,dns_dicts,ssh_dicts,http_dicts,ssl_dicts,files_dicts
183.79.250.123,0x92bd4,CQk1da4VcGhNOQ4U98,S1,65.985128,1535,2627,52265,27,tcp,11348,12560,443,30,ssl,2017-07-04T13:33:37.919199Z,192.168.10.14,0,0,0,1,2,[],[],[],[],[],[],[],['TLSv12'],['TLS_ECDHE_RSA_WITH_AES_128_GCM_SHA256'],[None],[None],['SSL'],"['64768fb7704c31d40e369d6bae5dabbb', '83744d9cefffc9cbc1e66a8c828a537f']",[],[],[],"[{'ssl.validation_status': None, 'ssl.cipher': 'TLS_ECDHE_RSA_WITH_AES_128_GCM_SHA256', 'ssl.curve': None, 'ssl.version': 'TLSv12', 'count': 1}]","[{'files.source': 'SSL', 'file.md5s': {'64768fb7704c31d40e369d6bae5dabbb', '83744d9cefffc9cbc1e66a8c828a537f'}, 'count': 2}]"
183.79.250.123,0x13da63,CInUfh2QxrB42tMmX4,SF,0.754871,529,981,52301,11,tcp,5275,5767,443,12,ssl,2017-07-04T13:33:39.683385Z,192.168.10.14,0,0,0,1,2,[],[],[],[],[],[],[],['TLSv12'],['TLS_ECDHE_RSA_WITH_AES_128_GCM_SHA256'],[None],[None],['SSL'],"['64768fb7704c31d40e369d6bae5dabbb', '83744d9cefffc9cbc1e66a8c828a537f']",[],[],[],"[{'ssl.validation_status': None, 'ssl.cipher': 'TLS_ECDHE_RSA_WITH_AES_128_GCM_SHA256', 'ssl.curve': None, 'ssl.version': 'TLSv12', 'count': 1}]","[{'files.source': 'SSL', 'file.md5s': {'64768fb7704c31d40e369d6bae5dabbb', '83744d9cefffc9cbc1e66a8c828a537f'}, 'count': 2}]"
183.79.250.123,0x2c446e,CqaYRY3Ppvyk1mTaC9,SF,0.38753,194,406,52379,5,tcp,4878,5170,443,7,ssl,2017-07-04T13:33:44.574378Z,192.168.10.14,0,0,0,1,2,[],[],[],[],[],[],[],['TLSv12'],['TLS_ECDHE_RSA_WITH_AES_128_GCM_SHA256'],[None],[None],['SSL'],"['64768fb7704c31d40e369d6bae5dabbb', '83744d9cefffc9cbc1e66a8c828a537f']",[],[],[],"[{'ssl.validation_status': None, 'ssl.cipher': 'TLS_ECDHE_RSA_WITH_AES_128_GCM_SHA256', 'ssl.curve': None, 'ssl.version': 'TLSv12', 'count': 1}]","[{'files.source': 'SSL', 'file.md5s': {'64768fb7704c31d40e369d6bae5dabbb', '83744d9cefffc9cbc1e66a8c828a537f'}, 'count': 2}]"
183.79.250.123,0x2f517f,CmmD4W2lKO20ZaV2f,SF,1.451475,788,1400,52264,15,tcp,6750,7402,443,16,ssl,2017-07-04T13:33:37.919106Z,192.168.10.14,0,0,0,1,2,[],[],[],[],[],[],[],['TLSv12'],['TLS_ECDHE_RSA_WITH_AES_128_GCM_SHA256'],[None],[None],['SSL'],"['64768fb7704c31d40e369d6bae5dabbb', '83744d9cefffc9cbc1e66a8c828a537f']",[],[],[],"[{'ssl.validation_status': None, 'ssl.cipher': 'TLS_ECDHE_RSA_WITH_AES_128_GCM_SHA256', 'ssl.curve': None, 'ssl.version': 'TLSv12', 'count': 1}]","[{'files.source': 'SSL', 'file.md5s': {'64768fb7704c31d40e369d6bae5dabbb', '83744d9cefffc9cbc1e66a8c828a537f'}, 'count': 2}]"
