originated_ip,uid,connection.uid,connection.conn_state,connection.duration,connection.orig_bytes,connection.orig_ip_bytes,connection.orig_p,connection.orig_pkts,connection.proto,connection.resp_bytes,connection.resp_ip_bytes,connection.resp_p,connection.resp_pkts,connection.service,connection.ts,responded_ip,dns_count,ssh_count,http_count,ssl_count,files_count,dns_qtype,dns_rcode,ssh_auth_attempts,ssh_host_key,http_method,http_status_code,http_user_agent,ssl_version,ssl_cipher,ssl_curve,ssl_validation_status,files_source,file_md5,dns_dicts,ssh_dicts,http_dicts,ssl_dicts,files_dicts
172.217.12.202,0x1890c,CNM03w2owB98urHo3a,SF,5.083846,0,216,56930,4,tcp,0,112,80,2,,2017-07-04T13:10:11.83895Z,192.168.10.16,0,0,0,0,0,[],[],[],[],[],[],[],[],[],[],[],[],[],[],[],[],[],[]
172.217.12.202,0x495f2,CmwaQQ3V0k2Yzxv081,SF,116.096974,303,2079,56928,34,tcp,33520,35244,80,33,http,2017-07-04T13:10:11.828124Z,192.168.10.16,0,0,1,0,1,[],[],[],[],['GET'],[200],[None],[],[],[],[],['HTTP'],[''],[],[],"[{'http.status_code': 200, 'http.user_agent': None, 'http.method': 'GET', 'count': 1}]",[],"[{'files.source': 'HTTP', 'file.md5s': {''}, 'count': 1}]"
172.217.12.202,0x1b7ba4,Cahtd73gLr7OUBVDDc,SF,116.334389,970,2642,54392,32,tcp,35399,37591,443,42,ssl,2017-07-04T13:23:44.731403Z,192.168.10.17,0,0,0,1,0,[],[],[],[],[],[],[],['TLSv12'],['TLS_ECDHE_RSA_WITH_AES_128_GCM_SHA256'],[None],[None],[],[],[],[],[],"[{'ssl.validation_status': None, 'ssl.cipher': 'TLS_ECDHE_RSA_WITH_AES_128_GCM_SHA256', 'ssl.curve': None, 'ssl.version': 'TLSv12', 'count': 1}]",[]
172.217.12.202,0x2319ee,Cnm0Ki1ziCHNBV1xNh,SF,115.786449,712,3164,54100,47,tcp,38847,41091,443,43,ssl,2017-07-04T13:14:45.178846Z,192.168.10.17,0,0,0,1,3,[],[],[],[],[],[],[],['TLSv12'],['TLS_ECDHE_RSA_WITH_AES_128_GCM_SHA256'],[None],[None],['SSL'],"['17866ccbd224bd2ff9df48b95118f935', 'd2ef8cd9cd17db84167efec9986f449c', '2e7db2a31d0e3da4b25f49b9542a2e1a']",[],[],[],"[{'ssl.validation_status': None, 'ssl.cipher': 'TLS_ECDHE_RSA_WITH_AES_128_GCM_SHA256', 'ssl.curve': None, 'ssl.version': 'TLSv12', 'count': 1}]","[{'files.source': 'SSL', 'file.md5s': {'17866ccbd224bd2ff9df48b95118f935', 'd2ef8cd9cd17db84167efec9986f449c', '2e7db2a31d0e3da4b25f49b9542a2e1a'}, 'count': 3}]"
