originated_ip,uid,connection.uid,connection.conn_state,connection.duration,connection.orig_bytes,connection.orig_ip_bytes,connection.orig_p,connection.orig_pkts,connection.proto,connection.resp_bytes,connection.resp_ip_bytes,connection.resp_p,connection.resp_pkts,connection.service,connection.ts,responded_ip,dns_count,ssh_count,http_count,ssl_count,files_count,dns_qtype,dns_rcode,ssh_auth_attempts,ssh_host_key,http_method,http_status_code,http_user_agent,ssl_version,ssl_cipher,ssl_curve,ssl_validation_status,files_source,file_md5,dns_dicts,ssh_dicts,http_dicts,ssl_dicts,files_dicts
104.19.192.102,0x10ce88,CeFeQ13dPdr2PKkx0a,SF,5.994948,0,172,52065,4,tcp,0,92,80,2,,2017-07-04T13:17:16.700416Z,192.168.10.14,0,0,0,0,0,[],[],[],[],[],[],[],[],[],[],[],[],[],[],[],[],[],[]
104.19.192.102,0x16e493,CE0pgH5BIJczBuUH8,SF,180.597264,949,2121,52078,29,tcp,30419,31671,443,31,ssl,2017-07-04T13:17:17.178041Z,192.168.10.14,0,0,0,1,4,[],[],[],[],[],[],[],['TLSv12'],['TLS_ECDHE_ECDSA_WITH_AES_128_GCM_SHA256'],[None],[None],['SSL'],"['c790a56c69cbaf0bf3f30a40d0a2aecc', 'dc016cd80a249b277fcd1cb5ac85fca4', '295bfd3cfbec04cf7f4dd9bdb4904b57', '5e0e419b20ea575477f11b52e2c818e0']",[],[],[],"[{'ssl.validation_status': None, 'ssl.cipher': 'TLS_ECDHE_ECDSA_WITH_AES_128_GCM_SHA256', 'ssl.curve': None, 'ssl.version': 'TLSv12', 'count': 1}]","[{'files.source': 'SSL', 'file.md5s': {'c790a56c69cbaf0bf3f30a40d0a2aecc', 'dc016cd80a249b277fcd1cb5ac85fca4', '295bfd3cfbec04cf7f4dd9bdb4904b57', '5e0e419b20ea575477f11b52e2c818e0'}, 'count': 4}]"
104.19.192.102,0x2934ab,CxDu902cC2HNwqBMPc,SF,46.065649,308,1084,52064,19,tcp,22843,23903,80,25,http,2017-07-04T13:17:16.700279Z,192.168.10.14,0,0,1,0,1,[],[],[],[],['GET'],[200],[None],[],[],[],[],['HTTP'],[''],[],[],"[{'http.status_code': 200, 'http.user_agent': None, 'http.method': 'GET', 'count': 1}]",[],"[{'files.source': 'HTTP', 'file.md5s': {''}, 'count': 1}]"
104.19.192.102,0x2f51be,Ces2sz2m7CmJIxNKpb,SF,180.75494,957,2129,52125,29,tcp,27435,28687,443,31,ssl,2017-07-04T13:24:01.39564Z,192.168.10.14,0,0,0,1,4,[],[],[],[],[],[],[],['TLSv12'],['TLS_ECDHE_ECDSA_WITH_AES_128_GCM_SHA256'],[None],[None],['SSL'],"['c790a56c69cbaf0bf3f30a40d0a2aecc', 'dc016cd80a249b277fcd1cb5ac85fca4', '295bfd3cfbec04cf7f4dd9bdb4904b57', '5e0e419b20ea575477f11b52e2c818e0']",[],[],[],"[{'ssl.validation_status': None, 'ssl.cipher': 'TLS_ECDHE_ECDSA_WITH_AES_128_GCM_SHA256', 'ssl.curve': None, 'ssl.version': 'TLSv12', 'count': 1}]","[{'files.source': 'SSL', 'file.md5s': {'c790a56c69cbaf0bf3f30a40d0a2aecc', 'dc016cd80a249b277fcd1cb5ac85fca4', '295bfd3cfbec04cf7f4dd9bdb4904b57', '5e0e419b20ea575477f11b52e2c818e0'}, 'count': 4}]"
