originated_ip,uid,connection.uid,connection.conn_state,connection.duration,connection.orig_bytes,connection.orig_ip_bytes,connection.orig_p,connection.orig_pkts,connection.proto,connection.resp_bytes,connection.resp_ip_bytes,connection.resp_p,connection.resp_pkts,connection.service,connection.ts,responded_ip,dns_count,ssh_count,http_count,ssl_count,files_count,dns_qtype,dns_rcode,ssh_auth_attempts,ssh_host_key,http_method,http_status_code,http_user_agent,ssl_version,ssl_cipher,ssl_curve,ssl_validation_status,files_source,file_md5,dns_dicts,ssh_dicts,http_dicts,ssl_dicts,files_dicts
104.88.55.49,0x16e742,CWdip14vOrkaw5zXn6,S1,4.046146,2678,3154,60712,9,tcp,3496,3868,443,7,ssl,2017-07-04T18:14:54.007543Z,192.168.10.12,0,0,0,1,2,[],[],[],[],[],[],[],['TLSv12'],['TLS_ECDHE_RSA_WITH_AES_256_GCM_SHA384'],[None],[None],['SSL'],"['4eb595328c4c046e9e2cd29533b85cc8', '345eff15b7a49add451b65a7f4bdc6ae']",[],[],[],"[{'ssl.curve': None, 'ssl.version': 'TLSv12', 'ssl.validation_status': None, 'ssl.cipher': 'TLS_ECDHE_RSA_WITH_AES_256_GCM_SHA384', 'count': 1}]","[{'files.source': 'SSL', 'file.md5s': {'4eb595328c4c046e9e2cd29533b85cc8', '345eff15b7a49add451b65a7f4bdc6ae'}, 'count': 2}]"
104.88.55.49,0x21942b,CSSxiF36zu0znlYsE3,SF,5.967981,0,224,56081,5,tcp,0,144,80,3,,2017-07-04T17:45:17.563685Z,192.168.10.14,0,0,0,0,0,[],[],[],[],[],[],[],[],[],[],[],[],[],[],[],[],[],[]
104.88.55.49,0x2abaca,CBID0H1OaMkDTJ5D4h,SF,5.089562,0,172,56056,4,tcp,0,92,80,2,,2017-07-04T17:45:16.403082Z,192.168.10.14,0,0,0,0,0,[],[],[],[],[],[],[],[],[],[],[],[],[],[],[],[],[],[]
104.88.55.49,0x2c4421,CQxjkp1Lbtpds5aNc5,S1,0.998082,335,759,60746,8,tcp,3231,3551,443,6,ssl,2017-07-04T18:14:54.416628Z,192.168.10.12,0,0,0,1,2,[],[],[],[],[],[],[],['TLSv12'],['TLS_ECDHE_RSA_WITH_AES_256_GCM_SHA384'],[None],[None],['SSL'],"['4eb595328c4c046e9e2cd29533b85cc8', '345eff15b7a49add451b65a7f4bdc6ae']",[],[],[],"[{'ssl.curve': None, 'ssl.version': 'TLSv12', 'ssl.validation_status': None, 'ssl.cipher': 'TLS_ECDHE_RSA_WITH_AES_256_GCM_SHA384', 'count': 1}]","[{'files.source': 'SSL', 'file.md5s': {'4eb595328c4c046e9e2cd29533b85cc8', '345eff15b7a49add451b65a7f4bdc6ae'}, 'count': 2}]"
