originated_ip,uid,connection.uid,connection.conn_state,connection.duration,connection.orig_bytes,connection.orig_ip_bytes,connection.orig_p,connection.orig_pkts,connection.proto,connection.resp_bytes,connection.resp_ip_bytes,connection.resp_p,connection.resp_pkts,connection.service,connection.ts,responded_ip,dns_count,ssh_count,http_count,ssl_count,files_count,dns_qtype,dns_rcode,ssh_auth_attempts,ssh_host_key,http_method,http_status_code,http_user_agent,ssl_version,ssl_cipher,ssl_curve,ssl_validation_status,files_source,file_md5,dns_dicts,ssh_dicts,http_dicts,ssl_dicts,files_dicts
104.19.195.102,0x30eae,C54QXvNQIRImgM6Ml,SF,46.033504,466,934,55592,11,tcp,350,1160,80,10,http,2017-07-04T17:45:46.926554Z,192.168.10.8,0,0,1,0,0,[],[],[],[],['GET'],[304],[None],[],[],[],[],[],[],[],[],"[{'http.method': 'GET', 'http.status_code': 304, 'http.user_agent': None, 'count': 1}]",[],[]
104.19.195.102,0x19f44e,CXgP691k4rc1bKdbQ3,SF,181.424959,1601,3421,59952,45,tcp,38967,40499,443,38,ssl,2017-07-04T17:57:15.845364Z,192.168.10.19,0,0,0,1,0,[],[],[],[],[],[],[],['TLSv12'],['TLS_ECDHE_ECDSA_WITH_AES_128_GCM_SHA256'],[None],[None],[],[],[],[],[],"[{'ssl.curve': None, 'ssl.version': 'TLSv12', 'ssl.validation_status': None, 'ssl.cipher': 'TLS_ECDHE_ECDSA_WITH_AES_128_GCM_SHA256', 'count': 1}]",[]
104.19.195.102,0x1b7898,CqB9kN3gothonwTB7c,SF,183.680348,1405,2257,55466,21,tcp,743,1315,443,14,ssl,2017-07-04T17:45:43.290776Z,192.168.10.8,0,0,0,1,0,[],[],[],[],[],[],[],['TLSv12'],['TLS_ECDHE_ECDSA_WITH_AES_128_GCM_SHA256'],[None],[None],[],[],[],[],[],"[{'ssl.curve': None, 'ssl.version': 'TLSv12', 'ssl.validation_status': None, 'ssl.cipher': 'TLS_ECDHE_ECDSA_WITH_AES_128_GCM_SHA256', 'count': 1}]",[]
104.19.195.102,0x262847,CCBnUQ2zpZ0GLcnfv4,SF,5.868651,0,172,55593,4,tcp,0,92,80,2,,2017-07-04T17:45:46.92662Z,192.168.10.8,0,0,0,0,0,[],[],[],[],[],[],[],[],[],[],[],[],[],[],[],[],[],[]
