originated_ip,uid,connection.uid,connection.conn_state,connection.duration,connection.orig_bytes,connection.orig_ip_bytes,connection.orig_p,connection.orig_pkts,connection.proto,connection.resp_bytes,connection.resp_ip_bytes,connection.resp_p,connection.resp_pkts,connection.service,connection.ts,responded_ip,dns_count,ssh_count,http_count,ssl_count,files_count,dns_qtype,dns_rcode,ssh_auth_attempts,ssh_host_key,http_method,http_status_code,http_user_agent,ssl_version,ssl_cipher,ssl_curve,ssl_validation_status,files_source,file_md5,dns_dicts,ssh_dicts,http_dicts,ssl_dicts,files_dicts
149.56.30.198,0xdbc5a,CPtZCp1tH1JNRjUwS4,RSTO,4.118388,1369,1741,56242,9,tcp,4810,5022,443,5,ssl,2017-07-04T17:45:23.540256Z,192.168.10.14,0,0,0,1,2,[],[],[],[],[],[],[],['TLSv12'],['TLS_ECDHE_RSA_WITH_AES_128_GCM_SHA256'],[None],[None],['SSL'],"['aaee5cf8b0d8596d2e0cbe67421cf7db', 'd9c12d31ca6f4a7f212c33891a7077e5']",[],[],[],"[{'ssl.curve': None, 'ssl.version': 'TLSv12', 'ssl.validation_status': None, 'ssl.cipher': 'TLS_ECDHE_RSA_WITH_AES_128_GCM_SHA256', 'count': 1}]","[{'files.source': 'SSL', 'file.md5s': {'aaee5cf8b0d8596d2e0cbe67421cf7db', 'd9c12d31ca6f4a7f212c33891a7077e5'}, 'count': 2}]"
149.56.30.198,0x13d6ed,CO7PRoYSSe8PJ4aih,RSTO,4.133175,1487,1859,56243,9,tcp,3921,4173,443,6,ssl,2017-07-04T17:45:23.540396Z,192.168.10.14,0,0,0,1,2,[],[],[],[],[],[],[],['TLSv12'],['TLS_ECDHE_RSA_WITH_AES_128_GCM_SHA256'],[None],[None],['SSL'],"['aaee5cf8b0d8596d2e0cbe67421cf7db', 'd9c12d31ca6f4a7f212c33891a7077e5']",[],[],[],"[{'ssl.curve': None, 'ssl.version': 'TLSv12', 'ssl.validation_status': None, 'ssl.cipher': 'TLS_ECDHE_RSA_WITH_AES_128_GCM_SHA256', 'count': 1}]","[{'files.source': 'SSL', 'file.md5s': {'aaee5cf8b0d8596d2e0cbe67421cf7db', 'd9c12d31ca6f4a7f212c33891a7077e5'}, 'count': 2}]"
149.56.30.198,0x23191a,CxVhkmWWLMGxomDg7,RSTO,4.133484,322,614,56241,7,tcp,3299,3511,443,5,ssl,2017-07-04T17:45:23.540172Z,192.168.10.14,0,0,0,1,2,[],[],[],[],[],[],[],['TLSv12'],['TLS_ECDHE_RSA_WITH_AES_128_GCM_SHA256'],[None],[None],['SSL'],"['aaee5cf8b0d8596d2e0cbe67421cf7db', 'd9c12d31ca6f4a7f212c33891a7077e5']",[],[],[],"[{'ssl.curve': None, 'ssl.version': 'TLSv12', 'ssl.validation_status': None, 'ssl.cipher': 'TLS_ECDHE_RSA_WITH_AES_128_GCM_SHA256', 'count': 1}]","[{'files.source': 'SSL', 'file.md5s': {'aaee5cf8b0d8596d2e0cbe67421cf7db', 'd9c12d31ca6f4a7f212c33891a7077e5'}, 'count': 2}]"
149.56.30.198,0x2dc76f,CIloRL2ulsihvImyzg,RSTO,4.080996,1465,1797,56240,8,tcp,3920,4172,443,6,ssl,2017-07-04T17:45:23.53992Z,192.168.10.14,0,0,0,1,2,[],[],[],[],[],[],[],['TLSv12'],['TLS_ECDHE_RSA_WITH_AES_128_GCM_SHA256'],[None],[None],['SSL'],"['aaee5cf8b0d8596d2e0cbe67421cf7db', 'd9c12d31ca6f4a7f212c33891a7077e5']",[],[],[],"[{'ssl.curve': None, 'ssl.version': 'TLSv12', 'ssl.validation_status': None, 'ssl.cipher': 'TLS_ECDHE_RSA_WITH_AES_128_GCM_SHA256', 'count': 1}]","[{'files.source': 'SSL', 'file.md5s': {'aaee5cf8b0d8596d2e0cbe67421cf7db', 'd9c12d31ca6f4a7f212c33891a7077e5'}, 'count': 2}]"
