originated_ip,uid,connection.uid,connection.conn_state,connection.duration,connection.orig_bytes,connection.orig_ip_bytes,connection.orig_p,connection.orig_pkts,connection.proto,connection.resp_bytes,connection.resp_ip_bytes,connection.resp_p,connection.resp_pkts,connection.service,connection.ts,responded_ip,dns_count,ssh_count,http_count,ssl_count,files_count,dns_qtype,dns_rcode,ssh_auth_attempts,ssh_host_key,http_method,http_status_code,http_user_agent,ssl_version,ssl_cipher,ssl_curve,ssl_validation_status,files_source,file_md5,dns_dicts,ssh_dicts,http_dicts,ssl_dicts,files_dicts
172.217.10.104,0x61cf3,CMj8ALVGsmgAGUmz2,SF,16.918255,836,2044,61409,23,tcp,20423,21471,443,20,ssl,2017-07-04T17:58:58.387171Z,192.168.10.25,0,0,0,1,0,[],[],[],[],[],[],[],['TLSv10'],['TLS_RSA_WITH_AES_128_CBC_SHA'],[None],[None],[],[],[],[],[],"[{'ssl.curve': None, 'ssl.version': 'TLSv10', 'ssl.validation_status': None, 'ssl.cipher': 'TLS_RSA_WITH_AES_128_CBC_SHA', 'count': 1}]",[]
172.217.10.104,0xdbc93,CAFQ9m1idBahU0jW55,SF,0.547136,824,1780,33958,18,tcp,4361,5191,443,15,ssl,2017-07-04T18:01:58.757457Z,192.168.10.16,0,0,0,1,0,[],[],[],[],[],[],[],['TLSv12'],['TLS_ECDHE_RSA_WITH_AES_128_GCM_SHA256'],[None],[None],[],[],[],[],[],"[{'ssl.curve': None, 'ssl.version': 'TLSv12', 'ssl.validation_status': None, 'ssl.cipher': 'TLS_ECDHE_RSA_WITH_AES_128_GCM_SHA256', 'count': 1}]",[]
172.217.10.104,0x2319f3,Cy2yv01bhndoHO65S5,SF,181.655684,1387,2799,33946,27,tcp,4679,5779,443,21,ssl,2017-07-04T18:01:58.480821Z,192.168.10.16,0,0,0,1,0,[],[],[],[],[],[],[],['TLSv12'],['TLS_ECDHE_RSA_WITH_AES_128_GCM_SHA256'],[None],[None],[],[],[],[],[],"[{'ssl.curve': None, 'ssl.version': 'TLSv12', 'ssl.validation_status': None, 'ssl.cipher': 'TLS_ECDHE_RSA_WITH_AES_128_GCM_SHA256', 'count': 1}]",[]
172.217.10.104,0x2dc832,CZfjvv3M5hL88Ej66,SF,180.611842,1334,2706,57742,26,tcp,4679,5925,443,23,ssl,2017-07-04T18:01:22.378271Z,192.168.10.12,0,0,0,1,0,[],[],[],[],[],[],[],['TLSv12'],['TLS_ECDHE_RSA_WITH_AES_128_GCM_SHA256'],[None],[None],[],[],[],[],[],"[{'ssl.curve': None, 'ssl.version': 'TLSv12', 'ssl.validation_status': None, 'ssl.cipher': 'TLS_ECDHE_RSA_WITH_AES_128_GCM_SHA256', 'count': 1}]",[]
