originated_ip,uid,connection.uid,connection.conn_state,connection.duration,connection.orig_bytes,connection.orig_ip_bytes,connection.orig_p,connection.orig_pkts,connection.proto,connection.resp_bytes,connection.resp_ip_bytes,connection.resp_p,connection.resp_pkts,connection.service,connection.ts,responded_ip,dns_count,ssh_count,http_count,ssl_count,files_count,dns_qtype,dns_rcode,ssh_auth_attempts,ssh_host_key,http_method,http_status_code,http_user_agent,ssl_version,ssl_cipher,ssl_curve,ssl_validation_status,files_source,file_md5,dns_dicts,ssh_dicts,http_dicts,ssl_dicts,files_dicts
184.50.238.226,0x1886d,CNjYdl28prCklRHvM1,SF,175.627267,586,1574,56793,24,tcp,768,1852,80,22,http,2017-07-04T17:59:05.428887Z,192.168.10.15,0,0,1,0,2,[],[],[],[],['GET'],[200],[None],[],[],[],[],['HTTP'],['ae780585f49b94ce1444eb7d28906123'],[],[],"[{'http.method': 'GET', 'http.status_code': 200, 'http.user_agent': None, 'count': 1}]",[],"[{'files.source': 'HTTP', 'file.md5s': {'ae780585f49b94ce1444eb7d28906123'}, 'count': 2}]"
184.50.238.226,0xf4415,C194Zj3CizONhJWnj7,SF,124.927206,1176,2380,35280,23,tcp,1536,2480,80,18,http,2017-07-04T17:48:27.204839Z,192.168.10.16,0,0,1,0,4,[],[],[],[],['GET'],[200],[None],[],[],[],[],['HTTP'],['ae780585f49b94ce1444eb7d28906123'],[],[],"[{'http.method': 'GET', 'http.status_code': 200, 'http.user_agent': None, 'count': 1}]",[],"[{'files.source': 'HTTP', 'file.md5s': {'ae780585f49b94ce1444eb7d28906123'}, 'count': 4}]"
184.50.238.226,0x293995,CU0WECuY6S2d59we5,SF,5.126614,0,172,7931,4,tcp,0,92,80,2,,2017-07-04T18:14:15.113896Z,192.168.10.9,0,0,0,0,0,[],[],[],[],[],[],[],[],[],[],[],[],[],[],[],[],[],[]
184.50.238.226,0x2dca2d,CUAQ2s2vC5u6nptGW7,S1,40.199791,292,628,7930,8,tcp,384,724,80,7,http,2017-07-04T18:14:15.113717Z,192.168.10.9,0,0,1,0,1,[],[],[],[],['GET'],[200],[None],[],[],[],[],['HTTP'],['ae780585f49b94ce1444eb7d28906123'],[],[],"[{'http.method': 'GET', 'http.status_code': 200, 'http.user_agent': None, 'count': 1}]",[],"[{'files.source': 'HTTP', 'file.md5s': {'ae780585f49b94ce1444eb7d28906123'}, 'count': 1}]"
