originated_ip,uid,connection.uid,connection.conn_state,connection.duration,connection.orig_bytes,connection.orig_ip_bytes,connection.orig_p,connection.orig_pkts,connection.proto,connection.resp_bytes,connection.resp_ip_bytes,connection.resp_p,connection.resp_pkts,connection.service,connection.ts,responded_ip,dns_count,ssh_count,http_count,ssl_count,files_count,dns_qtype,dns_rcode,ssh_auth_attempts,ssh_host_key,http_method,http_status_code,http_user_agent,ssl_version,ssl_cipher,ssl_curve,ssl_validation_status,files_source,file_md5,dns_dicts,ssh_dicts,http_dicts,ssl_dicts,files_dicts
184.50.238.170,0x92a7b,CbqbbC3EDnCJO7OQ14,SF,25.237749,1,203,7253,5,tcp,0,196,80,4,,2017-07-04T17:45:09.115402Z,192.168.10.9,0,0,0,0,0,[],[],[],[],[],[],[],[],[],[],[],[],[],[],[],[],[],[]
184.50.238.170,0x10cb10,C7OuAM1hFk9WRYmfNe,SF,115.10578,294,1186,57556,17,tcp,384,1172,80,15,http,2017-07-04T18:10:56.768813Z,192.168.10.16,0,0,1,0,1,[],[],[],[],['GET'],[200],[None],[],[],[],[],['HTTP'],['ae780585f49b94ce1444eb7d28906123'],[],[],"[{'http.method': 'GET', 'http.status_code': 200, 'http.user_agent': None, 'count': 1}]",[],"[{'files.source': 'HTTP', 'file.md5s': {'ae780585f49b94ce1444eb7d28906123'}, 'count': 1}]"
184.50.238.170,0x16e442,CzeMkt4d7fEpaa1g7a,SF,117.238101,584,1367,55632,19,tcp,768,1552,80,16,http,2017-07-04T17:54:05.910492Z,192.168.10.8,0,0,1,0,2,[],[],[],[],['GET'],[200],[None],[],[],[],[],['HTTP'],['ae780585f49b94ce1444eb7d28906123'],[],[],"[{'http.method': 'GET', 'http.status_code': 200, 'http.user_agent': None, 'count': 1}]",[],"[{'files.source': 'HTTP', 'file.md5s': {'ae780585f49b94ce1444eb7d28906123'}, 'count': 2}]"
184.50.238.170,0x2f4fdb,C5QSbl3QnCt3vq0kd8,SF,115.376657,294,1186,57318,17,tcp,384,1172,80,15,http,2017-07-04T17:52:56.696896Z,192.168.10.16,0,0,1,0,1,[],[],[],[],['GET'],[200],[None],[],[],[],[],['HTTP'],['ae780585f49b94ce1444eb7d28906123'],[],[],"[{'http.method': 'GET', 'http.status_code': 200, 'http.user_agent': None, 'count': 1}]",[],"[{'files.source': 'HTTP', 'file.md5s': {'ae780585f49b94ce1444eb7d28906123'}, 'count': 1}]"
