originated_ip,uid,connection.uid,connection.conn_state,connection.duration,connection.orig_bytes,connection.orig_ip_bytes,connection.orig_p,connection.orig_pkts,connection.proto,connection.resp_bytes,connection.resp_ip_bytes,connection.resp_p,connection.resp_pkts,connection.service,connection.ts,responded_ip,dns_count,ssh_count,http_count,ssl_count,files_count,dns_qtype,dns_rcode,ssh_auth_attempts,ssh_host_key,http_method,http_status_code,http_user_agent,ssl_version,ssl_cipher,ssl_curve,ssl_validation_status,files_source,file_md5,dns_dicts,ssh_dicts,http_dicts,ssl_dicts,files_dicts
173.241.242.220,0xaaf9d,C9DIHW13vV82WOBcua,SF,30.468871,834,1208,7692,9,tcp,4730,5126,80,9,http,2017-07-04T18:09:48.608059Z,192.168.10.9,0,0,1,0,1,[],[],[],[],['GET'],[200],[None],[],[],[],[],['HTTP'],['4e376e008dd8895502fbf0f909427bb8'],[],[],"[{'http.method': 'GET', 'http.status_code': 200, 'http.user_agent': None, 'count': 1}]",[],"[{'files.source': 'HTTP', 'file.md5s': {'4e376e008dd8895502fbf0f909427bb8'}, 'count': 1}]"
173.241.242.220,0xdbd5e,CRQBNw2olw3VXxOBwe,SF,0.247393,360,732,56856,9,tcp,3378,3590,443,5,ssl,2017-07-04T18:05:50.99792Z,192.168.10.15,0,0,0,1,2,[],[],[],[],[],[],[],['TLSv12'],['TLS_ECDHE_RSA_WITH_AES_128_GCM_SHA256'],[None],[None],['SSL'],"['36a4b6859fd764e787ee42fd3a9305db', '13b7fb1e303674edfccce8b3dceec374']",[],[],[],"[{'ssl.curve': None, 'ssl.version': 'TLSv12', 'ssl.validation_status': None, 'ssl.cipher': 'TLS_ECDHE_RSA_WITH_AES_128_GCM_SHA256', 'count': 1}]","[{'files.source': 'SSL', 'file.md5s': {'36a4b6859fd764e787ee42fd3a9305db', '13b7fb1e303674edfccce8b3dceec374'}, 'count': 2}]"
173.241.242.220,0x10cce8,Cw9sxi3UAFE5h4frp2,S1,0.914726,318,618,49908,7,tcp,3378,3550,443,4,ssl,2017-07-04T18:14:54.008906Z,192.168.10.12,0,0,0,1,2,[],[],[],[],[],[],[],['TLSv12'],['TLS_ECDHE_RSA_WITH_AES_128_GCM_SHA256'],[None],[None],['SSL'],"['36a4b6859fd764e787ee42fd3a9305db', '13b7fb1e303674edfccce8b3dceec374']",[],[],[],"[{'ssl.curve': None, 'ssl.version': 'TLSv12', 'ssl.validation_status': None, 'ssl.cipher': 'TLS_ECDHE_RSA_WITH_AES_128_GCM_SHA256', 'count': 1}]","[{'files.source': 'SSL', 'file.md5s': {'36a4b6859fd764e787ee42fd3a9305db', '13b7fb1e303674edfccce8b3dceec374'}, 'count': 2}]"
173.241.242.220,0x2dcac2,CMxtqF2mhkAK4V7yH5,S1,4.280073,2139,2639,49918,12,tcp,5468,5840,443,9,ssl,2017-07-04T18:14:54.011042Z,192.168.10.12,0,0,0,1,2,[],[],[],[],[],[],[],['TLSv12'],['TLS_ECDHE_RSA_WITH_AES_128_GCM_SHA256'],[None],[None],['SSL'],"['36a4b6859fd764e787ee42fd3a9305db', '13b7fb1e303674edfccce8b3dceec374']",[],[],[],"[{'ssl.curve': None, 'ssl.version': 'TLSv12', 'ssl.validation_status': None, 'ssl.cipher': 'TLS_ECDHE_RSA_WITH_AES_128_GCM_SHA256', 'count': 1}]","[{'files.source': 'SSL', 'file.md5s': {'36a4b6859fd764e787ee42fd3a9305db', '13b7fb1e303674edfccce8b3dceec374'}, 'count': 2}]"
