originated_ip,uid,connection.uid,connection.conn_state,connection.duration,connection.orig_bytes,connection.orig_ip_bytes,connection.orig_p,connection.orig_pkts,connection.proto,connection.resp_bytes,connection.resp_ip_bytes,connection.resp_p,connection.resp_pkts,connection.service,connection.ts,responded_ip,dns_count,ssh_count,http_count,ssl_count,files_count,dns_qtype,dns_rcode,ssh_auth_attempts,ssh_host_key,http_method,http_status_code,http_user_agent,ssl_version,ssl_cipher,ssl_curve,ssl_validation_status,files_source,file_md5,dns_dicts,ssh_dicts,http_dicts,ssl_dicts,files_dicts
174.129.3.238,0x92835,CFYShb2Sr9mewLmF7l,SF,60.888447,14930,15668,58501,18,tcp,3028,3872,443,19,ssl,2017-07-04T17:48:46.159938Z,192.168.10.5,0,0,0,1,2,[],[],[],[],[],[],[],['TLSv12'],['TLS_ECDHE_RSA_WITH_AES_128_GCM_SHA256'],[None],[None],['SSL'],"['23bb075facfbfb026935b31fb6ee063b', 'e61ac99ece73883a90db65d62239d75f']",[],[],[],"[{'ssl.curve': None, 'ssl.version': 'TLSv12', 'ssl.validation_status': None, 'ssl.cipher': 'TLS_ECDHE_RSA_WITH_AES_128_GCM_SHA256', 'count': 1}]","[{'files.source': 'SSL', 'file.md5s': {'23bb075facfbfb026935b31fb6ee063b', 'e61ac99ece73883a90db65d62239d75f'}, 'count': 2}]"
174.129.3.238,0x124ff6,C9laKR26UD1FKgF4Rd,SF,5.321521,347,719,58503,9,tcp,2798,3050,443,6,ssl,2017-07-04T17:48:46.16399Z,192.168.10.5,0,0,0,1,2,[],[],[],[],[],[],[],['TLSv12'],['TLS_ECDHE_RSA_WITH_AES_128_GCM_SHA256'],[None],[None],['SSL'],"['23bb075facfbfb026935b31fb6ee063b', 'e61ac99ece73883a90db65d62239d75f']",[],[],[],"[{'ssl.curve': None, 'ssl.version': 'TLSv12', 'ssl.validation_status': None, 'ssl.cipher': 'TLS_ECDHE_RSA_WITH_AES_128_GCM_SHA256', 'count': 1}]","[{'files.source': 'SSL', 'file.md5s': {'23bb075facfbfb026935b31fb6ee063b', 'e61ac99ece73883a90db65d62239d75f'}, 'count': 2}]"
174.129.3.238,0x16e3cd,CVyNWL2r4KywKkWDX4,SF,5.321362,347,719,58502,9,tcp,2798,3090,443,7,ssl,2017-07-04T17:48:46.163872Z,192.168.10.5,0,0,0,1,2,[],[],[],[],[],[],[],['TLSv12'],['TLS_ECDHE_RSA_WITH_AES_128_GCM_SHA256'],[None],[None],['SSL'],"['23bb075facfbfb026935b31fb6ee063b', 'e61ac99ece73883a90db65d62239d75f']",[],[],[],"[{'ssl.curve': None, 'ssl.version': 'TLSv12', 'ssl.validation_status': None, 'ssl.cipher': 'TLS_ECDHE_RSA_WITH_AES_128_GCM_SHA256', 'count': 1}]","[{'files.source': 'SSL', 'file.md5s': {'23bb075facfbfb026935b31fb6ee063b', 'e61ac99ece73883a90db65d62239d75f'}, 'count': 2}]"
174.129.3.238,0x2c4079,CR7Fkj28wxp6axaWv6,SF,90.888169,2916,3696,58500,19,tcp,3258,4086,443,18,ssl,2017-07-04T17:48:46.159571Z,192.168.10.5,0,0,0,1,2,[],[],[],[],[],[],[],['TLSv12'],['TLS_ECDHE_RSA_WITH_AES_128_GCM_SHA256'],[None],[None],['SSL'],"['23bb075facfbfb026935b31fb6ee063b', 'e61ac99ece73883a90db65d62239d75f']",[],[],[],"[{'ssl.curve': None, 'ssl.version': 'TLSv12', 'ssl.validation_status': None, 'ssl.cipher': 'TLS_ECDHE_RSA_WITH_AES_128_GCM_SHA256', 'count': 1}]","[{'files.source': 'SSL', 'file.md5s': {'23bb075facfbfb026935b31fb6ee063b', 'e61ac99ece73883a90db65d62239d75f'}, 'count': 2}]"
