originated_ip,uid,connection.uid,connection.conn_state,connection.duration,connection.orig_bytes,connection.orig_ip_bytes,connection.orig_p,connection.orig_pkts,connection.proto,connection.resp_bytes,connection.resp_ip_bytes,connection.resp_p,connection.resp_pkts,connection.service,connection.ts,responded_ip,dns_count,ssh_count,http_count,ssl_count,files_count,dns_qtype,dns_rcode,ssh_auth_attempts,ssh_host_key,http_method,http_status_code,http_user_agent,ssl_version,ssl_cipher,ssl_curve,ssl_validation_status,files_source,file_md5,dns_dicts,ssh_dicts,http_dicts,ssl_dicts,files_dicts
106.11.92.16,0xf490d,CQHh274XwU5oSosNgf,SF,6.192459,0,180,56361,4,tcp,0,180,80,4,,2017-07-04T18:14:01.866965Z,192.168.10.17,0,0,0,0,0,[],[],[],[],[],[],[],[],[],[],[],[],[],[],[],[],[],[]
106.11.92.16,0x200e03,Cp2DkF1CLBB11xwx8c,SF,5.770368,797,1017,56353,5,tcp,406,626,80,5,http,2017-07-04T18:14:01.614539Z,192.168.10.17,0,0,1,0,1,[],[],[],[],['GET'],[200],[None],[],[],[],[],['HTTP'],['ad4b0f606e0f8465bc4c4c170b37e1a3'],[],[],"[{'http.method': 'GET', 'http.status_code': 200, 'http.user_agent': None, 'count': 1}]",[],"[{'files.source': 'HTTP', 'file.md5s': {'ad4b0f606e0f8465bc4c4c170b37e1a3'}, 'count': 1}]"
106.11.92.16,0x26297d,C9jG6C4ZpCiHUtyD5a,SF,6.233031,679,1191,53864,12,tcp,3621,4425,443,10,ssl,2017-07-04T18:14:00.744519Z,192.168.10.17,0,0,0,1,2,[],[],[],[],[],[],[],['TLSv12'],['TLS_ECDHE_RSA_WITH_AES_128_GCM_SHA256'],[None],[None],['SSL'],"['d3e8706d8292ace4ddebf7a8bbbd566b', '2e9ab9df9c65f81a3a6c463055c637e1']",[],[],[],"[{'ssl.curve': None, 'ssl.version': 'TLSv12', 'ssl.validation_status': None, 'ssl.cipher': 'TLS_ECDHE_RSA_WITH_AES_128_GCM_SHA256', 'count': 1}]","[{'files.source': 'SSL', 'file.md5s': {'d3e8706d8292ace4ddebf7a8bbbd566b', '2e9ab9df9c65f81a3a6c463055c637e1'}, 'count': 2}]"
106.11.92.16,0x2936b1,CrcmPv1wGMibpbJ0Rk,SF,6.030657,374,794,53866,10,tcp,3206,3506,443,7,ssl,2017-07-04T18:14:00.998126Z,192.168.10.17,0,0,0,1,2,[],[],[],[],[],[],[],['TLSv12'],['TLS_ECDHE_RSA_WITH_AES_128_GCM_SHA256'],[None],[None],['SSL'],"['d3e8706d8292ace4ddebf7a8bbbd566b', '2e9ab9df9c65f81a3a6c463055c637e1']",[],[],[],"[{'ssl.curve': None, 'ssl.version': 'TLSv12', 'ssl.validation_status': None, 'ssl.cipher': 'TLS_ECDHE_RSA_WITH_AES_128_GCM_SHA256', 'count': 1}]","[{'files.source': 'SSL', 'file.md5s': {'d3e8706d8292ace4ddebf7a8bbbd566b', '2e9ab9df9c65f81a3a6c463055c637e1'}, 'count': 2}]"
