originated_ip,uid,connection.uid,connection.conn_state,connection.duration,connection.orig_bytes,connection.orig_ip_bytes,connection.orig_p,connection.orig_pkts,connection.proto,connection.resp_bytes,connection.resp_ip_bytes,connection.resp_p,connection.resp_pkts,connection.service,connection.ts,responded_ip,dns_count,ssh_count,http_count,ssl_count,files_count,dns_qtype,dns_rcode,ssh_auth_attempts,ssh_host_key,http_method,http_status_code,http_user_agent,ssl_version,ssl_cipher,ssl_curve,ssl_validation_status,files_source,file_md5,dns_dicts,ssh_dicts,http_dicts,ssl_dicts,files_dicts
158.85.109.114,0x18946,CrEJPl39VNsHXag0Vk,SF,15.461835,984,1357,58553,9,tcp,447,831,443,9,ssl,2017-07-04T17:59:30.211865Z,192.168.10.5,0,0,0,1,0,[],[],[],[],[],[],[],['TLSv12'],['TLS_ECDHE_RSA_WITH_AES_256_GCM_SHA384'],[None],[None],[],[],[],[],[],"[{'ssl.curve': None, 'ssl.version': 'TLSv12', 'ssl.validation_status': None, 'ssl.cipher': 'TLS_ECDHE_RSA_WITH_AES_256_GCM_SHA384', 'count': 1}]",[]
158.85.109.114,0x49671,CxHYQR1QImADS7Jywe,SF,17.530392,1134,4427,58554,82,tcp,202376,206720,443,108,ssl,2017-07-04T17:59:30.234675Z,192.168.10.5,0,0,0,1,0,[],[],[],[],[],[],[],['TLSv12'],['TLS_ECDHE_RSA_WITH_AES_256_GCM_SHA384'],[None],[None],[],[],[],[],[],"[{'ssl.curve': None, 'ssl.version': 'TLSv12', 'ssl.validation_status': None, 'ssl.cipher': 'TLS_ECDHE_RSA_WITH_AES_256_GCM_SHA384', 'count': 1}]",[]
158.85.109.114,0xc37c8,CCxd9Jp84oaCa7cYh,SF,15.54602,959,1332,58552,9,tcp,1862,2246,443,9,ssl,2017-07-04T17:59:30.210835Z,192.168.10.5,0,0,0,1,0,[],[],[],[],[],[],[],['TLSv12'],['TLS_ECDHE_RSA_WITH_AES_256_GCM_SHA384'],[None],[None],[],[],[],[],[],"[{'ssl.curve': None, 'ssl.version': 'TLSv12', 'ssl.validation_status': None, 'ssl.cipher': 'TLS_ECDHE_RSA_WITH_AES_256_GCM_SHA384', 'count': 1}]",[]
158.85.109.114,0x2abbfe,CLek2e5mD4lwQ9zT4,SF,19.813457,2619,3472,58531,21,tcp,20022,21046,443,25,ssl,2017-07-04T17:59:28.384368Z,192.168.10.5,0,0,0,1,4,[],[],[],[],[],[],[],['TLSv12'],['TLS_ECDHE_RSA_WITH_AES_256_GCM_SHA384'],[None],[None],['SSL'],"['1edaf9ae99ce2920667d0e9a8b3f8c9c', '34afd9360c312adbd4f370685bdb92e3', '83e10465b722ef33ff0b6f535e8d996b', 'a4b67a6211de769e494a07f0ba5b94db']",[],[],[],"[{'ssl.curve': None, 'ssl.version': 'TLSv12', 'ssl.validation_status': None, 'ssl.cipher': 'TLS_ECDHE_RSA_WITH_AES_256_GCM_SHA384', 'count': 1}]","[{'files.source': 'SSL', 'file.md5s': {'1edaf9ae99ce2920667d0e9a8b3f8c9c', '34afd9360c312adbd4f370685bdb92e3', '83e10465b722ef33ff0b6f535e8d996b', 'a4b67a6211de769e494a07f0ba5b94db'}, 'count': 4}]"
