originated_ip,uid,connection.uid,connection.conn_state,connection.duration,connection.orig_bytes,connection.orig_ip_bytes,connection.orig_p,connection.orig_pkts,connection.proto,connection.resp_bytes,connection.resp_ip_bytes,connection.resp_p,connection.resp_pkts,connection.service,connection.ts,responded_ip,dns_count,ssh_count,http_count,ssl_count,files_count,dns_qtype,dns_rcode,ssh_auth_attempts,ssh_host_key,http_method,http_status_code,http_user_agent,ssl_version,ssl_cipher,ssl_curve,ssl_validation_status,files_source,file_md5,dns_dicts,ssh_dicts,http_dicts,ssl_dicts,files_dicts
172.217.12.147,0x271,CAbupp1Ikie3RvWGL2,SF,181.660034,1029,2349,55786,25,tcp,3491,4529,443,19,ssl,2017-07-04T18:04:59.511952Z,192.168.10.16,0,0,0,1,0,[],[],[],[],[],[],[],[''],[''],[None],[None],[],[],[],[],[],"[{'ssl.curve': None, 'ssl.version': '', 'ssl.validation_status': None, 'ssl.cipher': '', 'count': 1}]",[]
172.217.12.147,0x30ee5,CFSFDY1cI6eLWFvgR5,SF,0.322813,554,1278,55788,14,tcp,2804,3426,443,11,ssl,2017-07-04T18:04:59.512573Z,192.168.10.16,0,0,0,1,2,[],[],[],[],[],[],[],['TLSv12'],['TLS_ECDHE_RSA_WITH_AES_128_GCM_SHA256'],[None],[None],['SSL'],"['b57704df5f2ce9896d26082fb25644a0', 'c56f1a63b817b7318934c06ec5abb5b3']",[],[],[],"[{'ssl.curve': None, 'ssl.version': 'TLSv12', 'ssl.validation_status': None, 'ssl.cipher': 'TLS_ECDHE_RSA_WITH_AES_128_GCM_SHA256', 'count': 1}]","[{'files.source': 'SSL', 'file.md5s': {'b57704df5f2ce9896d26082fb25644a0', 'c56f1a63b817b7318934c06ec5abb5b3'}, 'count': 2}]"
172.217.12.147,0x4951f,Cye9vf4R07ir769e3f,SF,180.635256,975,2227,55717,31,tcp,31685,33177,443,37,ssl,2017-07-04T18:03:11.770461Z,192.168.10.8,0,0,0,1,3,[],[],[],[],[],[],[],['TLSv12'],['TLS_ECDHE_RSA_WITH_AES_128_GCM_SHA256'],[None],[None],['SSL'],"['c81dd3e62fcbf8967d056a9467efc5cc', 'f91ffee6a36b998841d467dde5f8977a', '23d5858ebc8986107cb7ac1e17f726c5']",[],[],[],"[{'ssl.curve': None, 'ssl.version': 'TLSv12', 'ssl.validation_status': None, 'ssl.cipher': 'TLS_ECDHE_RSA_WITH_AES_128_GCM_SHA256', 'count': 1}]","[{'files.source': 'SSL', 'file.md5s': {'c81dd3e62fcbf8967d056a9467efc5cc', 'f91ffee6a36b998841d467dde5f8977a', '23d5858ebc8986107cb7ac1e17f726c5'}, 'count': 3}]"
172.217.12.147,0x16e49e,CpyuaZ1KpIwOYBVEfb,SF,174.910165,2439,4319,55420,36,tcp,7248,9024,443,34,ssl,2017-07-04T18:00:19.149347Z,192.168.10.51,0,0,0,1,0,[],[],[],[],[],[],[],['TLSv12'],['TLS_ECDHE_RSA_WITH_AES_128_GCM_SHA256'],[None],[None],[],[],[],[],[],"[{'ssl.curve': None, 'ssl.version': 'TLSv12', 'ssl.validation_status': None, 'ssl.cipher': 'TLS_ECDHE_RSA_WITH_AES_128_GCM_SHA256', 'count': 1}]",[]
