originated_ip,uid,connection.uid,connection.conn_state,connection.duration,connection.orig_bytes,connection.orig_ip_bytes,connection.orig_p,connection.orig_pkts,connection.proto,connection.resp_bytes,connection.resp_ip_bytes,connection.resp_p,connection.resp_pkts,connection.service,connection.ts,responded_ip,dns_count,ssh_count,http_count,ssl_count,files_count,dns_qtype,dns_rcode,ssh_auth_attempts,ssh_host_key,http_method,http_status_code,http_user_agent,ssl_version,ssl_cipher,ssl_curve,ssl_validation_status,files_source,file_md5,dns_dicts,ssh_dicts,http_dicts,ssl_dicts,files_dicts
104.24.20.85,0x1e8755,Cxvsne48BclVPJx9wg,SF,50.340966,4529,6989,53121,61,tcp,91004,94216,80,80,http,2017-07-04T18:05:03.608638Z,192.168.10.19,0,0,1,0,2,[],[],[],[],['GET'],[0],[None],[],[],[],[],['HTTP'],"['', '097aa749de73d0fc81dcb2f5ad69c104']",[],[],"[{'http.method': 'GET', 'http.status_code': 0, 'http.user_agent': None, 'count': 1}]",[],"[{'files.source': 'HTTP', 'file.md5s': {'', '097aa749de73d0fc81dcb2f5ad69c104'}, 'count': 2}]"
104.24.20.85,0x1e8758,C4q8MT2UagluCAXLOf,SF,50.536515,3690,6070,53122,59,tcp,97626,101038,80,85,http,2017-07-04T18:05:03.921316Z,192.168.10.19,0,0,1,0,6,[],[],[],[],['GET'],[200],[None],[],[],[],[],['HTTP'],"['', '72e9e33d76552865585b00af4720d6ac', '784f5e042028957b1f3440cfc8869bdd', 'd7098f9b5df7c2fdf5119c7428a19441', '84ff75b7cb674e7476ec2e594e81e9a6']",[],[],"[{'http.method': 'GET', 'http.status_code': 200, 'http.user_agent': None, 'count': 1}]",[],"[{'files.source': 'HTTP', 'file.md5s': {'', '72e9e33d76552865585b00af4720d6ac', '784f5e042028957b1f3440cfc8869bdd', 'd7098f9b5df7c2fdf5119c7428a19441', '84ff75b7cb674e7476ec2e594e81e9a6'}, 'count': 6}]"
104.24.20.85,0x24a184,CbMPaFxyHGFUXtggh,SF,181.052068,1007,1867,45405,21,tcp,4975,5547,443,14,ssl,2017-07-04T18:05:02.976211Z,192.168.10.19,0,0,0,1,0,[],[],[],[],[],[],[],['TLSv12'],['TLS_ECDHE_ECDSA_WITH_AES_128_GCM_SHA256'],[None],[None],[],[],[],[],[],"[{'ssl.curve': None, 'ssl.version': 'TLSv12', 'ssl.validation_status': None, 'ssl.cipher': 'TLS_ECDHE_ECDSA_WITH_AES_128_GCM_SHA256', 'count': 1}]",[]
104.24.20.85,0x27af02,CUr3iYFlLotw0m2rj,SF,46.326939,356,736,53120,9,tcp,346,718,80,9,http,2017-07-04T18:05:03.248072Z,192.168.10.19,0,0,1,0,0,[],[],[],[],['GET'],[302],[None],[],[],[],[],[],[],[],[],"[{'http.method': 'GET', 'http.status_code': 302, 'http.user_agent': None, 'count': 1}]",[],[]
