originated_ip,uid,connection.uid,connection.conn_state,connection.duration,connection.orig_bytes,connection.orig_ip_bytes,connection.orig_p,connection.orig_pkts,connection.proto,connection.resp_bytes,connection.resp_ip_bytes,connection.resp_p,connection.resp_pkts,connection.service,connection.ts,responded_ip,dns_count,ssh_count,http_count,ssl_count,files_count,dns_qtype,dns_rcode,ssh_auth_attempts,ssh_host_key,http_method,http_status_code,http_user_agent,ssl_version,ssl_cipher,ssl_curve,ssl_validation_status,files_source,file_md5,dns_dicts,ssh_dicts,http_dicts,ssl_dicts,files_dicts
173.194.68.154,0xc3664,CZYiQ7iOoTSM2ltRe,SH,0.0,0,89,59698,1,tcp,0,0,443,0,,2017-07-04T17:45:27.810089Z,192.168.10.25,0,0,0,0,0,,,,,,,,,,,,,,,,,,
173.194.68.154,0xc3764,ClwsAs4MdY3lwWIUU1,SH,0.0,0,89,59698,1,tcp,0,0,443,0,,2017-07-04T17:47:35.930266Z,192.168.10.25,0,0,0,0,0,,,,,,,,,,,,,,,,,,
173.194.68.154,0x12534f,CGwUm340GqykYOWfgh,SH,0.0,0,89,59698,1,tcp,0,0,443,0,,2017-07-04T17:46:31.868171Z,192.168.10.25,0,0,0,0,0,,,,,,,,,,,,,,,,,,
173.194.68.154,0x16e669,CqkWF91yDujl9OY1S5,OTH,0.0,0,40,59698,1,tcp,0,0,443,0,,2017-07-04T17:48:39.991945Z,192.168.10.25,0,0,0,0,0,,,,,,,,,,,,,,,,,,
