originated_ip,uid,connection.uid,connection.conn_state,connection.duration,connection.orig_bytes,connection.orig_ip_bytes,connection.orig_p,connection.orig_pkts,connection.proto,connection.resp_bytes,connection.resp_ip_bytes,connection.resp_p,connection.resp_pkts,connection.service,connection.ts,responded_ip,dns_count,ssh_count,http_count,ssl_count,files_count,dns_qtype,dns_rcode,ssh_auth_attempts,ssh_host_key,http_method,http_status_code,http_user_agent,ssl_version,ssl_cipher,ssl_curve,ssl_validation_status,files_source,file_md5,dns_dicts,ssh_dicts,http_dicts,ssl_dicts,files_dicts
195.142.105.15,0x1881b,CFJx663uwH4zV5ngLk,SF,5.401458,0,172,56054,4,tcp,0,92,80,2,,2017-07-04T17:45:16.209237Z,192.168.10.14,0,0,0,0,0,[],[],[],[],[],[],[],[],[],[],[],[],[],[],[],[],[],[]
195.142.105.15,0x124fd7,CT4NEf7ducdrDld69,RSTO,5.922906,291,763,56180,10,tcp,8569,8781,80,5,http,2017-07-04T17:45:21.324168Z,192.168.10.14,0,0,1,0,1,[],[],[],[],['GET'],[200],[None],[],[],[],[],['HTTP'],['6e3e59072558f86d3d99813edc0867ca'],[],[],"[{'http.method': 'GET', 'http.status_code': 200, 'http.user_agent': None, 'count': 1}]",[],"[{'files.source': 'HTTP', 'file.md5s': {'6e3e59072558f86d3d99813edc0867ca'}, 'count': 1}]"
195.142.105.15,0x1e8593,C9yBEO2e6OObX7x2s,RSTO,6.313362,0,132,56181,3,tcp,0,52,80,1,,2017-07-04T17:45:21.345173Z,192.168.10.14,0,0,0,0,0,[],[],[],[],[],[],[],[],[],[],[],[],[],[],[],[],[],[]
195.142.105.15,0x293454,CDXeno4wW191SpX4Bi,SF,5.403246,0,172,56055,4,tcp,0,92,80,2,,2017-07-04T17:45:16.209445Z,192.168.10.14,0,0,0,0,0,[],[],[],[],[],[],[],[],[],[],[],[],[],[],[],[],[],[]
