originated_ip,uid,connection.uid,connection.conn_state,connection.duration,connection.orig_bytes,connection.orig_ip_bytes,connection.orig_p,connection.orig_pkts,connection.proto,connection.resp_bytes,connection.resp_ip_bytes,connection.resp_p,connection.resp_pkts,connection.service,connection.ts,responded_ip,dns_count,ssh_count,http_count,ssl_count,files_count,dns_qtype,dns_rcode,ssh_auth_attempts,ssh_host_key,http_method,http_status_code,http_user_agent,ssl_version,ssl_cipher,ssl_curve,ssl_validation_status,files_source,file_md5,dns_dicts,ssh_dicts,http_dicts,ssl_dicts,files_dicts
104.88.70.219,0x494b8,Cf62eA3Ljm0ltj5qq6,SF,5.598829,351,959,59950,12,tcp,4847,5323,443,9,ssl,2017-07-04T18:01:29.464583Z,192.168.10.12,0,0,0,1,0,[],[],[],[],[],[],[],['TLSv12'],['TLS_ECDHE_RSA_WITH_AES_256_GCM_SHA384'],[None],[None],[],[],[],[],[],"[{'ssl.curve': None, 'ssl.version': 'TLSv12', 'ssl.validation_status': None, 'ssl.cipher': 'TLS_ECDHE_RSA_WITH_AES_256_GCM_SHA384', 'count': 1}]",[]
104.88.70.219,0x19f17f,C71jLq4Vgz9dag11gb,RSTR,115.93148,2616,4380,59974,34,tcp,41280,43368,443,40,ssl,2017-07-04T18:01:30.00287Z,192.168.10.12,0,0,0,1,3,[],[],[],[],[],[],[],['TLSv12'],['TLS_ECDHE_RSA_WITH_AES_256_GCM_SHA384'],[None],[None],['SSL'],"['cd7873718aa4b42142e0377431fec940', 'f91ffee6a36b998841d467dde5f8977a', '23d5858ebc8986107cb7ac1e17f726c5']",[],[],[],"[{'ssl.curve': None, 'ssl.version': 'TLSv12', 'ssl.validation_status': None, 'ssl.cipher': 'TLS_ECDHE_RSA_WITH_AES_256_GCM_SHA384', 'count': 1}]","[{'files.source': 'SSL', 'file.md5s': {'cd7873718aa4b42142e0377431fec940', 'f91ffee6a36b998841d467dde5f8977a', '23d5858ebc8986107cb7ac1e17f726c5'}, 'count': 3}]"
104.88.70.219,0x1b781d,CWnzfI2SYeS7SaqMZ1,SF,6.063626,354,962,59976,12,tcp,4847,5323,443,9,ssl,2017-07-04T18:01:30.003398Z,192.168.10.12,0,0,0,1,0,[],[],[],[],[],[],[],['TLSv12'],['TLS_ECDHE_RSA_WITH_AES_256_GCM_SHA384'],[None],[None],[],[],[],[],[],"[{'ssl.curve': None, 'ssl.version': 'TLSv12', 'ssl.validation_status': None, 'ssl.cipher': 'TLS_ECDHE_RSA_WITH_AES_256_GCM_SHA384', 'count': 1}]",[]
104.88.70.219,0x219327,CIHxOa3FPbVsNRujnh,RSTR,115.465239,2591,3887,59952,25,tcp,10394,11650,443,24,ssl,2017-07-04T18:01:29.464852Z,192.168.10.12,0,0,0,1,0,[],[],[],[],[],[],[],['TLSv12'],['TLS_ECDHE_RSA_WITH_AES_256_GCM_SHA384'],[None],[None],[],[],[],[],[],"[{'ssl.curve': None, 'ssl.version': 'TLSv12', 'ssl.validation_status': None, 'ssl.cipher': 'TLS_ECDHE_RSA_WITH_AES_256_GCM_SHA384', 'count': 1}]",[]
