originated_ip,uid,connection.uid,connection.conn_state,connection.duration,connection.orig_bytes,connection.orig_ip_bytes,connection.orig_p,connection.orig_pkts,connection.proto,connection.resp_bytes,connection.resp_ip_bytes,connection.resp_p,connection.resp_pkts,connection.service,connection.ts,responded_ip,dns_count,ssh_count,http_count,ssl_count,files_count,dns_qtype,dns_rcode,ssh_auth_attempts,ssh_host_key,http_method,http_status_code,http_user_agent,ssl_version,ssl_cipher,ssl_curve,ssl_validation_status,files_source,file_md5,dns_dicts,ssh_dicts,http_dicts,ssl_dicts,files_dicts
172.217.9.232,0x1df,CCafIR1tnX16UZVEDd,SF,181.179499,972,2144,56846,29,tcp,27638,29050,443,35,ssl,2017-07-04T18:05:50.843439Z,192.168.10.15,0,0,0,1,3,[],[],[],[],[],[],[],['TLSv12'],['TLS_ECDHE_RSA_WITH_AES_128_GCM_SHA256'],[None],[None],['SSL'],"['471b437617b4cdfcc85dc5c53e3b2c7d', '17866ccbd224bd2ff9df48b95118f935', '2e7db2a31d0e3da4b25f49b9542a2e1a']",[],[],[],"[{'ssl.curve': None, 'ssl.version': 'TLSv12', 'ssl.validation_status': None, 'ssl.cipher': 'TLS_ECDHE_RSA_WITH_AES_128_GCM_SHA256', 'count': 1}]","[{'files.source': 'SSL', 'file.md5s': {'471b437617b4cdfcc85dc5c53e3b2c7d', '17866ccbd224bd2ff9df48b95118f935', '2e7db2a31d0e3da4b25f49b9542a2e1a'}, 'count': 3}]"
172.217.9.232,0xdbdbc,CkuxkC1EsyHYubXhw8,S3,240.203707,804,2012,61578,23,tcp,27653,28961,443,25,ssl,2017-07-04T18:06:59.678Z,192.168.10.25,0,0,0,1,3,[],[],[],[],[],[],[],['TLSv10'],['TLS_RSA_WITH_AES_128_CBC_SHA'],[None],[None],['SSL'],"['471b437617b4cdfcc85dc5c53e3b2c7d', '17866ccbd224bd2ff9df48b95118f935', '2e7db2a31d0e3da4b25f49b9542a2e1a']",[],[],[],"[{'ssl.curve': None, 'ssl.version': 'TLSv10', 'ssl.validation_status': None, 'ssl.cipher': 'TLS_RSA_WITH_AES_128_CBC_SHA', 'count': 1}]","[{'files.source': 'SSL', 'file.md5s': {'471b437617b4cdfcc85dc5c53e3b2c7d', '17866ccbd224bd2ff9df48b95118f935', '2e7db2a31d0e3da4b25f49b9542a2e1a'}, 'count': 3}]"
172.217.9.232,0x186c63,CxFKpk4wGUzrXTdzK7,SF,180.682362,968,2380,42158,27,tcp,22460,24028,443,30,ssl,2017-07-04T18:05:51.612758Z,192.168.10.12,0,0,0,1,0,[],[],[],[],[],[],[],['TLSv12'],['TLS_ECDHE_RSA_WITH_AES_128_GCM_SHA256'],[None],[None],[],[],[],[],[],"[{'ssl.curve': None, 'ssl.version': 'TLSv12', 'ssl.validation_status': None, 'ssl.cipher': 'TLS_ECDHE_RSA_WITH_AES_128_GCM_SHA256', 'count': 1}]",[]
172.217.9.232,0x2f4f87,CWtGYITGtUXKA26Ze,SF,180.941879,968,2738,45854,33,tcp,39082,41286,443,42,ssl,2017-07-04T18:04:57.223061Z,192.168.10.16,0,0,0,1,0,[],[],[],[],[],[],[],['TLSv12'],['TLS_ECDHE_RSA_WITH_AES_128_GCM_SHA256'],[None],[None],[],[],[],[],[],"[{'ssl.curve': None, 'ssl.version': 'TLSv12', 'ssl.validation_status': None, 'ssl.cipher': 'TLS_ECDHE_RSA_WITH_AES_128_GCM_SHA256', 'count': 1}]",[]
