originated_ip,uid,connection.uid,connection.conn_state,connection.duration,connection.orig_bytes,connection.orig_ip_bytes,connection.orig_p,connection.orig_pkts,connection.proto,connection.resp_bytes,connection.resp_ip_bytes,connection.resp_p,connection.resp_pkts,connection.service,connection.ts,responded_ip,dns_count,ssh_count,http_count,ssl_count,files_count,dns_qtype,dns_rcode,ssh_auth_attempts,ssh_host_key,http_method,http_status_code,http_user_agent,ssl_version,ssl_cipher,ssl_curve,ssl_validation_status,files_source,file_md5,dns_dicts,ssh_dicts,http_dicts,ssl_dicts,files_dicts
151.101.208.133,0x30dc0,CuL1TW2TLEE23DexUa,SHR,9.5e-05,0,104,59798,2,tcp,37,141,443,2,,2017-07-04T17:45:16.738842Z,192.168.10.25,0,0,0,0,0,,,,,,,,,,,,,,,,,,
151.101.208.133,0x124ff9,C8Mwno3XcIm76t60Sd,SHR,7.8e-05,0,104,59799,2,tcp,37,141,443,2,,2017-07-04T17:45:16.441875Z,192.168.10.25,0,0,0,0,0,,,,,,,,,,,,,,,,,,
151.101.208.133,0x2c408b,CmSigc3lP1zXpRUIy6,SHR,9.3e-05,0,104,59797,2,tcp,37,141,443,2,,2017-07-04T17:45:16.307869Z,192.168.10.25,0,0,0,0,0,,,,,,,,,,,,,,,,,,
151.101.208.133,0x2dc73e,CgXFPX2oH9hCFLAOFl,SHR,0.000113,0,104,59796,2,tcp,37,141,443,2,,2017-07-04T17:45:16.208792Z,192.168.10.25,0,0,0,0,0,,,,,,,,,,,,,,,,,,
