originated_ip,uid,connection.uid,connection.conn_state,connection.duration,connection.orig_bytes,connection.orig_ip_bytes,connection.orig_p,connection.orig_pkts,connection.proto,connection.resp_bytes,connection.resp_ip_bytes,connection.resp_p,connection.resp_pkts,connection.service,connection.ts,responded_ip,dns_count,ssh_count,http_count,ssl_count,files_count,dns_qtype,dns_rcode,ssh_auth_attempts,ssh_host_key,http_method,http_status_code,http_user_agent,ssl_version,ssl_cipher,ssl_curve,ssl_validation_status,files_source,file_md5,dns_dicts,ssh_dicts,http_dicts,ssl_dicts,files_dicts
172.217.3.109,0x18a59,CqLuv83SReR2SgbrK8,SF,0.315828,2116,3012,60830,17,tcp,4212,4844,443,12,ssl,2017-07-04T17:49:54.648974Z,192.168.10.25,0,0,0,1,3,[],[],[],[],[],[],[],['TLSv10'],['TLS_RSA_WITH_AES_128_CBC_SHA'],[None],[None],['SSL'],"['17c69fa908ff6db70630e62fca9499ca', '17866ccbd224bd2ff9df48b95118f935', '2e7db2a31d0e3da4b25f49b9542a2e1a']",[],[],[],"[{'ssl.curve': None, 'ssl.version': 'TLSv10', 'ssl.validation_status': None, 'ssl.cipher': 'TLS_RSA_WITH_AES_128_CBC_SHA', 'count': 1}]","[{'files.source': 'SSL', 'file.md5s': {'17c69fa908ff6db70630e62fca9499ca', '17866ccbd224bd2ff9df48b95118f935', '2e7db2a31d0e3da4b25f49b9542a2e1a'}, 'count': 3}]"
172.217.3.109,0x30ed7,CDwtLC19wO28eqIDFk,SF,0.254608,1769,2509,61143,14,tcp,1684,2160,443,9,ssl,2017-07-04T17:51:46.645183Z,192.168.10.25,0,0,0,1,0,[],[],[],[],[],[],[],['TLSv10'],['TLS_RSA_WITH_AES_128_CBC_SHA'],[None],[None],[],[],[],[],[],"[{'ssl.curve': None, 'ssl.version': 'TLSv10', 'ssl.validation_status': None, 'ssl.cipher': 'TLS_RSA_WITH_AES_128_CBC_SHA', 'count': 1}]",[]
172.217.3.109,0x49558,CEaYqx15AWlW0u8TRe,SF,0.247039,1769,2509,61144,14,tcp,1812,2288,443,9,ssl,2017-07-04T17:51:46.703643Z,192.168.10.25,0,0,0,1,0,[],[],[],[],[],[],[],['TLSv10'],['TLS_RSA_WITH_AES_128_CBC_SHA'],[None],[None],[],[],[],[],[],"[{'ssl.curve': None, 'ssl.version': 'TLSv10', 'ssl.validation_status': None, 'ssl.cipher': 'TLS_RSA_WITH_AES_128_CBC_SHA', 'count': 1}]",[]
172.217.3.109,0x1b7848,CdEsi127jk0rfeWYH7,SF,0.280039,1881,2621,61040,14,tcp,1028,1556,443,10,ssl,2017-07-04T17:51:12.17479Z,192.168.10.25,0,0,0,1,0,[],[],[],[],[],[],[],['TLSv10'],['TLS_RSA_WITH_AES_128_CBC_SHA'],[None],[None],[],[],[],[],[],"[{'ssl.curve': None, 'ssl.version': 'TLSv10', 'ssl.validation_status': None, 'ssl.cipher': 'TLS_RSA_WITH_AES_128_CBC_SHA', 'count': 1}]",[]
