originated_ip,uid,connection.uid,connection.conn_state,connection.duration,connection.orig_bytes,connection.orig_ip_bytes,connection.orig_p,connection.orig_pkts,connection.proto,connection.resp_bytes,connection.resp_ip_bytes,connection.resp_p,connection.resp_pkts,connection.service,connection.ts,responded_ip,dns_count,ssh_count,http_count,ssl_count,files_count,dns_qtype,dns_rcode,ssh_auth_attempts,ssh_host_key,http_method,http_status_code,http_user_agent,ssl_version,ssl_cipher,ssl_curve,ssl_validation_status,files_source,file_md5,dns_dicts,ssh_dicts,http_dicts,ssl_dicts,files_dicts
172.217.11.36,0x10ca29,CK04j934KvKjtyAZs,SH,0.0,0,89,59521,1,tcp,0,0,443,0,,2017-07-04T17:45:28.11054Z,192.168.10.25,0,0,0,0,0,,,,,,,,,,,,,,,,,,
172.217.11.36,0x24a180,C05yHD3KZDO6lFezl2,SH,0.0,0,89,59521,1,tcp,0,0,443,0,,2017-07-04T17:47:36.230552Z,192.168.10.25,0,0,0,0,0,,,,,,,,,,,,,,,,,,
172.217.11.36,0x2abcac,CwdcoF4Erk0cIpRzL4,OTH,0.0,0,40,59521,1,tcp,0,0,443,0,,2017-07-04T17:48:40.292226Z,192.168.10.25,0,0,0,0,0,,,,,,,,,,,,,,,,,,
172.217.11.36,0x2dca7d,CUC3o72lTDYMg1uEvl,SH,0.0,0,89,59521,1,tcp,0,0,443,0,,2017-07-04T17:46:32.168617Z,192.168.10.25,0,0,0,0,0,,,,,,,,,,,,,,,,,,
