originated_ip,uid,connection.uid,connection.conn_state,connection.duration,connection.orig_bytes,connection.orig_ip_bytes,connection.orig_p,connection.orig_pkts,connection.proto,connection.resp_bytes,connection.resp_ip_bytes,connection.resp_p,connection.resp_pkts,connection.service,connection.ts,responded_ip,dns_count,ssh_count,http_count,ssl_count,files_count,dns_qtype,dns_rcode,ssh_auth_attempts,ssh_host_key,http_method,http_status_code,http_user_agent,ssl_version,ssl_cipher,ssl_curve,ssl_validation_status,files_source,file_md5,dns_dicts,ssh_dicts,http_dicts,ssl_dicts,files_dicts
184.84.243.199,0x49502,Can0Kf4u2LmfHg6V8j,SF,115.953676,592,1588,60892,19,tcp,768,1608,80,16,http,2017-07-04T17:51:12.516607Z,192.168.10.12,0,0,1,0,2,[],[],[],[],['GET'],[200],[None],[],[],[],[],['HTTP'],['ae780585f49b94ce1444eb7d28906123'],[],[],"[{'http.method': 'GET', 'http.status_code': 200, 'http.user_agent': None, 'count': 1}]",[],"[{'files.source': 'HTTP', 'file.md5s': {'ae780585f49b94ce1444eb7d28906123'}, 'count': 2}]"
184.84.243.199,0x61c4a,C0T2g72cbgyofcND63,SF,82.915983,296,1032,60876,14,tcp,384,1016,80,12,http,2017-07-04T17:47:50.509474Z,192.168.10.12,0,0,1,0,1,[],[],[],[],['GET'],[200],[None],[],[],[],[],['HTTP'],['ae780585f49b94ce1444eb7d28906123'],[],[],"[{'http.method': 'GET', 'http.status_code': 200, 'http.user_agent': None, 'count': 1}]",[],"[{'files.source': 'HTTP', 'file.md5s': {'ae780585f49b94ce1444eb7d28906123'}, 'count': 1}]"
184.84.243.199,0x2abfe6,CB5d0u2YwQbccLSIEl,SF,5.683288,0,172,56861,4,tcp,0,92,80,2,,2017-07-04T18:05:51.375814Z,192.168.10.15,0,0,0,0,0,[],[],[],[],[],[],[],[],[],[],[],[],[],[],[],[],[],[]
184.84.243.199,0x2c4306,CxVhjr4tNeUF9csDBk,SF,115.580402,293,996,56862,17,tcp,384,1128,80,15,http,2017-07-04T18:05:51.375973Z,192.168.10.15,0,0,1,0,1,[],[],[],[],['GET'],[200],[None],[],[],[],[],['HTTP'],['ae780585f49b94ce1444eb7d28906123'],[],[],"[{'http.method': 'GET', 'http.status_code': 200, 'http.user_agent': None, 'count': 1}]",[],"[{'files.source': 'HTTP', 'file.md5s': {'ae780585f49b94ce1444eb7d28906123'}, 'count': 1}]"
