originated_ip,uid,connection.uid,connection.conn_state,connection.duration,connection.orig_bytes,connection.orig_ip_bytes,connection.orig_p,connection.orig_pkts,connection.proto,connection.resp_bytes,connection.resp_ip_bytes,connection.resp_p,connection.resp_pkts,connection.service,connection.ts,responded_ip,dns_count,ssh_count,http_count,ssl_count,files_count,dns_qtype,dns_rcode,ssh_auth_attempts,ssh_host_key,http_method,http_status_code,http_user_agent,ssl_version,ssl_cipher,ssl_curve,ssl_validation_status,files_source,file_md5,dns_dicts,ssh_dicts,http_dicts,ssl_dicts,files_dicts
129.146.12.97,0x92859,CG6Qop3O7BWMouenGl,RSTO,5.753734,568,780,56192,5,tcp,152,324,443,4,ssl,2017-07-04T17:45:21.897396Z,192.168.10.14,0,0,0,1,0,[],[],[],[],[],[],[],['TLSv12'],['TLS_ECDHE_RSA_WITH_AES_256_GCM_SHA384'],[None],[None],[],[],[],[],[],"[{'ssl.curve': None, 'ssl.version': 'TLSv12', 'ssl.validation_status': None, 'ssl.cipher': 'TLS_ECDHE_RSA_WITH_AES_256_GCM_SHA384', 'count': 1}]",[]
129.146.12.97,0x186a96,Cg89hi2Bq3qrLlUD33,RSTO,5.757839,1471,1843,56191,9,tcp,1267,1519,443,6,ssl,2017-07-04T17:45:21.897252Z,192.168.10.14,0,0,0,1,0,[],[],[],[],[],[],[],['TLSv12'],['TLS_ECDHE_RSA_WITH_AES_256_GCM_SHA384'],[None],[None],[],[],[],[],[],"[{'ssl.curve': None, 'ssl.version': 'TLSv12', 'ssl.validation_status': None, 'ssl.cipher': 'TLS_ECDHE_RSA_WITH_AES_256_GCM_SHA384', 'count': 1}]",[]
129.146.12.97,0x21943c,CtgmoX3fLsqiJMpl63,SF,0.56838,669,993,60762,6,tcp,646,862,80,4,http,2017-07-04T17:49:47.414424Z,192.168.10.25,0,0,1,0,0,[],[],[],[],['GET'],[302],[None],[],[],[],[],[],[],[],[],"[{'http.method': 'GET', 'http.status_code': 302, 'http.user_agent': None, 'count': 1}]",[],[]
129.146.12.97,0x27aebf,Ch4dZ4282Lf4vnBbMf,SF,0.736697,743,1067,60776,6,tcp,309,525,80,4,http,2017-07-04T17:49:48.018186Z,192.168.10.25,0,0,1,0,0,[],[],[],[],['GET'],[302],[None],[],[],[],[],[],[],[],[],"[{'http.method': 'GET', 'http.status_code': 302, 'http.user_agent': None, 'count': 1}]",[],[]
