originated_ip,uid,connection.uid,connection.conn_state,connection.duration,connection.orig_bytes,connection.orig_ip_bytes,connection.orig_p,connection.orig_pkts,connection.proto,connection.resp_bytes,connection.resp_ip_bytes,connection.resp_p,connection.resp_pkts,connection.service,connection.ts,responded_ip,dns_count,ssh_count,http_count,ssl_count,files_count,dns_qtype,dns_rcode,ssh_auth_attempts,ssh_host_key,http_method,http_status_code,http_user_agent,ssl_version,ssl_cipher,ssl_curve,ssl_validation_status,files_source,file_md5,dns_dicts,ssh_dicts,http_dicts,ssl_dicts,files_dicts
173.194.207.108,0x30fb3,CbBPLH9A581yO6bm8,SF,2.106819,1399,2248,56384,20,tcp,4520,5572,465,26,ssl,2017-07-04T17:59:13.840227Z,192.168.10.14,0,0,0,1,3,[],[],[],[],[],[],[],['TLSv10'],['TLS_ECDHE_RSA_WITH_AES_128_CBC_SHA'],[None],[None],['SSL'],"['2e7db2a31d0e3da4b25f49b9542a2e1a', '17866ccbd224bd2ff9df48b95118f935', '695f82cb29faa130f5b1da4e10555ca3']",[],[],[],"[{'ssl.curve': None, 'ssl.version': 'TLSv10', 'ssl.validation_status': None, 'ssl.cipher': 'TLS_ECDHE_RSA_WITH_AES_128_CBC_SHA', 'count': 1}]","[{'files.source': 'SSL', 'file.md5s': {'2e7db2a31d0e3da4b25f49b9542a2e1a', '17866ccbd224bd2ff9df48b95118f935', '695f82cb29faa130f5b1da4e10555ca3'}, 'count': 3}]"
173.194.207.108,0x19f184,Crf0DM3l7zdgBNVG6j,SF,2.620116,1413,2409,58200,19,tcp,4520,5816,465,25,ssl,2017-07-04T18:01:22.55283Z,192.168.10.12,0,0,0,1,0,[],[],[],[],[],[],[],['TLSv10'],['TLS_ECDHE_RSA_WITH_AES_128_CBC_SHA'],[None],[None],[],[],[],[],[],"[{'ssl.curve': None, 'ssl.version': 'TLSv10', 'ssl.validation_status': None, 'ssl.cipher': 'TLS_ECDHE_RSA_WITH_AES_128_CBC_SHA', 'count': 1}]",[]
173.194.207.108,0x19f2c3,Cd7XuS3gJtX0CrZCza,SF,1.93627,1413,2409,49886,19,tcp,4520,5816,465,25,ssl,2017-07-04T17:58:57.898481Z,192.168.10.16,0,0,0,1,3,[],[],[],[],[],[],[],['TLSv10'],['TLS_ECDHE_RSA_WITH_AES_128_CBC_SHA'],[None],[None],['SSL'],"['17866ccbd224bd2ff9df48b95118f935', '2e7db2a31d0e3da4b25f49b9542a2e1a', '695f82cb29faa130f5b1da4e10555ca3']",[],[],[],"[{'ssl.curve': None, 'ssl.version': 'TLSv10', 'ssl.validation_status': None, 'ssl.cipher': 'TLS_ECDHE_RSA_WITH_AES_128_CBC_SHA', 'count': 1}]","[{'files.source': 'SSL', 'file.md5s': {'17866ccbd224bd2ff9df48b95118f935', '2e7db2a31d0e3da4b25f49b9542a2e1a', '695f82cb29faa130f5b1da4e10555ca3'}, 'count': 3}]"
173.194.207.108,0x200c41,CSqhWq36TgFzSvPoR1,SF,1.920556,1399,2395,48932,19,tcp,4520,5816,465,25,ssl,2017-07-04T17:45:30.248078Z,192.168.10.19,0,0,0,1,3,[],[],[],[],[],[],[],['TLSv10'],['TLS_ECDHE_RSA_WITH_AES_128_CBC_SHA'],[None],[None],['SSL'],"['17866ccbd224bd2ff9df48b95118f935', '2e7db2a31d0e3da4b25f49b9542a2e1a', '695f82cb29faa130f5b1da4e10555ca3']",[],[],[],"[{'ssl.curve': None, 'ssl.version': 'TLSv10', 'ssl.validation_status': None, 'ssl.cipher': 'TLS_ECDHE_RSA_WITH_AES_128_CBC_SHA', 'count': 1}]","[{'files.source': 'SSL', 'file.md5s': {'17866ccbd224bd2ff9df48b95118f935', '2e7db2a31d0e3da4b25f49b9542a2e1a', '695f82cb29faa130f5b1da4e10555ca3'}, 'count': 3}]"
