originated_ip,uid,connection.uid,connection.conn_state,connection.duration,connection.orig_bytes,connection.orig_ip_bytes,connection.orig_p,connection.orig_pkts,connection.proto,connection.resp_bytes,connection.resp_ip_bytes,connection.resp_p,connection.resp_pkts,connection.service,connection.ts,responded_ip,dns_count,ssh_count,http_count,ssl_count,files_count,dns_qtype,dns_rcode,ssh_auth_attempts,ssh_host_key,http_method,http_status_code,http_user_agent,ssl_version,ssl_cipher,ssl_curve,ssl_validation_status,files_source,file_md5,dns_dicts,ssh_dicts,http_dicts,ssl_dicts,files_dicts
192.243.232.58,0x16e67d,CIWo6q3tlvTZgkaJB3,SF,6.568143,612,1084,41426,11,tcp,2710,4542,443,9,ssl,2017-07-04T17:59:51.645672Z,192.168.10.19,0,0,0,1,2,[],[],[],[],[],[],[],['TLSv12'],['TLS_RSA_WITH_AES_256_CBC_SHA'],[None],[None],['SSL'],"['34cc1ac2ed6941cb7e1dda1bc794fbeb', '345eff15b7a49add451b65a7f4bdc6ae']",[],[],[],"[{'ssl.curve': None, 'ssl.version': 'TLSv12', 'ssl.validation_status': None, 'ssl.cipher': 'TLS_RSA_WITH_AES_256_CBC_SHA', 'count': 1}]","[{'files.source': 'SSL', 'file.md5s': {'34cc1ac2ed6941cb7e1dda1bc794fbeb', '345eff15b7a49add451b65a7f4bdc6ae'}, 'count': 2}]"
192.243.232.58,0x231bb3,CrE1zdbLWdw2Fm5yi,SF,16.146884,1193,1785,41431,14,tcp,3051,4963,443,11,ssl,2017-07-04T17:59:52.134379Z,192.168.10.19,0,0,0,1,2,[],[],[],[],[],[],[],['TLSv12'],['TLS_RSA_WITH_AES_256_CBC_SHA'],[None],[None],['SSL'],"['34cc1ac2ed6941cb7e1dda1bc794fbeb', '345eff15b7a49add451b65a7f4bdc6ae']",[],[],[],"[{'ssl.curve': None, 'ssl.version': 'TLSv12', 'ssl.validation_status': None, 'ssl.cipher': 'TLS_RSA_WITH_AES_256_CBC_SHA', 'count': 1}]","[{'files.source': 'SSL', 'file.md5s': {'34cc1ac2ed6941cb7e1dda1bc794fbeb', '345eff15b7a49add451b65a7f4bdc6ae'}, 'count': 2}]"
192.243.232.58,0x2f4d86,CCeDvTRnznmeqdYzf,SF,16.480192,1145,1685,40963,13,tcp,3227,3639,443,10,ssl,2017-07-04T17:57:16.218294Z,192.168.10.19,0,0,0,1,2,[],[],[],[],[],[],[],['TLSv12'],['TLS_RSA_WITH_AES_256_CBC_SHA'],[None],[None],['SSL'],"['34cc1ac2ed6941cb7e1dda1bc794fbeb', '345eff15b7a49add451b65a7f4bdc6ae']",[],[],[],"[{'ssl.curve': None, 'ssl.version': 'TLSv12', 'ssl.validation_status': None, 'ssl.cipher': 'TLS_RSA_WITH_AES_256_CBC_SHA', 'count': 1}]","[{'files.source': 'SSL', 'file.md5s': {'34cc1ac2ed6941cb7e1dda1bc794fbeb', '345eff15b7a49add451b65a7f4bdc6ae'}, 'count': 2}]"
192.243.232.58,0x2f4dc9,CCAPVp1lpcg32D1RS9,SF,15.746442,1319,1772,55615,11,tcp,3066,3518,443,11,ssl,2017-07-04T17:45:48.139449Z,192.168.10.8,0,0,0,1,2,[],[],[],[],[],[],[],['TLSv12'],['TLS_RSA_WITH_AES_256_CBC_SHA'],[None],[None],['SSL'],"['34cc1ac2ed6941cb7e1dda1bc794fbeb', '345eff15b7a49add451b65a7f4bdc6ae']",[],[],[],"[{'ssl.curve': None, 'ssl.version': 'TLSv12', 'ssl.validation_status': None, 'ssl.cipher': 'TLS_RSA_WITH_AES_256_CBC_SHA', 'count': 1}]","[{'files.source': 'SSL', 'file.md5s': {'34cc1ac2ed6941cb7e1dda1bc794fbeb', '345eff15b7a49add451b65a7f4bdc6ae'}, 'count': 2}]"
