originated_ip,uid,connection.uid,connection.conn_state,connection.duration,connection.orig_bytes,connection.orig_ip_bytes,connection.orig_p,connection.orig_pkts,connection.proto,connection.resp_bytes,connection.resp_ip_bytes,connection.resp_p,connection.resp_pkts,connection.service,connection.ts,responded_ip,dns_count,ssh_count,http_count,ssl_count,files_count,dns_qtype,dns_rcode,ssh_auth_attempts,ssh_host_key,http_method,http_status_code,http_user_agent,ssl_version,ssl_cipher,ssl_curve,ssl_validation_status,files_source,file_md5,dns_dicts,ssh_dicts,http_dicts,ssl_dicts,files_dicts
144.217.164.10,0x634,C6juyh2eVhJJaVX2Ya,SF,0.016657,48,76,123,1,udp,48,76,123,1,ntp,2017-07-04T18:05:55.378871Z,192.168.10.50,0,0,0,0,0,,,,,,,,,,,,,,,,,,
144.217.164.10,0xab1ef,ChWx741PmqOTgF9WAd,SF,0.01652,48,76,123,1,udp,48,76,123,1,ntp,2017-07-04T17:48:36.37883Z,192.168.10.50,0,0,0,0,0,,,,,,,,,,,,,,,,,,
144.217.164.10,0x1b7dc5,CAoT0J2eHwM8cvwEDe,SF,0.016673,48,76,123,1,udp,48,76,123,1,ntp,2017-07-04T17:56:54.828039Z,192.168.10.16,0,0,0,0,0,,,,,,,,,,,,,,,,,,
144.217.164.10,0x1d04f9,CE7IAmSVbyksxx9Bc,SF,0.016641,48,76,123,1,udp,48,76,123,1,ntp,2017-07-04T18:14:23.827991Z,192.168.10.16,0,0,0,0,0,,,,,,,,,,,,,,,,,,
