originated_ip,uid,connection.uid,connection.conn_state,connection.duration,connection.orig_bytes,connection.orig_ip_bytes,connection.orig_p,connection.orig_pkts,connection.proto,connection.resp_bytes,connection.resp_ip_bytes,connection.resp_p,connection.resp_pkts,connection.service,connection.ts,responded_ip,dns_count,ssh_count,http_count,ssl_count,files_count,dns_qtype,dns_rcode,ssh_auth_attempts,ssh_host_key,http_method,http_status_code,http_user_agent,ssl_version,ssl_cipher,ssl_curve,ssl_validation_status,files_source,file_md5,dns_dicts,ssh_dicts,http_dicts,ssl_dicts,files_dicts
124.160.136.179,0x125625,Ces1ia4P6NgWOrige5,SF,6.644715,0,220,43747,5,tcp,0,132,80,3,,2017-07-04T18:14:00.477216Z,192.168.10.17,0,0,0,0,0,[],[],[],[],[],[],[],[],[],[],[],[],[],[],[],[],[],[]
124.160.136.179,0x13d8fc,CWA0pg3BLvJBXOGx79,S1,52.704117,294,990,43736,16,tcp,11518,12131,80,15,http,2017-07-04T18:14:00.224239Z,192.168.10.17,0,0,1,0,1,[],[],[],[],['GET'],[200],[None],[],[],[],[],['HTTP'],[''],[],[],"[{'http.method': 'GET', 'http.status_code': 200, 'http.user_agent': None, 'count': 1}]",[],"[{'files.source': 'HTTP', 'file.md5s': {''}, 'count': 1}]"
124.160.136.179,0x1d00f0,CV1SsG47FTiTOEcVf9,S1,53.101072,573,1217,43754,15,tcp,6501,7075,80,14,http,2017-07-04T18:14:01.395009Z,192.168.10.17,0,0,1,0,2,[],[],[],[],['GET'],[200],[None],[],[],[],[],['HTTP'],"['', '2ebdab6d0fe129399b3285ef1d7e02dc']",[],[],"[{'http.method': 'GET', 'http.status_code': 200, 'http.user_agent': None, 'count': 1}]",[],"[{'files.source': 'HTTP', 'file.md5s': {'', '2ebdab6d0fe129399b3285ef1d7e02dc'}, 'count': 2}]"
124.160.136.179,0x201201,C4D55w4h9E6AnZe4Ib,SF,6.470194,0,220,43763,5,tcp,0,144,80,3,,2017-07-04T18:14:01.646644Z,192.168.10.17,0,0,0,0,0,[],[],[],[],[],[],[],[],[],[],[],[],[],[],[],[],[],[]
