originated_ip,uid,connection.uid,connection.conn_state,connection.duration,connection.orig_bytes,connection.orig_ip_bytes,connection.orig_p,connection.orig_pkts,connection.proto,connection.resp_bytes,connection.resp_ip_bytes,connection.resp_p,connection.resp_pkts,connection.service,connection.ts,responded_ip,dns_count,ssh_count,http_count,ssl_count,files_count,dns_qtype,dns_rcode,ssh_auth_attempts,ssh_host_key,http_method,http_status_code,http_user_agent,ssl_version,ssl_cipher,ssl_curve,ssl_validation_status,files_source,file_md5,dns_dicts,ssh_dicts,http_dicts,ssl_dicts,files_dicts
104.199.123.9,0x18805,CpnebR3M3kdfFVNVE6,SF,10.160873,289,582,55586,7,tcp,459,683,80,5,http,2017-07-04T17:45:46.413373Z,192.168.10.8,0,0,1,0,0,[],[],[],[],['GET'],[302],[None],[],[],[],[],[],[],[],[],"[{'http.method': 'GET', 'http.status_code': 302, 'http.user_agent': None, 'count': 1}]",[],[]
104.199.123.9,0x125005,CUcTsqr4H0VqfFWa4,SF,5.445222,0,172,55587,4,tcp,187,279,80,2,,2017-07-04T17:45:46.413448Z,192.168.10.8,0,0,1,0,1,[],[],[],[],[''],[400],[None],[],[],[],[],['HTTP'],['01f4771c47a56dbdf77642c80eb9b799'],[],[],"[{'http.method': '', 'http.status_code': 400, 'http.user_agent': None, 'count': 1}]",[],"[{'files.source': 'HTTP', 'file.md5s': {'01f4771c47a56dbdf77642c80eb9b799'}, 'count': 1}]"
104.199.123.9,0x26274e,CHrRJ02N8wF7Y0VWii,SF,11.213524,1352,2088,49735,14,tcp,5056,5636,443,11,ssl,2017-07-04T17:58:50.121622Z,192.168.10.19,0,0,0,1,3,[],[],[],[],[],[],[],['TLSv12'],['TLS_ECDHE_RSA_WITH_AES_128_GCM_SHA256'],[None],[None],['SSL'],"['4449be9ec26241bd0acf7a645e163c5e', '79e4a9840d7d3a96d7c04fe2434c892e', '345eff15b7a49add451b65a7f4bdc6ae']",[],[],[],"[{'ssl.curve': None, 'ssl.version': 'TLSv12', 'ssl.validation_status': None, 'ssl.cipher': 'TLS_ECDHE_RSA_WITH_AES_128_GCM_SHA256', 'count': 1}]","[{'files.source': 'SSL', 'file.md5s': {'4449be9ec26241bd0acf7a645e163c5e', '79e4a9840d7d3a96d7c04fe2434c892e', '345eff15b7a49add451b65a7f4bdc6ae'}, 'count': 3}]"
104.199.123.9,0x2dc88d,CqD4Fg19kAyLKOBG39,SF,6.652001,674,1270,49766,12,tcp,4382,4806,443,8,ssl,2017-07-04T17:58:51.467313Z,192.168.10.19,0,0,0,1,3,[],[],[],[],[],[],[],['TLSv12'],['TLS_ECDHE_RSA_WITH_AES_128_GCM_SHA256'],[None],[None],['SSL'],"['4449be9ec26241bd0acf7a645e163c5e', '79e4a9840d7d3a96d7c04fe2434c892e', '345eff15b7a49add451b65a7f4bdc6ae']",[],[],[],"[{'ssl.curve': None, 'ssl.version': 'TLSv12', 'ssl.validation_status': None, 'ssl.cipher': 'TLS_ECDHE_RSA_WITH_AES_128_GCM_SHA256', 'count': 1}]","[{'files.source': 'SSL', 'file.md5s': {'4449be9ec26241bd0acf7a645e163c5e', '79e4a9840d7d3a96d7c04fe2434c892e', '345eff15b7a49add451b65a7f4bdc6ae'}, 'count': 3}]"
