originated_ip,uid,connection.uid,connection.conn_state,connection.duration,connection.orig_bytes,connection.orig_ip_bytes,connection.orig_p,connection.orig_pkts,connection.proto,connection.resp_bytes,connection.resp_ip_bytes,connection.resp_p,connection.resp_pkts,connection.service,connection.ts,responded_ip,dns_count,ssh_count,http_count,ssl_count,files_count,dns_qtype,dns_rcode,ssh_auth_attempts,ssh_host_key,http_method,http_status_code,http_user_agent,ssl_version,ssl_cipher,ssl_curve,ssl_validation_status,files_source,file_md5,dns_dicts,ssh_dicts,http_dicts,ssl_dicts,files_dicts
156.154.200.36,0x30fc9,CN1X3efWb3wPM2qF9,SF,0.277478,1116,1488,7532,9,tcp,4993,5521,443,13,ssl,2017-07-04T17:49:06.201768Z,192.168.10.9,0,0,0,1,4,[],[],[],[],[],[],[],['TLSv12'],['TLS_RSA_WITH_AES_128_CBC_SHA'],[None],[None],['SSL'],"['901103db6490bcba382e65f965386519', '16e9474315220fb82beebb90b1a4c300', '67cb9dc013248a829bb2171ed11becd4', '2e7db2a31d0e3da4b25f49b9542a2e1a']",[],[],[],"[{'ssl.curve': None, 'ssl.version': 'TLSv12', 'ssl.validation_status': None, 'ssl.cipher': 'TLS_RSA_WITH_AES_128_CBC_SHA', 'count': 1}]","[{'files.source': 'SSL', 'file.md5s': {'901103db6490bcba382e65f965386519', '16e9474315220fb82beebb90b1a4c300', '67cb9dc013248a829bb2171ed11becd4', '2e7db2a31d0e3da4b25f49b9542a2e1a'}, 'count': 4}]"
156.154.200.36,0x3102c,C3okEe1exCZRHZ92s7,SF,0.193287,1280,1652,55858,9,tcp,4881,5369,443,12,ssl,2017-07-04T18:09:53.479386Z,192.168.10.8,0,0,0,1,4,[],[],[],[],[],[],[],['TLSv12'],['TLS_RSA_WITH_AES_128_CBC_SHA'],[None],[None],['SSL'],"['901103db6490bcba382e65f965386519', '16e9474315220fb82beebb90b1a4c300', '67cb9dc013248a829bb2171ed11becd4', '2e7db2a31d0e3da4b25f49b9542a2e1a']",[],[],[],"[{'ssl.curve': None, 'ssl.version': 'TLSv12', 'ssl.validation_status': None, 'ssl.cipher': 'TLS_RSA_WITH_AES_128_CBC_SHA', 'count': 1}]","[{'files.source': 'SSL', 'file.md5s': {'901103db6490bcba382e65f965386519', '16e9474315220fb82beebb90b1a4c300', '67cb9dc013248a829bb2171ed11becd4', '2e7db2a31d0e3da4b25f49b9542a2e1a'}, 'count': 4}]"
156.154.200.36,0x1b79be,C8fAUK1OQnXXFcCZid,SF,5.3807,519,1099,53365,11,tcp,4480,5008,443,10,ssl,2017-07-04T17:59:24.179437Z,192.168.10.19,0,0,0,1,4,[],[],[],[],[],[],[],['TLSv12'],['TLS_RSA_WITH_RC4_128_SHA'],[None],[None],['SSL'],"['901103db6490bcba382e65f965386519', '16e9474315220fb82beebb90b1a4c300', '67cb9dc013248a829bb2171ed11becd4', '2e7db2a31d0e3da4b25f49b9542a2e1a']",[],[],[],"[{'ssl.curve': None, 'ssl.version': 'TLSv12', 'ssl.validation_status': None, 'ssl.cipher': 'TLS_RSA_WITH_RC4_128_SHA', 'count': 1}]","[{'files.source': 'SSL', 'file.md5s': {'901103db6490bcba382e65f965386519', '16e9474315220fb82beebb90b1a4c300', '67cb9dc013248a829bb2171ed11becd4', '2e7db2a31d0e3da4b25f49b9542a2e1a'}, 'count': 4}]"
156.154.200.36,0x2c42e5,CHQDl63LM6REnJqYFb,SF,5.529846,587,999,55859,10,tcp,4508,4916,443,10,ssl,2017-07-04T18:09:53.47963Z,192.168.10.8,0,0,0,1,4,[],[],[],[],[],[],[],['TLSv12'],['TLS_RSA_WITH_AES_128_CBC_SHA'],[None],[None],['SSL'],"['901103db6490bcba382e65f965386519', '16e9474315220fb82beebb90b1a4c300', '67cb9dc013248a829bb2171ed11becd4', '2e7db2a31d0e3da4b25f49b9542a2e1a']",[],[],[],"[{'ssl.curve': None, 'ssl.version': 'TLSv12', 'ssl.validation_status': None, 'ssl.cipher': 'TLS_RSA_WITH_AES_128_CBC_SHA', 'count': 1}]","[{'files.source': 'SSL', 'file.md5s': {'901103db6490bcba382e65f965386519', '16e9474315220fb82beebb90b1a4c300', '67cb9dc013248a829bb2171ed11becd4', '2e7db2a31d0e3da4b25f49b9542a2e1a'}, 'count': 4}]"
