originated_ip,uid,connection.uid,connection.conn_state,connection.duration,connection.orig_bytes,connection.orig_ip_bytes,connection.orig_p,connection.orig_pkts,connection.proto,connection.resp_bytes,connection.resp_ip_bytes,connection.resp_p,connection.resp_pkts,connection.service,connection.ts,responded_ip,dns_count,ssh_count,http_count,ssl_count,files_count,dns_qtype,dns_rcode,ssh_auth_attempts,ssh_host_key,http_method,http_status_code,http_user_agent,ssl_version,ssl_cipher,ssl_curve,ssl_validation_status,files_source,file_md5,dns_dicts,ssh_dicts,http_dicts,ssl_dicts,files_dicts
173.194.204.109,0x30dfb,C6YH3B3rxuh5QOyc07,SF,1.878391,1415,2187,7419,19,tcp,4520,5532,465,25,ssl,2017-07-04T17:48:54.433196Z,192.168.10.9,0,0,0,1,3,[],[],[],[],[],[],[],['TLSv10'],['TLS_ECDHE_RSA_WITH_AES_128_CBC_SHA'],[None],[None],['SSL'],"['2e7db2a31d0e3da4b25f49b9542a2e1a', '17866ccbd224bd2ff9df48b95118f935', '695f82cb29faa130f5b1da4e10555ca3']",[],[],[],"[{'ssl.curve': None, 'ssl.version': 'TLSv10', 'ssl.validation_status': None, 'ssl.cipher': 'TLS_ECDHE_RSA_WITH_AES_128_CBC_SHA', 'count': 1}]","[{'files.source': 'SSL', 'file.md5s': {'2e7db2a31d0e3da4b25f49b9542a2e1a', '17866ccbd224bd2ff9df48b95118f935', '695f82cb29faa130f5b1da4e10555ca3'}, 'count': 3}]"
173.194.204.109,0x13d8d9,CxHoTC4RdiERux11D8,SF,1.767074,1399,2171,55618,19,tcp,4520,5532,465,25,ssl,2017-07-04T17:48:30.835796Z,192.168.10.8,0,0,0,1,3,[],[],[],[],[],[],[],['TLSv10'],['TLS_ECDHE_RSA_WITH_AES_128_CBC_SHA'],[None],[None],['SSL'],"['2e7db2a31d0e3da4b25f49b9542a2e1a', '17866ccbd224bd2ff9df48b95118f935', '695f82cb29faa130f5b1da4e10555ca3']",[],[],[],"[{'ssl.curve': None, 'ssl.version': 'TLSv10', 'ssl.validation_status': None, 'ssl.cipher': 'TLS_ECDHE_RSA_WITH_AES_128_CBC_SHA', 'count': 1}]","[{'files.source': 'SSL', 'file.md5s': {'2e7db2a31d0e3da4b25f49b9542a2e1a', '17866ccbd224bd2ff9df48b95118f935', '695f82cb29faa130f5b1da4e10555ca3'}, 'count': 3}]"
173.194.204.109,0x16e5cd,C683bu1QNAdoAf1E5c,SF,1.764775,1413,2409,36262,19,tcp,4520,5816,465,25,ssl,2017-07-04T17:48:06.105082Z,192.168.10.16,0,0,0,1,0,[],[],[],[],[],[],[],['TLSv10'],['TLS_ECDHE_RSA_WITH_AES_128_CBC_SHA'],[None],[None],[],[],[],[],[],"[{'ssl.curve': None, 'ssl.version': 'TLSv10', 'ssl.validation_status': None, 'ssl.cipher': 'TLS_ECDHE_RSA_WITH_AES_128_CBC_SHA', 'count': 1}]",[]
173.194.204.109,0x293389,CtHabU1tLTNzVoISNk,SF,1.744807,1399,2171,56718,19,tcp,4520,5532,465,25,ssl,2017-07-04T17:50:57.6836Z,192.168.10.15,0,0,0,1,3,[],[],[],[],[],[],[],['TLSv10'],['TLS_ECDHE_RSA_WITH_AES_128_CBC_SHA'],[None],[None],['SSL'],"['2e7db2a31d0e3da4b25f49b9542a2e1a', '17866ccbd224bd2ff9df48b95118f935', '695f82cb29faa130f5b1da4e10555ca3']",[],[],[],"[{'ssl.curve': None, 'ssl.version': 'TLSv10', 'ssl.validation_status': None, 'ssl.cipher': 'TLS_ECDHE_RSA_WITH_AES_128_CBC_SHA', 'count': 1}]","[{'files.source': 'SSL', 'file.md5s': {'2e7db2a31d0e3da4b25f49b9542a2e1a', '17866ccbd224bd2ff9df48b95118f935', '695f82cb29faa130f5b1da4e10555ca3'}, 'count': 3}]"
