originated_ip,uid,connection.uid,connection.conn_state,connection.duration,connection.orig_bytes,connection.orig_ip_bytes,connection.orig_p,connection.orig_pkts,connection.proto,connection.resp_bytes,connection.resp_ip_bytes,connection.resp_p,connection.resp_pkts,connection.service,connection.ts,responded_ip,dns_count,ssh_count,http_count,ssl_count,files_count,dns_qtype,dns_rcode,ssh_auth_attempts,ssh_host_key,http_method,http_status_code,http_user_agent,ssl_version,ssl_cipher,ssl_curve,ssl_validation_status,files_source,file_md5,dns_dicts,ssh_dicts,http_dicts,ssl_dicts,files_dicts
117.25.130.180,0xc3bf4,CDglfP1zo9ayKwCDua,REJ,0.33529,0,60,56298,1,tcp,0,40,443,1,,2017-07-04T18:10:20.872082Z,192.168.10.12,0,0,0,0,0,,,,,,,,,,,,,,,,,,
117.25.130.180,0xf4908,CEm3bHI6zbhUgFVB3,REJ,0.339892,0,60,56292,1,tcp,0,40,443,1,,2017-07-04T18:10:19.93951Z,192.168.10.12,0,0,0,0,0,,,,,,,,,,,,,,,,,,
117.25.130.180,0x10cf8e,CpkZDB1DW4AFUAVFfb,REJ,0.33999,0,60,56296,1,tcp,0,40,443,1,,2017-07-04T18:10:20.531374Z,192.168.10.12,0,0,0,0,0,,,,,,,,,,,,,,,,,,
117.25.130.180,0x2011fc,CZm6212IDFCPUVbxzl,REJ,0.340222,0,60,56294,1,tcp,0,40,443,1,,2017-07-04T18:10:20.280681Z,192.168.10.12,0,0,0,0,0,,,,,,,,,,,,,,,,,,
