originated_ip,uid,connection.uid,connection.conn_state,connection.duration,connection.orig_bytes,connection.orig_ip_bytes,connection.orig_p,connection.orig_pkts,connection.proto,connection.resp_bytes,connection.resp_ip_bytes,connection.resp_p,connection.resp_pkts,connection.service,connection.ts,responded_ip,dns_count,ssh_count,http_count,ssl_count,files_count,dns_qtype,dns_rcode,ssh_auth_attempts,ssh_host_key,http_method,http_status_code,http_user_agent,ssl_version,ssl_cipher,ssl_curve,ssl_validation_status,files_source,file_md5,dns_dicts,ssh_dicts,http_dicts,ssl_dicts,files_dicts
184.31.6.135,0x24b,CVunwB1k1D209jTQR6,S1,0.421184,804,1440,61583,12,tcp,5082,5610,443,10,ssl,2017-07-04T18:07:02.041892Z,192.168.10.25,0,0,0,1,3,[],[],[],[],[],[],[],['TLSv10'],['TLS_RSA_WITH_AES_128_CBC_SHA'],[None],[None],['SSL'],"['9129733212d5f5651864d86b7bae0b98', '1edaf9ae99ce2920667d0e9a8b3f8c9c', 'c1a062d0f4d54792c5ce1432e45aee59']",[],[],[],"[{'ssl.curve': None, 'ssl.version': 'TLSv10', 'ssl.validation_status': None, 'ssl.cipher': 'TLS_RSA_WITH_AES_128_CBC_SHA', 'count': 1}]","[{'files.source': 'SSL', 'file.md5s': {'9129733212d5f5651864d86b7bae0b98', '1edaf9ae99ce2920667d0e9a8b3f8c9c', 'c1a062d0f4d54792c5ce1432e45aee59'}, 'count': 3}]"
184.31.6.135,0x18d8b,CYjUKf3ioY9nLX2QD1,SF,0.028717,37,353,61583,7,tcp,37,309,443,5,,2017-07-04T18:12:43.155305Z,192.168.10.25,0,0,0,0,0,[],[],[],[],[],[],[],[],[],[],[],[],[],[],[],[],[],[]
184.31.6.135,0x10cfb1,Cb1C822q0MLD0EaQnb,SF,0.029107,37,221,61582,4,tcp,37,141,443,2,,2017-07-04T18:12:43.160376Z,192.168.10.25,0,0,0,0,0,[],[],[],[],[],[],[],[],[],[],[],[],[],[],[],[],[],[]
184.31.6.135,0x186c16,CDNcES3phxN3UqhV5j,S1,0.357026,1577,2317,61582,14,tcp,5711,6239,443,10,ssl,2017-07-04T18:07:02.041716Z,192.168.10.25,0,0,0,1,3,[],[],[],[],[],[],[],['TLSv10'],['TLS_RSA_WITH_AES_128_CBC_SHA'],[None],[None],['SSL'],"['c1a062d0f4d54792c5ce1432e45aee59', '1edaf9ae99ce2920667d0e9a8b3f8c9c', '9129733212d5f5651864d86b7bae0b98']",[],[],[],"[{'ssl.curve': None, 'ssl.version': 'TLSv10', 'ssl.validation_status': None, 'ssl.cipher': 'TLS_RSA_WITH_AES_128_CBC_SHA', 'count': 1}]","[{'files.source': 'SSL', 'file.md5s': {'c1a062d0f4d54792c5ce1432e45aee59', '1edaf9ae99ce2920667d0e9a8b3f8c9c', '9129733212d5f5651864d86b7bae0b98'}, 'count': 3}]"
