originated_ip,uid,connection.uid,connection.conn_state,connection.duration,connection.orig_bytes,connection.orig_ip_bytes,connection.orig_p,connection.orig_pkts,connection.proto,connection.resp_bytes,connection.resp_ip_bytes,connection.resp_p,connection.resp_pkts,connection.service,connection.ts,responded_ip,dns_count,ssh_count,http_count,ssl_count,files_count,dns_qtype,dns_rcode,ssh_auth_attempts,ssh_host_key,http_method,http_status_code,http_user_agent,ssl_version,ssl_cipher,ssl_curve,ssl_validation_status,files_source,file_md5,dns_dicts,ssh_dicts,http_dicts,ssl_dicts,files_dicts
107.178.240.89,0xc3807,C4XPE02xny0N2sY3R,SF,0.350242,528,980,7875,11,tcp,3600,4012,443,10,ssl,2017-07-04T18:09:53.598154Z,192.168.10.9,0,0,0,1,2,[],[],[],[],[],[],[],['TLSv12'],['TLS_ECDHE_RSA_WITH_AES_128_GCM_SHA256'],[None],[None],['SSL'],"['481f51f70f5f177b2350f638e63e8754', '901103db6490bcba382e65f965386519']",[],[],[],"[{'ssl.curve': None, 'ssl.version': 'TLSv12', 'ssl.validation_status': None, 'ssl.cipher': 'TLS_ECDHE_RSA_WITH_AES_128_GCM_SHA256', 'count': 1}]","[{'files.source': 'SSL', 'file.md5s': {'481f51f70f5f177b2350f638e63e8754', '901103db6490bcba382e65f965386519'}, 'count': 2}]"
107.178.240.89,0x10cba8,CDMaTx3Aey6oNgoAjd,SF,180.962452,1163,2015,7876,21,tcp,4286,5018,443,18,ssl,2017-07-04T18:09:53.598306Z,192.168.10.9,0,0,0,1,2,[],[],[],[],[],[],[],['TLSv12'],['TLS_ECDHE_RSA_WITH_AES_128_GCM_SHA256'],[None],[None],['SSL'],"['481f51f70f5f177b2350f638e63e8754', '901103db6490bcba382e65f965386519']",[],[],[],"[{'ssl.curve': None, 'ssl.version': 'TLSv12', 'ssl.validation_status': None, 'ssl.cipher': 'TLS_ECDHE_RSA_WITH_AES_128_GCM_SHA256', 'count': 1}]","[{'files.source': 'SSL', 'file.md5s': {'481f51f70f5f177b2350f638e63e8754', '901103db6490bcba382e65f965386519'}, 'count': 2}]"
107.178.240.89,0x2c41ed,ClatPQxGowCHNMG56,SF,119.829047,926,2130,33103,23,tcp,4170,5218,443,20,ssl,2017-07-04T17:58:51.463581Z,192.168.10.19,0,0,0,1,2,[],[],[],[],[],[],[],['TLSv12'],['TLS_ECDHE_RSA_WITH_AES_128_GCM_SHA256'],[None],[None],['SSL'],"['481f51f70f5f177b2350f638e63e8754', '901103db6490bcba382e65f965386519']",[],[],[],"[{'ssl.curve': None, 'ssl.version': 'TLSv12', 'ssl.validation_status': None, 'ssl.cipher': 'TLS_ECDHE_RSA_WITH_AES_128_GCM_SHA256', 'count': 1}]","[{'files.source': 'SSL', 'file.md5s': {'481f51f70f5f177b2350f638e63e8754', '901103db6490bcba382e65f965386519'}, 'count': 2}]"
107.178.240.89,0x2f4f31,Chfz153MPB2v2LXlAd,SF,115.524637,1200,2300,33134,21,tcp,894,1942,443,20,ssl,2017-07-04T17:58:54.759593Z,192.168.10.19,0,0,0,1,0,[],[],[],[],[],[],[],['TLSv12'],['TLS_ECDHE_RSA_WITH_AES_128_GCM_SHA256'],[None],[None],[],[],[],[],[],"[{'ssl.curve': None, 'ssl.version': 'TLSv12', 'ssl.validation_status': None, 'ssl.cipher': 'TLS_ECDHE_RSA_WITH_AES_128_GCM_SHA256', 'count': 1}]",[]
