originated_ip,uid,connection.uid,connection.conn_state,connection.duration,connection.orig_bytes,connection.orig_ip_bytes,connection.orig_p,connection.orig_pkts,connection.proto,connection.resp_bytes,connection.resp_ip_bytes,connection.resp_p,connection.resp_pkts,connection.service,connection.ts,responded_ip,dns_count,ssh_count,http_count,ssl_count,files_count,dns_qtype,dns_rcode,ssh_auth_attempts,ssh_host_key,http_method,http_status_code,http_user_agent,ssl_version,ssl_cipher,ssl_curve,ssl_validation_status,files_source,file_md5,dns_dicts,ssh_dicts,http_dicts,ssl_dicts,files_dicts
172.217.10.131,0x313d5,CPv4YH3Xys5d0Fic3,SF,5.547983,0,172,56463,4,tcp,0,92,80,2,,2017-07-04T18:08:43.172979Z,192.168.10.14,0,0,0,0,0,[],[],[],[],[],[],[],[],[],[],[],[],[],[],[],[],[],[]
172.217.10.131,0x10cbe1,CwSwRg3pYBKw9P3As,RSTO,51.046328,2304,7316,55623,125,tcp,293760,302692,443,223,ssl,2017-07-04T17:49:34.990725Z,192.168.10.8,0,0,0,1,3,[],[],[],[],[],[],[],['TLSv12'],['TLS_ECDHE_RSA_WITH_AES_128_GCM_SHA256'],[None],[None],['SSL'],"['a58639b0324f29c32b78914cff1d895e', '17866ccbd224bd2ff9df48b95118f935', '2e7db2a31d0e3da4b25f49b9542a2e1a']",[],[],[],"[{'ssl.curve': None, 'ssl.version': 'TLSv12', 'ssl.validation_status': None, 'ssl.cipher': 'TLS_ECDHE_RSA_WITH_AES_128_GCM_SHA256', 'count': 1}]","[{'files.source': 'SSL', 'file.md5s': {'a58639b0324f29c32b78914cff1d895e', '17866ccbd224bd2ff9df48b95118f935', '2e7db2a31d0e3da4b25f49b9542a2e1a'}, 'count': 3}]"
172.217.10.131,0x10cbf2,C6qBKE4qhGAoFh9Am6,SF,181.093675,703,1475,56980,19,tcp,4706,5358,443,16,ssl,2017-07-04T18:11:14.970361Z,192.168.10.15,0,0,0,1,3,[],[],[],[],[],[],[],['TLSv12'],['TLS_ECDHE_ECDSA_WITH_AES_128_GCM_SHA256'],[None],[None],['SSL'],"['e4c21e11b8ea0b8afac5f67feffe032b', '17866ccbd224bd2ff9df48b95118f935', '2e7db2a31d0e3da4b25f49b9542a2e1a']",[],[],[],"[{'ssl.curve': None, 'ssl.version': 'TLSv12', 'ssl.validation_status': None, 'ssl.cipher': 'TLS_ECDHE_ECDSA_WITH_AES_128_GCM_SHA256', 'count': 1}]","[{'files.source': 'SSL', 'file.md5s': {'e4c21e11b8ea0b8afac5f67feffe032b', '17866ccbd224bd2ff9df48b95118f935', '2e7db2a31d0e3da4b25f49b9542a2e1a'}, 'count': 3}]"
172.217.10.131,0x2aba20,CoiBwbOZ0gDXw2Gkf,SF,115.552213,422,1325,56464,22,tcp,15003,16027,80,22,http,2017-07-04T18:08:43.173067Z,192.168.10.14,0,0,1,0,1,[],[],[],[],['GET'],[200],[None],[],[],[],[],['HTTP'],[''],[],[],"[{'http.method': 'GET', 'http.status_code': 200, 'http.user_agent': None, 'count': 1}]",[],"[{'files.source': 'HTTP', 'file.md5s': {''}, 'count': 1}]"
