originated_ip,uid,connection.uid,connection.conn_state,connection.duration,connection.orig_bytes,connection.orig_ip_bytes,connection.orig_p,connection.orig_pkts,connection.proto,connection.resp_bytes,connection.resp_ip_bytes,connection.resp_p,connection.resp_pkts,connection.service,connection.ts,responded_ip,dns_count,ssh_count,http_count,ssl_count,files_count,dns_qtype,dns_rcode,ssh_auth_attempts,ssh_host_key,http_method,http_status_code,http_user_agent,ssl_version,ssl_cipher,ssl_curve,ssl_validation_status,files_source,file_md5,dns_dicts,ssh_dicts,http_dicts,ssl_dicts,files_dicts
107.182.231.45,0x1b790f,COTWaP15qNKcZl1G66,SF,0.199874,678,1258,56442,11,tcp,8103,8631,443,10,ssl,2017-07-04T18:05:53.825184Z,192.168.10.12,0,0,0,1,2,[],[],[],[],[],[],[],['TLSv12'],['TLS_ECDHE_RSA_WITH_AES_256_GCM_SHA384'],[None],[None],['SSL'],"['901103db6490bcba382e65f965386519', '78eff8e021878c2e4166d54af711049d']",[],[],[],"[{'ssl.curve': None, 'ssl.version': 'TLSv12', 'ssl.validation_status': None, 'ssl.cipher': 'TLS_ECDHE_RSA_WITH_AES_256_GCM_SHA384', 'count': 1}]","[{'files.source': 'SSL', 'file.md5s': {'901103db6490bcba382e65f965386519', '78eff8e021878c2e4166d54af711049d'}, 'count': 2}]"
107.182.231.45,0x24a0ff,Cj0mFs4YFI0Vw2Fcz7,SF,5.96036,347,875,56444,10,tcp,3319,3691,443,7,ssl,2017-07-04T18:05:53.82546Z,192.168.10.12,0,0,0,1,2,[],[],[],[],[],[],[],['TLSv12'],['TLS_ECDHE_RSA_WITH_AES_256_GCM_SHA384'],[None],[None],['SSL'],"['901103db6490bcba382e65f965386519', '78eff8e021878c2e4166d54af711049d']",[],[],[],"[{'ssl.curve': None, 'ssl.version': 'TLSv12', 'ssl.validation_status': None, 'ssl.cipher': 'TLS_ECDHE_RSA_WITH_AES_256_GCM_SHA384', 'count': 1}]","[{'files.source': 'SSL', 'file.md5s': {'901103db6490bcba382e65f965386519', '78eff8e021878c2e4166d54af711049d'}, 'count': 2}]"
107.182.231.45,0x24a100,C6RKgn1d1gNdM37895,SF,0.084157,791,1267,56452,9,tcp,4126,4498,443,7,ssl,2017-07-04T18:05:54.115377Z,192.168.10.12,0,0,0,1,2,[],[],[],[],[],[],[],['TLSv12'],['TLS_ECDHE_RSA_WITH_AES_256_GCM_SHA384'],[None],[None],['SSL'],"['901103db6490bcba382e65f965386519', '78eff8e021878c2e4166d54af711049d']",[],[],[],"[{'ssl.curve': None, 'ssl.version': 'TLSv12', 'ssl.validation_status': None, 'ssl.cipher': 'TLS_ECDHE_RSA_WITH_AES_256_GCM_SHA384', 'count': 1}]","[{'files.source': 'SSL', 'file.md5s': {'901103db6490bcba382e65f965386519', '78eff8e021878c2e4166d54af711049d'}, 'count': 2}]"
107.182.231.45,0x2627c2,Codsy01ehzg4nDUTba,SF,0.079148,1011,1435,56716,8,tcp,4484,4960,443,9,ssl,2017-07-04T18:06:38.674345Z,192.168.10.12,0,0,0,1,0,[],[],[],[],[],[],[],['TLSv12'],['TLS_ECDHE_RSA_WITH_AES_256_GCM_SHA384'],[None],[None],[],[],[],[],[],"[{'ssl.curve': None, 'ssl.version': 'TLSv12', 'ssl.validation_status': None, 'ssl.cipher': 'TLS_ECDHE_RSA_WITH_AES_256_GCM_SHA384', 'count': 1}]",[]
