originated_ip,uid,connection.uid,connection.conn_state,connection.duration,connection.orig_bytes,connection.orig_ip_bytes,connection.orig_p,connection.orig_pkts,connection.proto,connection.resp_bytes,connection.resp_ip_bytes,connection.resp_p,connection.resp_pkts,connection.service,connection.ts,responded_ip,dns_count,ssh_count,http_count,ssl_count,files_count,dns_qtype,dns_rcode,ssh_auth_attempts,ssh_host_key,http_method,http_status_code,http_user_agent,ssl_version,ssl_cipher,ssl_curve,ssl_validation_status,files_source,file_md5,dns_dicts,ssh_dicts,http_dicts,ssl_dicts,files_dicts
104.244.43.80,0x186b49,C0M7fu3uzt4Fl3TQVi,SF,10.20674,759,1172,55760,10,tcp,4708,5132,443,10,ssl,2017-07-04T18:03:12.666804Z,192.168.10.8,0,0,0,1,3,[],[],[],[],[],[],[],['TLSv12'],['TLS_ECDHE_RSA_WITH_AES_128_GCM_SHA256'],[None],[None],['SSL'],"['c90f8bd666a261bf453e27c4698866cb', '99db069a1f67739a839178f64b20b82b', 'aaee5cf8b0d8596d2e0cbe67421cf7db']",[],[],[],"[{'ssl.curve': None, 'ssl.version': 'TLSv12', 'ssl.validation_status': None, 'ssl.cipher': 'TLS_ECDHE_RSA_WITH_AES_128_GCM_SHA256', 'count': 1}]","[{'files.source': 'SSL', 'file.md5s': {'c90f8bd666a261bf453e27c4698866cb', '99db069a1f67739a839178f64b20b82b', 'aaee5cf8b0d8596d2e0cbe67421cf7db'}, 'count': 3}]"
104.244.43.80,0x186cc6,CsbQ5p3nJxAPYRBgJ2,SF,10.247938,742,1155,58617,10,tcp,4708,5132,443,10,ssl,2017-07-04T17:59:32.863342Z,192.168.10.5,0,0,0,1,3,[],[],[],[],[],[],[],['TLSv12'],['TLS_ECDHE_RSA_WITH_AES_128_GCM_SHA256'],[None],[None],['SSL'],"['c90f8bd666a261bf453e27c4698866cb', '99db069a1f67739a839178f64b20b82b', 'aaee5cf8b0d8596d2e0cbe67421cf7db']",[],[],[],"[{'ssl.curve': None, 'ssl.version': 'TLSv12', 'ssl.validation_status': None, 'ssl.cipher': 'TLS_ECDHE_RSA_WITH_AES_128_GCM_SHA256', 'count': 1}]","[{'files.source': 'SSL', 'file.md5s': {'c90f8bd666a261bf453e27c4698866cb', '99db069a1f67739a839178f64b20b82b', 'aaee5cf8b0d8596d2e0cbe67421cf7db'}, 'count': 3}]"
104.244.43.80,0x186cc9,C3FISM1qqjzgDSmWMg,SF,10.257427,742,1155,58616,10,tcp,4707,5131,443,10,ssl,2017-07-04T17:59:32.86321Z,192.168.10.5,0,0,0,1,3,[],[],[],[],[],[],[],['TLSv12'],['TLS_ECDHE_RSA_WITH_AES_128_GCM_SHA256'],[None],[None],['SSL'],"['c90f8bd666a261bf453e27c4698866cb', '99db069a1f67739a839178f64b20b82b', 'aaee5cf8b0d8596d2e0cbe67421cf7db']",[],[],[],"[{'ssl.curve': None, 'ssl.version': 'TLSv12', 'ssl.validation_status': None, 'ssl.cipher': 'TLS_ECDHE_RSA_WITH_AES_128_GCM_SHA256', 'count': 1}]","[{'files.source': 'SSL', 'file.md5s': {'c90f8bd666a261bf453e27c4698866cb', '99db069a1f67739a839178f64b20b82b', 'aaee5cf8b0d8596d2e0cbe67421cf7db'}, 'count': 3}]"
104.244.43.80,0x262b37,CU89b41Qh3ZXjnKgua,S0,2.999261,150,234,137,3,udp,0,0,137,0,dns,2017-07-04T18:03:22.962505Z,192.168.10.8,1,0,0,0,0,[33],[None],[],[],[],[],[],[],[],[],[],[],[],"[{'dns.rcode': None, 'dns.qtype': 33, 'count': 1}]",[],[],[],[]
