originated_ip,uid,connection.uid,connection.conn_state,connection.duration,connection.orig_bytes,connection.orig_ip_bytes,connection.orig_p,connection.orig_pkts,connection.proto,connection.resp_bytes,connection.resp_ip_bytes,connection.resp_p,connection.resp_pkts,connection.service,connection.ts,responded_ip,dns_count,ssh_count,http_count,ssl_count,files_count,dns_qtype,dns_rcode,ssh_auth_attempts,ssh_host_key,http_method,http_status_code,http_user_agent,ssl_version,ssl_cipher,ssl_curve,ssl_validation_status,files_source,file_md5,dns_dicts,ssh_dicts,http_dicts,ssl_dicts,files_dicts
104.16.111.18,0xc36bc,CuNejh1VDdUmQ5euDj,SF,0.747005,663,1247,61169,14,tcp,1796,2260,443,11,ssl,2017-07-04T17:52:13.243195Z,192.168.10.25,0,0,0,1,0,[],[],[],[],[],[],[],['TLSv10'],['TLS_RSA_WITH_AES_128_CBC_SHA'],[None],[None],[],[],[],[],[],"[{'ssl.curve': None, 'ssl.version': 'TLSv10', 'ssl.validation_status': None, 'ssl.cipher': 'TLS_RSA_WITH_AES_128_CBC_SHA', 'count': 1}]",[]
104.16.111.18,0x10ce4b,C6zy1r1RnLGDcgHak8,SHR,0.000611,0,80,61183,2,tcp,37,117,443,2,,2017-07-04T17:58:58.449616Z,192.168.10.25,0,0,0,0,0,[],[],[],[],[],[],[],[],[],[],[],[],[],[],[],[],[],[]
104.16.111.18,0x1cff9b,CyQj0H3Z3jzb5MWxc5,SF,0.241449,898,1722,61167,20,tcp,12392,13004,443,15,ssl,2017-07-04T17:52:13.075978Z,192.168.10.25,0,0,0,1,2,[],[],[],[],[],[],[],['TLSv10'],['TLS_RSA_WITH_AES_128_CBC_SHA'],[None],[None],['SSL'],"['1c9906129daa716a3cef562322886547', '345eff15b7a49add451b65a7f4bdc6ae']",[],[],[],"[{'ssl.curve': None, 'ssl.version': 'TLSv10', 'ssl.validation_status': None, 'ssl.cipher': 'TLS_RSA_WITH_AES_128_CBC_SHA', 'count': 1}]","[{'files.source': 'SSL', 'file.md5s': {'1c9906129daa716a3cef562322886547', '345eff15b7a49add451b65a7f4bdc6ae'}, 'count': 2}]"
104.16.111.18,0x1cffb1,CdG1i227U2tGuwe2pl,S1,0.081184,626,1450,61183,20,tcp,26137,27069,443,23,ssl,2017-07-04T17:52:18.39055Z,192.168.10.25,0,0,0,1,0,[],[],[],[],[],[],[],['TLSv10'],['TLS_RSA_WITH_AES_128_CBC_SHA'],[None],[None],[],[],[],[],[],"[{'ssl.curve': None, 'ssl.version': 'TLSv10', 'ssl.validation_status': None, 'ssl.cipher': 'TLS_RSA_WITH_AES_128_CBC_SHA', 'count': 1}]",[]
