originated_ip,uid,connection.uid,connection.conn_state,connection.duration,connection.orig_bytes,connection.orig_ip_bytes,connection.orig_p,connection.orig_pkts,connection.proto,connection.resp_bytes,connection.resp_ip_bytes,connection.resp_p,connection.resp_pkts,connection.service,connection.ts,responded_ip,dns_count,ssh_count,http_count,ssl_count,files_count,dns_qtype,dns_rcode,ssh_auth_attempts,ssh_host_key,http_method,http_status_code,http_user_agent,ssl_version,ssl_cipher,ssl_curve,ssl_validation_status,files_source,file_md5,dns_dicts,ssh_dicts,http_dicts,ssl_dicts,files_dicts
104.17.41.113,0x1e86e6,Crm0b92LpfEmiOsF11,S1,3.043369,1537,2721,61217,29,tcp,43952,45484,443,38,ssl,2017-07-04T17:53:30.580484Z,192.168.10.25,0,0,0,1,3,[],[],[],[],[],[],[],['TLSv10'],['TLS_RSA_WITH_AES_128_CBC_SHA'],[None],[None],['SSL'],"['36a4b6859fd764e787ee42fd3a9305db', 'caf954be708193d2bef886e1bcf2e326', '2e7db2a31d0e3da4b25f49b9542a2e1a']",[],[],[],"[{'ssl.curve': None, 'ssl.version': 'TLSv10', 'ssl.validation_status': None, 'ssl.cipher': 'TLS_RSA_WITH_AES_128_CBC_SHA', 'count': 1}]","[{'files.source': 'SSL', 'file.md5s': {'36a4b6859fd764e787ee42fd3a9305db', 'caf954be708193d2bef886e1bcf2e326', '2e7db2a31d0e3da4b25f49b9542a2e1a'}, 'count': 3}]"
104.17.41.113,0x2193d0,CJpzGC1Wvlj7G4QJvh,S1,2.480266,1537,2721,61577,29,tcp,43867,45439,443,39,ssl,2017-07-04T18:06:58.606492Z,192.168.10.25,0,0,0,1,3,[],[],[],[],[],[],[],['TLSv10'],['TLS_RSA_WITH_AES_128_CBC_SHA'],[None],[None],['SSL'],"['36a4b6859fd764e787ee42fd3a9305db', 'caf954be708193d2bef886e1bcf2e326', '2e7db2a31d0e3da4b25f49b9542a2e1a']",[],[],[],"[{'ssl.curve': None, 'ssl.version': 'TLSv10', 'ssl.validation_status': None, 'ssl.cipher': 'TLS_RSA_WITH_AES_128_CBC_SHA', 'count': 1}]","[{'files.source': 'SSL', 'file.md5s': {'36a4b6859fd764e787ee42fd3a9305db', 'caf954be708193d2bef886e1bcf2e326', '2e7db2a31d0e3da4b25f49b9542a2e1a'}, 'count': 3}]"
104.17.41.113,0x21981f,CpX3ON1dpH0Xdh8vYf,SF,0.75344,37,197,61217,4,tcp,37,157,443,3,,2017-07-04T18:00:13.619366Z,192.168.10.25,0,0,0,0,0,[],[],[],[],[],[],[],[],[],[],[],[],[],[],[],[],[],[]
104.17.41.113,0x231f56,Cfcvfb1EqTJpSDZaO,SF,0.862946,37,197,61577,4,tcp,37,157,443,3,,2017-07-04T18:13:41.081494Z,192.168.10.25,0,0,0,0,0,[],[],[],[],[],[],[],[],[],[],[],[],[],[],[],[],[],[]
