originated_ip,uid,connection.uid,connection.conn_state,connection.duration,connection.orig_bytes,connection.orig_ip_bytes,connection.orig_p,connection.orig_pkts,connection.proto,connection.resp_bytes,connection.resp_ip_bytes,connection.resp_p,connection.resp_pkts,connection.service,connection.ts,responded_ip,dns_count,ssh_count,http_count,ssl_count,files_count,dns_qtype,dns_rcode,ssh_auth_attempts,ssh_host_key,http_method,http_status_code,http_user_agent,ssl_version,ssl_cipher,ssl_curve,ssl_validation_status,files_source,file_md5,dns_dicts,ssh_dicts,http_dicts,ssl_dicts,files_dicts
152.163.66.165,0xc354b,C0aTjGCzSOqt8aTQl,SF,294.127631,6924,8864,56003,48,tcp,17181,19153,443,49,ssl,2017-07-04T17:57:19.249664Z,192.168.10.19,0,0,0,1,0,[],[],[],[],[],[],[],['TLSv12'],['TLS_RSA_WITH_AES_128_CBC_SHA'],[None],[None],[],[],[],[],[],"[{'ssl.curve': None, 'ssl.version': 'TLSv12', 'ssl.validation_status': None, 'ssl.cipher': 'TLS_RSA_WITH_AES_128_CBC_SHA', 'count': 1}]",[]
152.163.66.165,0x186b08,CnHUk72bPz71Lp4tzh,SF,296.395057,7159,9219,55981,51,tcp,21066,23038,443,49,ssl,2017-07-04T17:57:16.981765Z,192.168.10.19,0,0,0,1,0,[],[],[],[],[],[],[],[''],[''],[None],[None],[],[],[],[],[],"[{'ssl.curve': None, 'ssl.version': '', 'ssl.validation_status': None, 'ssl.cipher': '', 'count': 1}]",[]
152.163.66.165,0x1b7784,CTzwd53nkYql7JSexe,SF,294.125805,6924,8984,56004,51,tcp,17181,19113,443,48,ssl,2017-07-04T17:57:19.251257Z,192.168.10.19,0,0,0,1,0,[],[],[],[],[],[],[],['TLSv12'],['TLS_RSA_WITH_AES_128_CBC_SHA'],[None],[None],[],[],[],[],[],"[{'ssl.curve': None, 'ssl.version': 'TLSv12', 'ssl.validation_status': None, 'ssl.cipher': 'TLS_RSA_WITH_AES_128_CBC_SHA', 'count': 1}]",[]
152.163.66.165,0x23189b,CyUCgqxxxbQ7Y1oCh,SF,294.122238,6924,8944,56005,50,tcp,17181,19193,443,50,ssl,2017-07-04T17:57:19.255419Z,192.168.10.19,0,0,0,1,0,[],[],[],[],[],[],[],['TLSv12'],['TLS_RSA_WITH_AES_128_CBC_SHA'],[None],[None],[],[],[],[],[],"[{'ssl.curve': None, 'ssl.version': 'TLSv12', 'ssl.validation_status': None, 'ssl.cipher': 'TLS_RSA_WITH_AES_128_CBC_SHA', 'count': 1}]",[]
