originated_ip,uid,connection.uid,connection.conn_state,connection.duration,connection.orig_bytes,connection.orig_ip_bytes,connection.orig_p,connection.orig_pkts,connection.proto,connection.resp_bytes,connection.resp_ip_bytes,connection.resp_p,connection.resp_pkts,connection.service,connection.ts,responded_ip,dns_count,ssh_count,http_count,ssl_count,files_count,dns_qtype,dns_rcode,ssh_auth_attempts,ssh_host_key,http_method,http_status_code,http_user_agent,ssl_version,ssl_cipher,ssl_curve,ssl_validation_status,files_source,file_md5,dns_dicts,ssh_dicts,http_dicts,ssl_dicts,files_dicts
104.88.4.88,0x18811,C6oNE411WK6huvVknb,SF,5.44194,358,730,55673,9,tcp,2865,3157,443,7,ssl,2017-07-04T18:03:08.771068Z,192.168.10.8,0,0,0,1,0,[],[],[],[],[],[],[],['TLSv12'],['TLS_ECDHE_ECDSA_WITH_AES_256_GCM_SHA384'],[None],[None],[],[],[],[],[],"[{'ssl.curve': None, 'ssl.version': 'TLSv12', 'ssl.validation_status': None, 'ssl.cipher': 'TLS_ECDHE_ECDSA_WITH_AES_256_GCM_SHA384', 'count': 1}]",[]
104.88.4.88,0x61bc2,Ctiwxh1qz5uvXDdPo3,RSTR,116.472622,732,2155,55671,35,tcp,62549,64693,443,50,ssl,2017-07-04T18:03:08.770881Z,192.168.10.8,0,0,0,1,2,[],[],[],[],[],[],[],['TLSv12'],['TLS_ECDHE_ECDSA_WITH_AES_256_GCM_SHA384'],[None],[None],['SSL'],"['a5e6b2b38a2a1cdb30925461c083e79e', 'f67876e440dca3f2386aec7f1ede2172']",[],[],[],"[{'ssl.curve': None, 'ssl.version': 'TLSv12', 'ssl.validation_status': None, 'ssl.cipher': 'TLS_ECDHE_ECDSA_WITH_AES_256_GCM_SHA384', 'count': 1}]","[{'files.source': 'SSL', 'file.md5s': {'a5e6b2b38a2a1cdb30925461c083e79e', 'f67876e440dca3f2386aec7f1ede2172'}, 'count': 2}]"
104.88.4.88,0x61bc4,CzB5in1AaU8Iuk1xGc,RSTR,116.472128,733,1756,55670,25,tcp,19862,21086,443,27,ssl,2017-07-04T18:03:08.77057Z,192.168.10.8,0,0,0,1,2,[],[],[],[],[],[],[],['TLSv12'],['TLS_ECDHE_ECDSA_WITH_AES_256_GCM_SHA384'],[None],[None],['SSL'],"['a5e6b2b38a2a1cdb30925461c083e79e', 'f67876e440dca3f2386aec7f1ede2172']",[],[],[],"[{'ssl.curve': None, 'ssl.version': 'TLSv12', 'ssl.validation_status': None, 'ssl.cipher': 'TLS_ECDHE_ECDSA_WITH_AES_256_GCM_SHA384', 'count': 1}]","[{'files.source': 'SSL', 'file.md5s': {'a5e6b2b38a2a1cdb30925461c083e79e', 'f67876e440dca3f2386aec7f1ede2172'}, 'count': 2}]"
104.88.4.88,0x16e4a0,CTm89R3a8hV1hwv9Mh,SF,5.441596,358,730,55672,9,tcp,2866,3158,443,7,ssl,2017-07-04T18:03:08.77101Z,192.168.10.8,0,0,0,1,0,[],[],[],[],[],[],[],['TLSv12'],['TLS_ECDHE_ECDSA_WITH_AES_256_GCM_SHA384'],[None],[None],[],[],[],[],[],"[{'ssl.curve': None, 'ssl.version': 'TLSv12', 'ssl.validation_status': None, 'ssl.cipher': 'TLS_ECDHE_ECDSA_WITH_AES_256_GCM_SHA384', 'count': 1}]",[]
