originated_ip,uid,connection.uid,connection.conn_state,connection.duration,connection.orig_bytes,connection.orig_ip_bytes,connection.orig_p,connection.orig_pkts,connection.proto,connection.resp_bytes,connection.resp_ip_bytes,connection.resp_p,connection.resp_pkts,connection.service,connection.ts,responded_ip,dns_count,ssh_count,http_count,ssl_count,files_count,dns_qtype,dns_rcode,ssh_auth_attempts,ssh_host_key,http_method,http_status_code,http_user_agent,ssl_version,ssl_cipher,ssl_curve,ssl_validation_status,files_source,file_md5,dns_dicts,ssh_dicts,http_dicts,ssl_dicts,files_dicts
140.205.156.223,0x18d63,CIYRDC2X338xaIaopl,SF,5.822515,0,180,51266,4,tcp,0,140,80,3,,2017-07-04T18:14:03.181786Z,192.168.10.17,0,0,0,0,0,[],[],[],[],[],[],[],[],[],[],[],[],[],[],[],[],[],[]
140.205.156.223,0x7a44b,CkS89D2IcOqYmePS89,SF,30.509335,689,989,51267,7,tcp,180,480,80,7,http,2017-07-04T18:14:03.182365Z,192.168.10.17,0,0,1,0,0,[],[],[],[],['GET'],[200],[None],[],[],[],[],[],[],[],[],"[{'http.method': 'GET', 'http.status_code': 200, 'http.user_agent': None, 'count': 1}]",[],[]
140.205.156.223,0x16e9e4,CXGHFf2XwrDsuqn09g,SF,5.564632,0,180,51269,4,tcp,0,140,80,3,,2017-07-04T18:14:03.440097Z,192.168.10.17,0,0,0,0,0,[],[],[],[],[],[],[],[],[],[],[],[],[],[],[],[],[],[]
140.205.156.223,0x2f5423,Cyp0Re2goIKuERsoF4,SF,5.563306,0,180,51268,4,tcp,0,140,80,3,,2017-07-04T18:14:03.437897Z,192.168.10.17,0,0,0,0,0,[],[],[],[],[],[],[],[],[],[],[],[],[],[],[],[],[],[]
