originated_ip,uid,connection.uid,connection.conn_state,connection.duration,connection.orig_bytes,connection.orig_ip_bytes,connection.orig_p,connection.orig_pkts,connection.proto,connection.resp_bytes,connection.resp_ip_bytes,connection.resp_p,connection.resp_pkts,connection.service,connection.ts,responded_ip,dns_count,ssh_count,http_count,ssl_count,files_count,dns_qtype,dns_rcode,ssh_auth_attempts,ssh_host_key,http_method,http_status_code,http_user_agent,ssl_version,ssl_cipher,ssl_curve,ssl_validation_status,files_source,file_md5,dns_dicts,ssh_dicts,http_dicts,ssl_dicts,files_dicts
104.24.21.85,0x13d903,C9SGGyIO0jBXnfov4,SF,50.021354,3105,5885,50327,69,tcp,91239,94451,80,80,http,2017-07-04T18:05:04.085988Z,192.168.10.19,0,0,1,0,7,[],[],[],[],['GET'],[200],[None],[],[],[],[],['HTTP'],"['', '35fc838ce584c1eb81b3bebe245442d6', '03883e8a1bfa9c8eaa75b174d1b483de', '775e472d446585add7fe7e7603fcadb2', 'eab0294b8adf4c038dbc16aba30cba33', 'f40bccfaa09367fb4832cf7d1a2c473f', '353240ad37d1b084a53b1575f8ce57da']",[],[],"[{'http.method': 'GET', 'http.status_code': 200, 'http.user_agent': None, 'count': 1}]",[],"[{'files.source': 'HTTP', 'file.md5s': {'', '35fc838ce584c1eb81b3bebe245442d6', '03883e8a1bfa9c8eaa75b174d1b483de', '775e472d446585add7fe7e7603fcadb2', 'eab0294b8adf4c038dbc16aba30cba33', 'f40bccfaa09367fb4832cf7d1a2c473f', '353240ad37d1b084a53b1575f8ce57da'}, 'count': 7}]"
104.24.21.85,0x1d00e1,CEJ7kZzkCUqZj2M96,SF,50.024759,3736,5596,50325,46,tcp,42946,45038,80,52,http,2017-07-04T18:05:04.085169Z,192.168.10.19,0,0,1,0,8,[],[],[],[],['GET'],[200],[None],[],[],[],[],['HTTP'],"['', '816fecd6a30127f59ddfccf18bc2df8d', 'd1ad77fdbbcb2d4ae8af2170f6c9d4f9', '4fa26ac9336e22afed27b17747fe73de', 'd40509d73002ecda9fcb767eb9248224', '94c715cf3d5aabe915a95a16d8a9a47b', 'adc547eedec137503a480ebad4f6e1e5', '9828c2356a0c63bd4b80b3a1c2698e19']",[],[],"[{'http.method': 'GET', 'http.status_code': 200, 'http.user_agent': None, 'count': 1}]",[],"[{'files.source': 'HTTP', 'file.md5s': {'', '816fecd6a30127f59ddfccf18bc2df8d', 'd1ad77fdbbcb2d4ae8af2170f6c9d4f9', '4fa26ac9336e22afed27b17747fe73de', 'd40509d73002ecda9fcb767eb9248224', '94c715cf3d5aabe915a95a16d8a9a47b', 'adc547eedec137503a480ebad4f6e1e5', '9828c2356a0c63bd4b80b3a1c2698e19'}, 'count': 8}]"
104.24.21.85,0x1d00eb,Cb2EYm2ilBe5lKRYqa,SF,49.829942,1315,2215,50324,22,tcp,20855,21947,80,27,http,2017-07-04T18:05:04.084734Z,192.168.10.19,0,0,1,0,3,[],[],[],[],['GET'],[200],[None],[],[],[],[],['HTTP'],"['', '9156a36a8e73596cf02df4cdaf361a22']",[],[],"[{'http.method': 'GET', 'http.status_code': 200, 'http.user_agent': None, 'count': 1}]",[],"[{'files.source': 'HTTP', 'file.md5s': {'', '9156a36a8e73596cf02df4cdaf361a22'}, 'count': 3}]"
104.24.21.85,0x2194ac,Ct6Oa61XE4woWccqQ4,SF,49.841522,2832,4412,50326,39,tcp,55198,57210,80,50,http,2017-07-04T18:05:04.085574Z,192.168.10.19,0,0,1,0,6,[],[],[],[],['GET'],[200],[None],[],[],[],[],['HTTP'],"['', '21cf83ddb5e773ca918e868077f8f9d4', 'bcb48547ab4ca73bb8ce6065013660d2', 'd80f4c65e1ca50c49e695de60051721a', '980f3e0e761df99a5e48c4330654843b', '5eae1f7217b606d3580dd70ac840fea1']",[],[],"[{'http.method': 'GET', 'http.status_code': 200, 'http.user_agent': None, 'count': 1}]",[],"[{'files.source': 'HTTP', 'file.md5s': {'', '21cf83ddb5e773ca918e868077f8f9d4', 'bcb48547ab4ca73bb8ce6065013660d2', 'd80f4c65e1ca50c49e695de60051721a', '980f3e0e761df99a5e48c4330654843b', '5eae1f7217b606d3580dd70ac840fea1'}, 'count': 6}]"
